Workbook
Name GoldPoints: #REF!
Name LeagueName: #REF!
Name SilverPoints: #REF!
Name BronzePoints: #REF!

Sheet Leaderboard
B1: 🏆 LEADERBOARD 🏔️
O2: Scoring Table
B3: Rank | C3: Player | D3: Total Pts | E3: Tiebreaker | F3: Diff | G3: Countries Picked | I3: _Player | J3: _Points | K3: _USAGuess | L3: _Diff | M3: _Countries | N3: _SortKey | O3: Tier: | P3: Gold | Q3: Silver | R3: Bronze
B4: =IFERROR(__xludf.DUMMYFUNCTION("ARRAYFORMULA(IF(I4:I33="""","""",{SEQUENCE(COUNTA(FILTER(I4:I33,I4:I33<>""""))),SORT(FILTER(I4:M33,I4:I33<>""""),2,FALSE,4,TRUE)}))"),1.0) -> 1 | C4: =IFERROR(__xludf.DUMMYFUNCTION("""COMPUTED_VALUE"""),"LucasF") -> LucasF | D4: =IFERROR(__xludf.DUMMYFUNCTION("""COMPUTED_VALUE"""),762.0) -> 762 | E4: =IFERROR(__xludf.DUMMYFUNCTION("""COMPUTED_VALUE"""),50.0) -> 50 | F4: =IFERROR(__xludf.DUMMYFUNCTION("""COMPUTED_VALUE"""),50.0) -> 50 | G4: =IFERROR(__xludf.DUMMYFUNCTION("""COMPUTED_VALUE"""),"Germany, Austria, Switzerland, Italy, Finland, Australia, New Zealand, Spain") -> Germany, Austria, Switzerland, Italy, Finland, Australia, New Zealand, Spain | I4: {=IFERROR(INDEX(Entries!$E$2:$E$50,ROW()-3)&"","")} -> King Towsk | J4: =IF(I4="","",SUMIF('Team Scores'!$O$2:$O$401,I4,'Team Scores'!$AA$2:$AA$401)) -> 705 | K4: {=IF(I4="","",IFERROR(INDEX(Entries!$L$2:$L$50,ROW()-3),0))} -> 27 | L4: {=IF(I4="","",ABS(K4-IFERROR(XLOOKUP("United States",'Live Medal Table'!$B$2:$B$94,'Live Medal Table'!$J$2:$J$94,0),0)))} -> 6 | M4: {=IF(I4="","",INDEX(Entries!$F$2:$F$51,ROW()-3)&", "&INDEX(Entries!$M$2:$M$51,ROW()-3)&", "&INDEX(Entries!$N$2:$N$51,ROW()-3)&", "&INDEX(Entries!$H$2:$H$51,ROW()-3)&", "&INDEX(Entries!$I$2:$I$51,ROW()-3)&", "&INDEX(Entries!$J$2:$J$51,ROW()-3)&", "&INDEX(Entries!$O$2:$O$51,ROW()-3)&", "&INDEX(Entries!$P$2:$P$51,ROW()-3))} -> Norway, Austria, Netherlands, Italy, Finland, Australia, New Zealand, Ukraine | N4: =IF(I4="",999999999,J4*-1000000+L4) -> -704999994 | O4: 1 | P4: 3 | Q4: 2 | R4: 1
B5: =IFERROR(__xludf.DUMMYFUNCTION("""COMPUTED_VALUE"""),2.0) -> 2 | C5: =IFERROR(__xludf.DUMMYFUNCTION("""COMPUTED_VALUE"""),"Brad’s Cousin’s Cousin") -> Brad’s Cousin’s Cousin | D5: =IFERROR(__xludf.DUMMYFUNCTION("""COMPUTED_VALUE"""),741.0) -> 741 | E5: =IFERROR(__xludf.DUMMYFUNCTION("""COMPUTED_VALUE"""),25.0) -> 25 | F5: =IFERROR(__xludf.DUMMYFUNCTION("""COMPUTED_VALUE"""),25.0) -> 25 | G5: =IFERROR(__xludf.DUMMYFUNCTION("""COMPUTED_VALUE"""),"Norway, Netherlands, Switzerland, Italy, Finland, Australia, Belgium, New Zealand") -> Norway, Netherlands, Switzerland, Italy, Finland, Australia, Belgium, New Zealand | I5: {=IFERROR(INDEX(Entries!$E$2:$E$50,ROW()-3)&"","")} -> Wyatt | J5: =IF(I5="","",SUMIF('Team Scores'!$O$2:$O$401,I5,'Team Scores'!$AA$2:$AA$401)) -> 497 | K5: {=IF(I5="","",IFERROR(INDEX(Entries!$L$2:$L$50,ROW()-3),0))} -> 27 | L5: {=IF(I5="","",ABS(K5-IFERROR(XLOOKUP("United States",'Live Medal Table'!$B$2:$B$94,'Live Medal Table'!$J$2:$J$94,0),0)))} -> 6 | M5: {=IF(I5="","",INDEX(Entries!$F$2:$F$51,ROW()-3)&", "&INDEX(Entries!$M$2:$M$51,ROW()-3)&", "&INDEX(Entries!$N$2:$N$51,ROW()-3)&", "&INDEX(Entries!$H$2:$H$51,ROW()-3)&", "&INDEX(Entries!$I$2:$I$51,ROW()-3)&", "&INDEX(Entries!$J$2:$J$51,ROW()-3)&", "&INDEX(Entries!$O$2:$O$51,ROW()-3)&", "&INDEX(Entries!$P$2:$P$51,ROW()-3))} -> Canada, Austria, Netherlands, China, Czech Republic, Australia, Croatia, Ukraine | N5: =IF(I5="",999999999,J5*-1000000+L5) -> -496999994 | O5: 2 | P5: 6 | Q5: 4 | R5: 2
B6: =IFERROR(__xludf.DUMMYFUNCTION("""COMPUTED_VALUE"""),3.0) -> 3 | C6: =IFERROR(__xludf.DUMMYFUNCTION("""COMPUTED_VALUE"""),"King Towsk") -> King Towsk | D6: =IFERROR(__xludf.DUMMYFUNCTION("""COMPUTED_VALUE"""),705.0) -> 705 | E6: =IFERROR(__xludf.DUMMYFUNCTION("""COMPUTED_VALUE"""),27.0) -> 27 | F6: =IFERROR(__xludf.DUMMYFUNCTION("""COMPUTED_VALUE"""),6.0) -> 6 | G6: =IFERROR(__xludf.DUMMYFUNCTION("""COMPUTED_VALUE"""),"Norway, Austria, Netherlands, Italy, Finland, Australia, New Zealand, Ukraine") -> Norway, Austria, Netherlands, Italy, Finland, Australia, New Zealand, Ukraine | I6: {=IFERROR(INDEX(Entries!$E$2:$E$50,ROW()-3)&"","")} -> Jack Jansen | J6: =IF(I6="","",SUMIF('Team Scores'!$O$2:$O$401,I6,'Team Scores'!$AA$2:$AA$401)) -> 582 | K6: {=IF(I6="","",IFERROR(INDEX(Entries!$L$2:$L$50,ROW()-3),0))} -> 52 | L6: {=IF(I6="","",ABS(K6-IFERROR(XLOOKUP("United States",'Live Medal Table'!$B$2:$B$94,'Live Medal Table'!$J$2:$J$94,0),0)))} -> 19 | M6: {=IF(I6="","",INDEX(Entries!$F$2:$F$51,ROW()-3)&", "&INDEX(Entries!$M$2:$M$51,ROW()-3)&", "&INDEX(Entries!$N$2:$N$51,ROW()-3)&", "&INDEX(Entries!$H$2:$H$51,ROW()-3)&", "&INDEX(Entries!$I$2:$I$51,ROW()-3)&", "&INDEX(Entries!$J$2:$J$51,ROW()-3)&", "&INDEX(Entries!$O$2:$O$51,ROW()-3)&", "&INDEX(Entries!$P$2:$P$51,ROW()-3))} -> Norway, Netherlands, Sweden, Japan, Czech Republic, Poland, Belgium, Denmark | N6: =IF(I6="",999999999,J6*-1000000+L6) -> -581999981 | O6: 3 | P6: 9 | Q6: 6 | R6: 3
B7: =IFERROR(__xludf.DUMMYFUNCTION("""COMPUTED_VALUE"""),4.0) -> 4 | C7: =IFERROR(__xludf.DUMMYFUNCTION("""COMPUTED_VALUE"""),"Reb") -> Reb | D7: =IFERROR(__xludf.DUMMYFUNCTION("""COMPUTED_VALUE"""),680.0) -> 680 | E7: =IFERROR(__xludf.DUMMYFUNCTION("""COMPUTED_VALUE"""),65.0) -> 65 | F7: =IFERROR(__xludf.DUMMYFUNCTION("""COMPUTED_VALUE"""),65.0) -> 65 | G7: =IFERROR(__xludf.DUMMYFUNCTION("""COMPUTED_VALUE"""),"Germany, Netherlands, Sweden, Italy, Czech Republic, Great Britain, Denmark, Kazakhstan") -> Germany, Netherlands, Sweden, Italy, Czech Republic, Great Britain, Denmark, Kazakhstan | I7: {=IFERROR(INDEX(Entries!$E$2:$E$50,ROW()-3)&"","")} -> Charlie | J7: =IF(I7="","",SUMIF('Team Scores'!$O$2:$O$401,I7,'Team Scores'!$AA$2:$AA$401)) -> 570 | K7: {=IF(I7="","",IFERROR(INDEX(Entries!$L$2:$L$50,ROW()-3),0))} -> 29 | L7: =IF(I7="","",ABS(K7-$F$2)) -> 29 | M7: {=IF(I7="","",INDEX(Entries!$F$2:$F$51,ROW()-3)&", "&INDEX(Entries!$M$2:$M$51,ROW()-3)&", "&INDEX(Entries!$N$2:$N$51,ROW()-3)&", "&INDEX(Entries!$H$2:$H$51,ROW()-3)&", "&INDEX(Entries!$I$2:$I$51,ROW()-3)&", "&INDEX(Entries!$J$2:$J$51,ROW()-3)&", "&INDEX(Entries!$O$2:$O$51,ROW()-3)&", "&INDEX(Entries!$P$2:$P$51,ROW()-3))} -> Norway, Austria, Sweden, Japan, Czech Republic, Australia, Chile, Chinese Taipei | N7: =IF(I7="",999999999,J7*-1000000+L7) -> -569999971 | O7: 4 | P7: 18 | Q7: 12 | R7: 6
B8: =IFERROR(__xludf.DUMMYFUNCTION("""COMPUTED_VALUE"""),5.0) -> 5 | C8: =IFERROR(__xludf.DUMMYFUNCTION("""COMPUTED_VALUE"""),"Murph") -> Murph | D8: =IFERROR(__xludf.DUMMYFUNCTION("""COMPUTED_VALUE"""),676.0) -> 676 | E8: =IFERROR(__xludf.DUMMYFUNCTION("""COMPUTED_VALUE"""),25.0) -> 25 | F8: =IFERROR(__xludf.DUMMYFUNCTION("""COMPUTED_VALUE"""),25.0) -> 25 | G8: =IFERROR(__xludf.DUMMYFUNCTION("""COMPUTED_VALUE"""),"Norway, Netherlands, Switzerland, Japan, Finland, Great Britain, Belgium, Spain") -> Norway, Netherlands, Switzerland, Japan, Finland, Great Britain, Belgium, Spain | I8: {=IFERROR(INDEX(Entries!$E$2:$E$50,ROW()-3)&"","")} -> Murph | J8: =IF(I8="","",SUMIF('Team Scores'!$O$2:$O$401,I8,'Team Scores'!$AA$2:$AA$401)) -> 676 | K8: {=IF(I8="","",IFERROR(INDEX(Entries!$L$2:$L$50,ROW()-3),0))} -> 25 | L8: =IF(I8="","",ABS(K8-$F$2)) -> 25 | M8: {=IF(I8="","",INDEX(Entries!$F$2:$F$51,ROW()-3)&", "&INDEX(Entries!$M$2:$M$51,ROW()-3)&", "&INDEX(Entries!$N$2:$N$51,ROW()-3)&", "&INDEX(Entries!$H$2:$H$51,ROW()-3)&", "&INDEX(Entries!$I$2:$I$51,ROW()-3)&", "&INDEX(Entries!$J$2:$J$51,ROW()-3)&", "&INDEX(Entries!$O$2:$O$51,ROW()-3)&", "&INDEX(Entries!$P$2:$P$51,ROW()-3))} -> Norway, Netherlands, Switzerland, Japan, Finland, Great Britain, Belgium, Spain | N8: =IF(I8="",999999999,J8*-1000000+L8) -> -675999975 | O8: 5 | P8: 30 | Q8: 20 | R8: 10
B9: =IFERROR(__xludf.DUMMYFUNCTION("""COMPUTED_VALUE"""),6.0) -> 6 | C9: =IFERROR(__xludf.DUMMYFUNCTION("""COMPUTED_VALUE"""),"Bryan Jakobsze🇵🇱") -> Bryan Jakobsze🇵🇱 | D9: =IFERROR(__xludf.DUMMYFUNCTION("""COMPUTED_VALUE"""),669.0) -> 669 | E9: =IFERROR(__xludf.DUMMYFUNCTION("""COMPUTED_VALUE"""),29.0) -> 29 | F9: =IFERROR(__xludf.DUMMYFUNCTION("""COMPUTED_VALUE"""),29.0) -> 29 | G9: =IFERROR(__xludf.DUMMYFUNCTION("""COMPUTED_VALUE"""),"Norway, France, Netherlands, Italy, Finland, Great Britain, Kazakhstan, Ukraine") -> Norway, France, Netherlands, Italy, Finland, Great Britain, Kazakhstan, Ukraine | I9: {=IFERROR(INDEX(Entries!$E$2:$E$50,ROW()-3)&"","")} -> Josh’s Dawgs | J9: =IF(I9="","",SUMIF('Team Scores'!$O$2:$O$401,I9,'Team Scores'!$AA$2:$AA$401)) -> 464 | K9: {=IF(I9="","",IFERROR(INDEX(Entries!$L$2:$L$50,ROW()-3),0))} -> 200 | L9: =IF(I9="","",ABS(K9-$F$2)) -> 200 | M9: {=IF(I9="","",INDEX(Entries!$F$2:$F$51,ROW()-3)&", "&INDEX(Entries!$M$2:$M$51,ROW()-3)&", "&INDEX(Entries!$N$2:$N$51,ROW()-3)&", "&INDEX(Entries!$H$2:$H$51,ROW()-3)&", "&INDEX(Entries!$I$2:$I$51,ROW()-3)&", "&INDEX(Entries!$J$2:$J$51,ROW()-3)&", "&INDEX(Entries!$O$2:$O$51,ROW()-3)&", "&INDEX(Entries!$P$2:$P$51,ROW()-3))} -> United States, France, Sweden, China, Finland, Poland, Belgium, Ukraine | N9: =IF(I9="",999999999,J9*-1000000+L9) -> -463999800 | O9: 6 | P9: 60 | Q9: 40 | R9: 20
B10: =IFERROR(__xludf.DUMMYFUNCTION("""COMPUTED_VALUE"""),7.0) -> 7 | C10: =IFERROR(__xludf.DUMMYFUNCTION("""COMPUTED_VALUE"""),"SMAC") -> SMAC | D10: =IFERROR(__xludf.DUMMYFUNCTION("""COMPUTED_VALUE"""),651.0) -> 651 | E10: =IFERROR(__xludf.DUMMYFUNCTION("""COMPUTED_VALUE"""),27.0) -> 27 | F10: =IFERROR(__xludf.DUMMYFUNCTION("""COMPUTED_VALUE"""),27.0) -> 27 | G10: =IFERROR(__xludf.DUMMYFUNCTION("""COMPUTED_VALUE"""),"Norway, Netherlands, Switzerland, Italy, Finland, Poland, Spain, Ukraine") -> Norway, Netherlands, Switzerland, Italy, Finland, Poland, Spain, Ukraine | I10: {=IFERROR(INDEX(Entries!$E$2:$E$50,ROW()-3)&"","")} -> bgreen | J10: =IF(I10="","",SUMIF('Team Scores'!$O$2:$O$401,I10,'Team Scores'!$AA$2:$AA$401)) -> 611 | K10: {=IF(I10="","",IFERROR(INDEX(Entries!$L$2:$L$50,ROW()-3),0))} -> 29 | L10: =IF(I10="","",ABS(K10-$F$2)) -> 29 | M10: {=IF(I10="","",INDEX(Entries!$F$2:$F$51,ROW()-3)&", "&INDEX(Entries!$M$2:$M$51,ROW()-3)&", "&INDEX(Entries!$N$2:$N$51,ROW()-3)&", "&INDEX(Entries!$H$2:$H$51,ROW()-3)&", "&INDEX(Entries!$I$2:$I$51,ROW()-3)&", "&INDEX(Entries!$J$2:$J$51,ROW()-3)&", "&INDEX(Entries!$O$2:$O$51,ROW()-3)&", "&INDEX(Entries!$P$2:$P$51,ROW()-3))} -> Norway, Austria, Sweden, Italy, Finland, Great Britain, Estonia, Ukraine | N10: =IF(I10="",999999999,J10*-1000000+L10) -> -610999971
B11: =IFERROR(__xludf.DUMMYFUNCTION("""COMPUTED_VALUE"""),8.0) -> 8 | C11: =IFERROR(__xludf.DUMMYFUNCTION("""COMPUTED_VALUE"""),"Mark Mattson") -> Mark Mattson | D11: =IFERROR(__xludf.DUMMYFUNCTION("""COMPUTED_VALUE"""),647.0) -> 647 | E11: =IFERROR(__xludf.DUMMYFUNCTION("""COMPUTED_VALUE"""),27.0) -> 27 | F11: =IFERROR(__xludf.DUMMYFUNCTION("""COMPUTED_VALUE"""),27.0) -> 27 | G11: =IFERROR(__xludf.DUMMYFUNCTION("""COMPUTED_VALUE"""),"United States, Netherlands, Sweden, Italy, Czech Republic, Poland, Ireland, Spain") -> United States, Netherlands, Sweden, Italy, Czech Republic, Poland, Ireland, Spain | I11: {=IFERROR(INDEX(Entries!$E$2:$E$50,ROW()-3)&"","")} -> kborst13 | J11: =IF(I11="","",SUMIF('Team Scores'!$O$2:$O$401,I11,'Team Scores'!$AA$2:$AA$401)) -> 564 | K11: {=IF(I11="","",IFERROR(INDEX(Entries!$L$2:$L$50,ROW()-3),0))} -> 47 | L11: =IF(I11="","",ABS(K11-$F$2)) -> 47 | M11: {=IF(I11="","",INDEX(Entries!$F$2:$F$51,ROW()-3)&", "&INDEX(Entries!$M$2:$M$51,ROW()-3)&", "&INDEX(Entries!$N$2:$N$51,ROW()-3)&", "&INDEX(Entries!$H$2:$H$51,ROW()-3)&", "&INDEX(Entries!$I$2:$I$51,ROW()-3)&", "&INDEX(Entries!$J$2:$J$51,ROW()-3)&", "&INDEX(Entries!$O$2:$O$51,ROW()-3)&", "&INDEX(Entries!$P$2:$P$51,ROW()-3))} -> Norway, Austria, Netherlands, China, Finland, Great Britain, Belgium, Estonia | N11: =IF(I11="",999999999,J11*-1000000+L11) -> -563999953 | O11: {="USA Total Medal Count = "&IFERROR(XLOOKUP("United States",'Live Medal Table'!$B$2:$B$94,'Live Medal Table'!$J$2:$J$94,0),0)} -> USA Total Medal Count = 33
A12: View Player Rosters and Scores | B12: =IFERROR(__xludf.DUMMYFUNCTION("""COMPUTED_VALUE"""),9.0) -> 9 | C12: =IFERROR(__xludf.DUMMYFUNCTION("""COMPUTED_VALUE"""),"A taco93") -> A taco93 | D12: =IFERROR(__xludf.DUMMYFUNCTION("""COMPUTED_VALUE"""),646.0) -> 646 | E12: =IFERROR(__xludf.DUMMYFUNCTION("""COMPUTED_VALUE"""),27.0) -> 27 | F12: =IFERROR(__xludf.DUMMYFUNCTION("""COMPUTED_VALUE"""),27.0) -> 27 | G12: =IFERROR(__xludf.DUMMYFUNCTION("""COMPUTED_VALUE"""),"United States, Sweden, Switzerland, China, Finland, Australia, Estonia, New Zealand") -> United States, Sweden, Switzerland, China, Finland, Australia, Estonia, New Zealand | I12: {=IFERROR(INDEX(Entries!$E$2:$E$50,ROW()-3)&"","")} -> SMAC | J12: =IF(I12="","",SUMIF('Team Scores'!$O$2:$O$401,I12,'Team Scores'!$AA$2:$AA$401)) -> 651 | K12: {=IF(I12="","",IFERROR(INDEX(Entries!$L$2:$L$50,ROW()-3),0))} -> 27 | L12: =IF(I12="","",ABS(K12-$F$2)) -> 27 | M12: {=IF(I12="","",INDEX(Entries!$F$2:$F$51,ROW()-3)&", "&INDEX(Entries!$M$2:$M$51,ROW()-3)&", "&INDEX(Entries!$N$2:$N$51,ROW()-3)&", "&INDEX(Entries!$H$2:$H$51,ROW()-3)&", "&INDEX(Entries!$I$2:$I$51,ROW()-3)&", "&INDEX(Entries!$J$2:$J$51,ROW()-3)&", "&INDEX(Entries!$O$2:$O$51,ROW()-3)&", "&INDEX(Entries!$P$2:$P$51,ROW()-3))} -> Norway, Netherlands, Switzerland, Italy, Finland, Poland, Spain, Ukraine | N12: =IF(I12="",999999999,J12*-1000000+L12) -> -650999973
B13: =IFERROR(__xludf.DUMMYFUNCTION("""COMPUTED_VALUE"""),10.0) -> 10 | C13: =IFERROR(__xludf.DUMMYFUNCTION("""COMPUTED_VALUE"""),"Molly ") -> Molly | D13: =IFERROR(__xludf.DUMMYFUNCTION("""COMPUTED_VALUE"""),645.0) -> 645 | E13: =IFERROR(__xludf.DUMMYFUNCTION("""COMPUTED_VALUE"""),26.0) -> 26 | F13: =IFERROR(__xludf.DUMMYFUNCTION("""COMPUTED_VALUE"""),26.0) -> 26 | G13: =IFERROR(__xludf.DUMMYFUNCTION("""COMPUTED_VALUE"""),"Norway, Austria, Netherlands, Italy, Finland, Great Britain, Kazakhstan, Ukraine") -> Norway, Austria, Netherlands, Italy, Finland, Great Britain, Kazakhstan, Ukraine | I13: {=IFERROR(INDEX(Entries!$E$2:$E$50,ROW()-3)&"","")} -> Pat Doherty | J13: =IF(I13="","",SUMIF('Team Scores'!$O$2:$O$401,I13,'Team Scores'!$AA$2:$AA$401)) -> 621 | K13: {=IF(I13="","",IFERROR(INDEX(Entries!$L$2:$L$50,ROW()-3),0))} -> 52 | L13: =IF(I13="","",ABS(K13-$F$2)) -> 52 | M13: {=IF(I13="","",INDEX(Entries!$F$2:$F$51,ROW()-3)&", "&INDEX(Entries!$M$2:$M$51,ROW()-3)&", "&INDEX(Entries!$N$2:$N$51,ROW()-3)&", "&INDEX(Entries!$H$2:$H$51,ROW()-3)&", "&INDEX(Entries!$I$2:$I$51,ROW()-3)&", "&INDEX(Entries!$J$2:$J$51,ROW()-3)&", "&INDEX(Entries!$O$2:$O$51,ROW()-3)&", "&INDEX(Entries!$P$2:$P$51,ROW()-3))} -> Norway, Netherlands, Switzerland, Italy, Finland, Great Britain, Belgium, Hungary | N13: =IF(I13="",999999999,J13*-1000000+L13) -> -620999948
A14: View Live Medal Table | B14: =IFERROR(__xludf.DUMMYFUNCTION("""COMPUTED_VALUE"""),11.0) -> 11 | C14: =IFERROR(__xludf.DUMMYFUNCTION("""COMPUTED_VALUE"""),"SilkMaster420") -> SilkMaster420 | D14: =IFERROR(__xludf.DUMMYFUNCTION("""COMPUTED_VALUE"""),623.0) -> 623 | E14: =IFERROR(__xludf.DUMMYFUNCTION("""COMPUTED_VALUE"""),45.0) -> 45 | F14: =IFERROR(__xludf.DUMMYFUNCTION("""COMPUTED_VALUE"""),45.0) -> 45 | G14: =IFERROR(__xludf.DUMMYFUNCTION("""COMPUTED_VALUE"""),"Norway, Netherlands, Sweden, Italy, Finland, Poland, Bulgaria, Denmark") -> Norway, Netherlands, Sweden, Italy, Finland, Poland, Bulgaria, Denmark | I14: {=IFERROR(INDEX(Entries!$E$2:$E$50,ROW()-3)&"","")} -> Reb | J14: =IF(I14="","",SUMIF('Team Scores'!$O$2:$O$401,I14,'Team Scores'!$AA$2:$AA$401)) -> 680 | K14: {=IF(I14="","",IFERROR(INDEX(Entries!$L$2:$L$50,ROW()-3),0))} -> 65 | L14: =IF(I14="","",ABS(K14-$F$2)) -> 65 | M14: {=IF(I14="","",INDEX(Entries!$F$2:$F$51,ROW()-3)&", "&INDEX(Entries!$M$2:$M$51,ROW()-3)&", "&INDEX(Entries!$N$2:$N$51,ROW()-3)&", "&INDEX(Entries!$H$2:$H$51,ROW()-3)&", "&INDEX(Entries!$I$2:$I$51,ROW()-3)&", "&INDEX(Entries!$J$2:$J$51,ROW()-3)&", "&INDEX(Entries!$O$2:$O$51,ROW()-3)&", "&INDEX(Entries!$P$2:$P$51,ROW()-3))} -> Germany, Netherlands, Sweden, Italy, Czech Republic, Great Britain, Denmark, Kazakhstan | N14: =IF(I14="",999999999,J14*-1000000+L14) -> -679999935
B15: =IFERROR(__xludf.DUMMYFUNCTION("""COMPUTED_VALUE"""),12.0) -> 12 | C15: =IFERROR(__xludf.DUMMYFUNCTION("""COMPUTED_VALUE"""),"Pat Doherty") -> Pat Doherty | D15: =IFERROR(__xludf.DUMMYFUNCTION("""COMPUTED_VALUE"""),621.0) -> 621 | E15: =IFERROR(__xludf.DUMMYFUNCTION("""COMPUTED_VALUE"""),52.0) -> 52 | F15: =IFERROR(__xludf.DUMMYFUNCTION("""COMPUTED_VALUE"""),52.0) -> 52 | G15: =IFERROR(__xludf.DUMMYFUNCTION("""COMPUTED_VALUE"""),"Norway, Netherlands, Switzerland, Italy, Finland, Great Britain, Belgium, Hungary") -> Norway, Netherlands, Switzerland, Italy, Finland, Great Britain, Belgium, Hungary | I15: {=IFERROR(INDEX(Entries!$E$2:$E$50,ROW()-3)&"","")} -> Siri | J15: =IF(I15="","",SUMIF('Team Scores'!$O$2:$O$401,I15,'Team Scores'!$AA$2:$AA$401)) -> 550 | K15: {=IF(I15="","",IFERROR(INDEX(Entries!$L$2:$L$50,ROW()-3),0))} -> 67 | L15: =IF(I15="","",ABS(K15-$F$2)) -> 67 | M15: {=IF(I15="","",INDEX(Entries!$F$2:$F$51,ROW()-3)&", "&INDEX(Entries!$M$2:$M$51,ROW()-3)&", "&INDEX(Entries!$N$2:$N$51,ROW()-3)&", "&INDEX(Entries!$H$2:$H$51,ROW()-3)&", "&INDEX(Entries!$I$2:$I$51,ROW()-3)&", "&INDEX(Entries!$J$2:$J$51,ROW()-3)&", "&INDEX(Entries!$O$2:$O$51,ROW()-3)&", "&INDEX(Entries!$P$2:$P$51,ROW()-3))} -> United States, Netherlands, Switzerland, China, Finland, Poland, New Zealand, Ukraine | N15: =IF(I15="",999999999,J15*-1000000+L15) -> -549999933
B16: =IFERROR(__xludf.DUMMYFUNCTION("""COMPUTED_VALUE"""),13.0) -> 13 | C16: =IFERROR(__xludf.DUMMYFUNCTION("""COMPUTED_VALUE"""),"bgreen") -> bgreen | D16: =IFERROR(__xludf.DUMMYFUNCTION("""COMPUTED_VALUE"""),611.0) -> 611 | E16: =IFERROR(__xludf.DUMMYFUNCTION("""COMPUTED_VALUE"""),29.0) -> 29 | F16: =IFERROR(__xludf.DUMMYFUNCTION("""COMPUTED_VALUE"""),29.0) -> 29 | G16: =IFERROR(__xludf.DUMMYFUNCTION("""COMPUTED_VALUE"""),"Norway, Austria, Sweden, Italy, Finland, Great Britain, Estonia, Ukraine") -> Norway, Austria, Sweden, Italy, Finland, Great Britain, Estonia, Ukraine | I16: {=IFERROR(INDEX(Entries!$E$2:$E$50,ROW()-3)&"","")} -> SilkMaster420 | J16: =IF(I16="","",SUMIF('Team Scores'!$O$2:$O$401,I16,'Team Scores'!$AA$2:$AA$401)) -> 623 | K16: {=IF(I16="","",IFERROR(INDEX(Entries!$L$2:$L$50,ROW()-3),0))} -> 45 | L16: =IF(I16="","",ABS(K16-$F$2)) -> 45 | M16: {=IF(I16="","",INDEX(Entries!$F$2:$F$51,ROW()-3)&", "&INDEX(Entries!$M$2:$M$51,ROW()-3)&", "&INDEX(Entries!$N$2:$N$51,ROW()-3)&", "&INDEX(Entries!$H$2:$H$51,ROW()-3)&", "&INDEX(Entries!$I$2:$I$51,ROW()-3)&", "&INDEX(Entries!$J$2:$J$51,ROW()-3)&", "&INDEX(Entries!$O$2:$O$51,ROW()-3)&", "&INDEX(Entries!$P$2:$P$51,ROW()-3))} -> Norway, Netherlands, Sweden, Italy, Finland, Poland, Bulgaria, Denmark | N16: =IF(I16="",999999999,J16*-1000000+L16) -> -622999955
B17: =IFERROR(__xludf.DUMMYFUNCTION("""COMPUTED_VALUE"""),14.0) -> 14 | C17: =IFERROR(__xludf.DUMMYFUNCTION("""COMPUTED_VALUE"""),"Jack Jansen") -> Jack Jansen | D17: =IFERROR(__xludf.DUMMYFUNCTION("""COMPUTED_VALUE"""),582.0) -> 582 | E17: =IFERROR(__xludf.DUMMYFUNCTION("""COMPUTED_VALUE"""),52.0) -> 52 | F17: =IFERROR(__xludf.DUMMYFUNCTION("""COMPUTED_VALUE"""),19.0) -> 19 | G17: =IFERROR(__xludf.DUMMYFUNCTION("""COMPUTED_VALUE"""),"Norway, Netherlands, Sweden, Japan, Czech Republic, Poland, Belgium, Denmark") -> Norway, Netherlands, Sweden, Japan, Czech Republic, Poland, Belgium, Denmark | I17: {=IFERROR(INDEX(Entries!$E$2:$E$50,ROW()-3)&"","")} -> A taco93 | J17: =IF(I17="","",SUMIF('Team Scores'!$O$2:$O$401,I17,'Team Scores'!$AA$2:$AA$401)) -> 646 | K17: {=IF(I17="","",IFERROR(INDEX(Entries!$L$2:$L$50,ROW()-3),0))} -> 27 | L17: =IF(I17="","",ABS(K17-$F$2)) -> 27 | M17: {=IF(I17="","",INDEX(Entries!$F$2:$F$51,ROW()-3)&", "&INDEX(Entries!$M$2:$M$51,ROW()-3)&", "&INDEX(Entries!$N$2:$N$51,ROW()-3)&", "&INDEX(Entries!$H$2:$H$51,ROW()-3)&", "&INDEX(Entries!$I$2:$I$51,ROW()-3)&", "&INDEX(Entries!$J$2:$J$51,ROW()-3)&", "&INDEX(Entries!$O$2:$O$51,ROW()-3)&", "&INDEX(Entries!$P$2:$P$51,ROW()-3))} -> United States, Sweden, Switzerland, China, Finland, Australia, Estonia, New Zealand | N17: =IF(I17="",999999999,J17*-1000000+L17) -> -645999973
B18: =IFERROR(__xludf.DUMMYFUNCTION("""COMPUTED_VALUE"""),15.0) -> 15 | C18: =IFERROR(__xludf.DUMMYFUNCTION("""COMPUTED_VALUE"""),"Jennie") -> Jennie | D18: =IFERROR(__xludf.DUMMYFUNCTION("""COMPUTED_VALUE"""),571.0) -> 571 | E18: =IFERROR(__xludf.DUMMYFUNCTION("""COMPUTED_VALUE"""),25.0) -> 25 | F18: =IFERROR(__xludf.DUMMYFUNCTION("""COMPUTED_VALUE"""),25.0) -> 25 | G18: =IFERROR(__xludf.DUMMYFUNCTION("""COMPUTED_VALUE"""),"United States, Austria, Sweden, Italy, Finland, Australia, Croatia, Ukraine") -> United States, Austria, Sweden, Italy, Finland, Australia, Croatia, Ukraine | I18: {=IFERROR(INDEX(Entries!$E$2:$E$50,ROW()-3)&"","")} -> Mark Mattson | J18: =IF(I18="","",SUMIF('Team Scores'!$O$2:$O$401,I18,'Team Scores'!$AA$2:$AA$401)) -> 647 | K18: {=IF(I18="","",IFERROR(INDEX(Entries!$L$2:$L$50,ROW()-3),0))} -> 27 | L18: =IF(I18="","",ABS(K18-$F$2)) -> 27 | M18: {=IF(I18="","",INDEX(Entries!$F$2:$F$51,ROW()-3)&", "&INDEX(Entries!$M$2:$M$51,ROW()-3)&", "&INDEX(Entries!$N$2:$N$51,ROW()-3)&", "&INDEX(Entries!$H$2:$H$51,ROW()-3)&", "&INDEX(Entries!$I$2:$I$51,ROW()-3)&", "&INDEX(Entries!$J$2:$J$51,ROW()-3)&", "&INDEX(Entries!$O$2:$O$51,ROW()-3)&", "&INDEX(Entries!$P$2:$P$51,ROW()-3))} -> United States, Netherlands, Sweden, Italy, Czech Republic, Poland, Ireland, Spain | N18: =IF(I18="",999999999,J18*-1000000+L18) -> -646999973
B19: =IFERROR(__xludf.DUMMYFUNCTION("""COMPUTED_VALUE"""),16.0) -> 16 | C19: =IFERROR(__xludf.DUMMYFUNCTION("""COMPUTED_VALUE"""),"Charlie ") -> Charlie | D19: =IFERROR(__xludf.DUMMYFUNCTION("""COMPUTED_VALUE"""),570.0) -> 570 | E19: =IFERROR(__xludf.DUMMYFUNCTION("""COMPUTED_VALUE"""),29.0) -> 29 | F19: =IFERROR(__xludf.DUMMYFUNCTION("""COMPUTED_VALUE"""),29.0) -> 29 | G19: =IFERROR(__xludf.DUMMYFUNCTION("""COMPUTED_VALUE"""),"Norway, Austria, Sweden, Japan, Czech Republic, Australia, Chile, Chinese Taipei") -> Norway, Austria, Sweden, Japan, Czech Republic, Australia, Chile, Chinese Taipei | I19: {=IFERROR(INDEX(Entries!$E$2:$E$50,ROW()-3)&"","")} -> Tate McRae | J19: =IF(I19="","",SUMIF('Team Scores'!$O$2:$O$401,I19,'Team Scores'!$AA$2:$AA$401)) -> 470 | K19: {=IF(I19="","",IFERROR(INDEX(Entries!$L$2:$L$50,ROW()-3),0))} -> 23 | L19: =IF(I19="","",ABS(K19-$F$2)) -> 23 | M19: {=IF(I19="","",INDEX(Entries!$F$2:$F$51,ROW()-3)&", "&INDEX(Entries!$M$2:$M$51,ROW()-3)&", "&INDEX(Entries!$N$2:$N$51,ROW()-3)&", "&INDEX(Entries!$H$2:$H$51,ROW()-3)&", "&INDEX(Entries!$I$2:$I$51,ROW()-3)&", "&INDEX(Entries!$J$2:$J$51,ROW()-3)&", "&INDEX(Entries!$O$2:$O$51,ROW()-3)&", "&INDEX(Entries!$P$2:$P$51,ROW()-3))} -> United States, France, Sweden, Japan, Finland, Slovakia, Kazakhstan, Ukraine | N19: =IF(I19="",999999999,J19*-1000000+L19) -> -469999977
B20: =IFERROR(__xludf.DUMMYFUNCTION("""COMPUTED_VALUE"""),17.0) -> 17 | C20: =IFERROR(__xludf.DUMMYFUNCTION("""COMPUTED_VALUE"""),"kborst13") -> kborst13 | D20: =IFERROR(__xludf.DUMMYFUNCTION("""COMPUTED_VALUE"""),564.0) -> 564 | E20: =IFERROR(__xludf.DUMMYFUNCTION("""COMPUTED_VALUE"""),47.0) -> 47 | F20: =IFERROR(__xludf.DUMMYFUNCTION("""COMPUTED_VALUE"""),47.0) -> 47 | G20: =IFERROR(__xludf.DUMMYFUNCTION("""COMPUTED_VALUE"""),"Norway, Austria, Netherlands, China, Finland, Great Britain, Belgium, Estonia") -> Norway, Austria, Netherlands, China, Finland, Great Britain, Belgium, Estonia | I20: {=IFERROR(INDEX(Entries!$E$2:$E$50,ROW()-3)&"","")} -> LucasF | J20: =IF(I20="","",SUMIF('Team Scores'!$O$2:$O$401,I20,'Team Scores'!$AA$2:$AA$401)) -> 762 | K20: {=IF(I20="","",IFERROR(INDEX(Entries!$L$2:$L$50,ROW()-3),0))} -> 50 | L20: =IF(I20="","",ABS(K20-$F$2)) -> 50 | M20: {=IF(I20="","",INDEX(Entries!$F$2:$F$51,ROW()-3)&", "&INDEX(Entries!$M$2:$M$51,ROW()-3)&", "&INDEX(Entries!$N$2:$N$51,ROW()-3)&", "&INDEX(Entries!$H$2:$H$51,ROW()-3)&", "&INDEX(Entries!$I$2:$I$51,ROW()-3)&", "&INDEX(Entries!$J$2:$J$51,ROW()-3)&", "&INDEX(Entries!$O$2:$O$51,ROW()-3)&", "&INDEX(Entries!$P$2:$P$51,ROW()-3))} -> Germany, Austria, Switzerland, Italy, Finland, Australia, New Zealand, Spain | N20: =IF(I20="",999999999,J20*-1000000+L20) -> -761999950
B21: =IFERROR(__xludf.DUMMYFUNCTION("""COMPUTED_VALUE"""),18.0) -> 18 | C21: =IFERROR(__xludf.DUMMYFUNCTION("""COMPUTED_VALUE"""),"Siri") -> Siri | D21: =IFERROR(__xludf.DUMMYFUNCTION("""COMPUTED_VALUE"""),550.0) -> 550 | E21: =IFERROR(__xludf.DUMMYFUNCTION("""COMPUTED_VALUE"""),67.0) -> 67 | F21: =IFERROR(__xludf.DUMMYFUNCTION("""COMPUTED_VALUE"""),67.0) -> 67 | G21: =IFERROR(__xludf.DUMMYFUNCTION("""COMPUTED_VALUE"""),"United States, Netherlands, Switzerland, China, Finland, Poland, New Zealand, Ukraine") -> United States, Netherlands, Switzerland, China, Finland, Poland, New Zealand, Ukraine | I21: {=IFERROR(INDEX(Entries!$E$2:$E$50,ROW()-3)&"","")} -> Bryan Jakobsze🇵🇱 | J21: =IF(I21="","",SUMIF('Team Scores'!$O$2:$O$401,I21,'Team Scores'!$AA$2:$AA$401)) -> 669 | K21: {=IF(I21="","",IFERROR(INDEX(Entries!$L$2:$L$50,ROW()-3),0))} -> 29 | L21: =IF(I21="","",ABS(K21-$F$2)) -> 29 | M21: {=IF(I21="","",INDEX(Entries!$F$2:$F$51,ROW()-3)&", "&INDEX(Entries!$M$2:$M$51,ROW()-3)&", "&INDEX(Entries!$N$2:$N$51,ROW()-3)&", "&INDEX(Entries!$H$2:$H$51,ROW()-3)&", "&INDEX(Entries!$I$2:$I$51,ROW()-3)&", "&INDEX(Entries!$J$2:$J$51,ROW()-3)&", "&INDEX(Entries!$O$2:$O$51,ROW()-3)&", "&INDEX(Entries!$P$2:$P$51,ROW()-3))} -> Norway, France, Netherlands, Italy, Finland, Great Britain, Kazakhstan, Ukraine | N21: =IF(I21="",999999999,J21*-1000000+L21) -> -668999971
B22: =IFERROR(__xludf.DUMMYFUNCTION("""COMPUTED_VALUE"""),19.0) -> 19 | C22: =IFERROR(__xludf.DUMMYFUNCTION("""COMPUTED_VALUE"""),"Wyatt") -> Wyatt | D22: =IFERROR(__xludf.DUMMYFUNCTION("""COMPUTED_VALUE"""),497.0) -> 497 | E22: =IFERROR(__xludf.DUMMYFUNCTION("""COMPUTED_VALUE"""),27.0) -> 27 | F22: =IFERROR(__xludf.DUMMYFUNCTION("""COMPUTED_VALUE"""),6.0) -> 6 | G22: =IFERROR(__xludf.DUMMYFUNCTION("""COMPUTED_VALUE"""),"Canada, Austria, Netherlands, China, Czech Republic, Australia, Croatia, Ukraine") -> Canada, Austria, Netherlands, China, Czech Republic, Australia, Croatia, Ukraine | I22: {=IFERROR(INDEX(Entries!$E$2:$E$50,ROW()-3)&"","")} -> Wicks | J22: =IF(I22="","",SUMIF('Team Scores'!$O$2:$O$401,I22,'Team Scores'!$AA$2:$AA$401)) -> 458 | K22: {=IF(I22="","",IFERROR(INDEX(Entries!$L$2:$L$50,ROW()-3),0))} -> 26 | L22: =IF(I22="","",ABS(K22-$F$2)) -> 26 | M22: {=IF(I22="","",INDEX(Entries!$F$2:$F$51,ROW()-3)&", "&INDEX(Entries!$M$2:$M$51,ROW()-3)&", "&INDEX(Entries!$N$2:$N$51,ROW()-3)&", "&INDEX(Entries!$H$2:$H$51,ROW()-3)&", "&INDEX(Entries!$I$2:$I$51,ROW()-3)&", "&INDEX(Entries!$J$2:$J$51,ROW()-3)&", "&INDEX(Entries!$O$2:$O$51,ROW()-3)&", "&INDEX(Entries!$P$2:$P$51,ROW()-3))} -> Norway, Netherlands, South Korea, Japan, Finland, Poland, Croatia, Israel | N22: =IF(I22="",999999999,J22*-1000000+L22) -> -457999974
B23: =IFERROR(__xludf.DUMMYFUNCTION("""COMPUTED_VALUE"""),20.0) -> 20 | C23: =IFERROR(__xludf.DUMMYFUNCTION("""COMPUTED_VALUE"""),"Tate McRae ") -> Tate McRae | D23: =IFERROR(__xludf.DUMMYFUNCTION("""COMPUTED_VALUE"""),470.0) -> 470 | E23: =IFERROR(__xludf.DUMMYFUNCTION("""COMPUTED_VALUE"""),23.0) -> 23 | F23: =IFERROR(__xludf.DUMMYFUNCTION("""COMPUTED_VALUE"""),23.0) -> 23 | G23: =IFERROR(__xludf.DUMMYFUNCTION("""COMPUTED_VALUE"""),"United States, France, Sweden, Japan, Finland, Slovakia, Kazakhstan, Ukraine") -> United States, France, Sweden, Japan, Finland, Slovakia, Kazakhstan, Ukraine | I23: {=IFERROR(INDEX(Entries!$E$2:$E$50,ROW()-3)&"","")} -> Brad’s Cousin’s Cousin | J23: =IF(I23="","",SUMIF('Team Scores'!$O$2:$O$401,I23,'Team Scores'!$AA$2:$AA$401)) -> 741 | K23: {=IF(I23="","",IFERROR(INDEX(Entries!$L$2:$L$50,ROW()-3),0))} -> 25 | L23: =IF(I23="","",ABS(K23-$F$2)) -> 25 | M23: {=IF(I23="","",INDEX(Entries!$F$2:$F$51,ROW()-3)&", "&INDEX(Entries!$M$2:$M$51,ROW()-3)&", "&INDEX(Entries!$N$2:$N$51,ROW()-3)&", "&INDEX(Entries!$H$2:$H$51,ROW()-3)&", "&INDEX(Entries!$I$2:$I$51,ROW()-3)&", "&INDEX(Entries!$J$2:$J$51,ROW()-3)&", "&INDEX(Entries!$O$2:$O$51,ROW()-3)&", "&INDEX(Entries!$P$2:$P$51,ROW()-3))} -> Norway, Netherlands, Switzerland, Italy, Finland, Australia, Belgium, New Zealand | N23: =IF(I23="",999999999,J23*-1000000+L23) -> -740999975
B24: =IFERROR(__xludf.DUMMYFUNCTION("""COMPUTED_VALUE"""),21.0) -> 21 | C24: =IFERROR(__xludf.DUMMYFUNCTION("""COMPUTED_VALUE"""),"Josh’s Dawgs") -> Josh’s Dawgs | D24: =IFERROR(__xludf.DUMMYFUNCTION("""COMPUTED_VALUE"""),464.0) -> 464 | E24: =IFERROR(__xludf.DUMMYFUNCTION("""COMPUTED_VALUE"""),200.0) -> 200 | F24: =IFERROR(__xludf.DUMMYFUNCTION("""COMPUTED_VALUE"""),200.0) -> 200 | G24: =IFERROR(__xludf.DUMMYFUNCTION("""COMPUTED_VALUE"""),"United States, France, Sweden, China, Finland, Poland, Belgium, Ukraine") -> United States, France, Sweden, China, Finland, Poland, Belgium, Ukraine | I24: {=IFERROR(INDEX(Entries!$E$2:$E$50,ROW()-3)&"","")} -> Jennie | J24: =IF(I24="","",SUMIF('Team Scores'!$O$2:$O$401,I24,'Team Scores'!$AA$2:$AA$401)) -> 571 | K24: {=IF(I24="","",IFERROR(INDEX(Entries!$L$2:$L$50,ROW()-3),0))} -> 25 | L24: =IF(I24="","",ABS(K24-$F$2)) -> 25 | M24: {=IF(I24="","",INDEX(Entries!$F$2:$F$51,ROW()-3)&", "&INDEX(Entries!$M$2:$M$51,ROW()-3)&", "&INDEX(Entries!$N$2:$N$51,ROW()-3)&", "&INDEX(Entries!$H$2:$H$51,ROW()-3)&", "&INDEX(Entries!$I$2:$I$51,ROW()-3)&", "&INDEX(Entries!$J$2:$J$51,ROW()-3)&", "&INDEX(Entries!$O$2:$O$51,ROW()-3)&", "&INDEX(Entries!$P$2:$P$51,ROW()-3))} -> United States, Austria, Sweden, Italy, Finland, Australia, Croatia, Ukraine | N24: =IF(I24="",999999999,J24*-1000000+L24) -> -570999975
B25: =IFERROR(__xludf.DUMMYFUNCTION("""COMPUTED_VALUE"""),22.0) -> 22 | C25: =IFERROR(__xludf.DUMMYFUNCTION("""COMPUTED_VALUE"""),"Wicks") -> Wicks | D25: =IFERROR(__xludf.DUMMYFUNCTION("""COMPUTED_VALUE"""),458.0) -> 458 | E25: =IFERROR(__xludf.DUMMYFUNCTION("""COMPUTED_VALUE"""),26.0) -> 26 | F25: =IFERROR(__xludf.DUMMYFUNCTION("""COMPUTED_VALUE"""),26.0) -> 26 | G25: =IFERROR(__xludf.DUMMYFUNCTION("""COMPUTED_VALUE"""),"Norway, Netherlands, South Korea, Japan, Finland, Poland, Croatia, Israel") -> Norway, Netherlands, South Korea, Japan, Finland, Poland, Croatia, Israel | I25: {=IFERROR(INDEX(Entries!$E$2:$E$50,ROW()-3)&"","")} -> Molly | J25: =IF(I25="","",SUMIF('Team Scores'!$O$2:$O$401,I25,'Team Scores'!$AA$2:$AA$401)) -> 645 | K25: {=IF(I25="","",IFERROR(INDEX(Entries!$L$2:$L$50,ROW()-3),0))} -> 26 | L25: =IF(I25="","",ABS(K25-$F$2)) -> 26 | M25: {=IF(I25="","",INDEX(Entries!$F$2:$F$51,ROW()-3)&", "&INDEX(Entries!$M$2:$M$51,ROW()-3)&", "&INDEX(Entries!$N$2:$N$51,ROW()-3)&", "&INDEX(Entries!$H$2:$H$51,ROW()-3)&", "&INDEX(Entries!$I$2:$I$51,ROW()-3)&", "&INDEX(Entries!$J$2:$J$51,ROW()-3)&", "&INDEX(Entries!$O$2:$O$51,ROW()-3)&", "&INDEX(Entries!$P$2:$P$51,ROW()-3))} -> Norway, Austria, Netherlands, Italy, Finland, Great Britain, Kazakhstan, Ukraine | N25: =IF(I25="",999999999,J25*-1000000+L25) -> -644999974
B26: =IFERROR(__xludf.DUMMYFUNCTION("""COMPUTED_VALUE"""),23.0) -> 23 | C26: =IFERROR(__xludf.DUMMYFUNCTION("""COMPUTED_VALUE"""),"Jdrobny") -> Jdrobny | D26: =IFERROR(__xludf.DUMMYFUNCTION("""COMPUTED_VALUE"""),451.0) -> 451 | E26: =IFERROR(__xludf.DUMMYFUNCTION("""COMPUTED_VALUE"""),26.0) -> 26 | F26: =IFERROR(__xludf.DUMMYFUNCTION("""COMPUTED_VALUE"""),26.0) -> 26 | G26: =IFERROR(__xludf.DUMMYFUNCTION("""COMPUTED_VALUE"""),"Norway, South Korea, Sweden, Italy, Slovenia, Slovakia, Belgium, Ukraine") -> Norway, South Korea, Sweden, Italy, Slovenia, Slovakia, Belgium, Ukraine | I26: {=IFERROR(INDEX(Entries!$E$2:$E$50,ROW()-3)&"","")} -> Jdrobny | J26: =IF(I26="","",SUMIF('Team Scores'!$O$2:$O$401,I26,'Team Scores'!$AA$2:$AA$401)) -> 451 | K26: {=IF(I26="","",IFERROR(INDEX(Entries!$L$2:$L$50,ROW()-3),0))} -> 26 | L26: =IF(I26="","",ABS(K26-$F$2)) -> 26 | M26: {=IF(I26="","",INDEX(Entries!$F$2:$F$51,ROW()-3)&", "&INDEX(Entries!$M$2:$M$51,ROW()-3)&", "&INDEX(Entries!$N$2:$N$51,ROW()-3)&", "&INDEX(Entries!$H$2:$H$51,ROW()-3)&", "&INDEX(Entries!$I$2:$I$51,ROW()-3)&", "&INDEX(Entries!$J$2:$J$51,ROW()-3)&", "&INDEX(Entries!$O$2:$O$51,ROW()-3)&", "&INDEX(Entries!$P$2:$P$51,ROW()-3))} -> Norway, South Korea, Sweden, Italy, Slovenia, Slovakia, Belgium, Ukraine | N26: =IF(I26="",999999999,J26*-1000000+L26) -> -450999974
B27: =IFERROR(__xludf.DUMMYFUNCTION("""COMPUTED_VALUE"""),"") | C27: =IFERROR(__xludf.DUMMYFUNCTION("""COMPUTED_VALUE"""),"") | D27: =IFERROR(__xludf.DUMMYFUNCTION("""COMPUTED_VALUE"""),"") | E27: =IFERROR(__xludf.DUMMYFUNCTION("""COMPUTED_VALUE"""),"") | F27: =IFERROR(__xludf.DUMMYFUNCTION("""COMPUTED_VALUE"""),"") | G27: =IFERROR(__xludf.DUMMYFUNCTION("""COMPUTED_VALUE"""),"") | I27: {=IFERROR(INDEX(Entries!$E$2:$E$50,ROW()-3)&"","")} | J27: =IF(I27="","",SUMIF('Team Scores'!$O$2:$O$401,I27,'Team Scores'!$AA$2:$AA$401)) | K27: {=IF(I27="","",IFERROR(INDEX(Entries!$L$2:$L$50,ROW()-3),0))} | L27: =IF(I27="","",ABS(K27-$F$2)) | M27: {=IF(I27="","",INDEX(Entries!$F$2:$F$51,ROW()-3)&", "&INDEX(Entries!$M$2:$M$51,ROW()-3)&", "&INDEX(Entries!$N$2:$N$51,ROW()-3)&", "&INDEX(Entries!$H$2:$H$51,ROW()-3)&", "&INDEX(Entries!$I$2:$I$51,ROW()-3)&", "&INDEX(Entries!$J$2:$J$51,ROW()-3)&", "&INDEX(Entries!$O$2:$O$51,ROW()-3)&", "&INDEX(Entries!$P$2:$P$51,ROW()-3))} | N27: =IF(I27="",999999999,J27*-1000000+L27) -> 999999999
B28: =IFERROR(__xludf.DUMMYFUNCTION("""COMPUTED_VALUE"""),"") | C28: =IFERROR(__xludf.DUMMYFUNCTION("""COMPUTED_VALUE"""),"") | D28: =IFERROR(__xludf.DUMMYFUNCTION("""COMPUTED_VALUE"""),"") | E28: =IFERROR(__xludf.DUMMYFUNCTION("""COMPUTED_VALUE"""),"") | F28: =IFERROR(__xludf.DUMMYFUNCTION("""COMPUTED_VALUE"""),"") | G28: =IFERROR(__xludf.DUMMYFUNCTION("""COMPUTED_VALUE"""),"") | I28: {=IFERROR(INDEX(Entries!$E$2:$E$50,ROW()-3)&"","")} | J28: =IF(I28="","",SUMIF('Team Scores'!$O$2:$O$401,I28,'Team Scores'!$AA$2:$AA$401)) | K28: {=IF(I28="","",IFERROR(INDEX(Entries!$L$2:$L$50,ROW()-3),0))} | L28: =IF(I28="","",ABS(K28-$F$2)) | M28: {=IF(I28="","",INDEX(Entries!$F$2:$F$51,ROW()-3)&", "&INDEX(Entries!$M$2:$M$51,ROW()-3)&", "&INDEX(Entries!$N$2:$N$51,ROW()-3)&", "&INDEX(Entries!$H$2:$H$51,ROW()-3)&", "&INDEX(Entries!$I$2:$I$51,ROW()-3)&", "&INDEX(Entries!$J$2:$J$51,ROW()-3)&", "&INDEX(Entries!$O$2:$O$51,ROW()-3)&", "&INDEX(Entries!$P$2:$P$51,ROW()-3))} | N28: =IF(I28="",999999999,J28*-1000000+L28) -> 999999999
B29: =IFERROR(__xludf.DUMMYFUNCTION("""COMPUTED_VALUE"""),"") | C29: =IFERROR(__xludf.DUMMYFUNCTION("""COMPUTED_VALUE"""),"") | D29: =IFERROR(__xludf.DUMMYFUNCTION("""COMPUTED_VALUE"""),"") | E29: =IFERROR(__xludf.DUMMYFUNCTION("""COMPUTED_VALUE"""),"") | F29: =IFERROR(__xludf.DUMMYFUNCTION("""COMPUTED_VALUE"""),"") | G29: =IFERROR(__xludf.DUMMYFUNCTION("""COMPUTED_VALUE"""),"") | I29: {=IFERROR(INDEX(Entries!$E$2:$E$50,ROW()-3)&"","")} | J29: =IF(I29="","",SUMIF('Team Scores'!$O$2:$O$401,I29,'Team Scores'!$AA$2:$AA$401)) | K29: {=IF(I29="","",IFERROR(INDEX(Entries!$L$2:$L$50,ROW()-3),0))} | L29: =IF(I29="","",ABS(K29-$F$2)) | M29: {=IF(I29="","",INDEX(Entries!$F$2:$F$51,ROW()-3)&", "&INDEX(Entries!$M$2:$M$51,ROW()-3)&", "&INDEX(Entries!$N$2:$N$51,ROW()-3)&", "&INDEX(Entries!$H$2:$H$51,ROW()-3)&", "&INDEX(Entries!$I$2:$I$51,ROW()-3)&", "&INDEX(Entries!$J$2:$J$51,ROW()-3)&", "&INDEX(Entries!$O$2:$O$51,ROW()-3)&", "&INDEX(Entries!$P$2:$P$51,ROW()-3))} | N29: =IF(I29="",999999999,J29*-1000000+L29) -> 999999999
B30: =IFERROR(__xludf.DUMMYFUNCTION("""COMPUTED_VALUE"""),"") | C30: =IFERROR(__xludf.DUMMYFUNCTION("""COMPUTED_VALUE"""),"") | D30: =IFERROR(__xludf.DUMMYFUNCTION("""COMPUTED_VALUE"""),"") | E30: =IFERROR(__xludf.DUMMYFUNCTION("""COMPUTED_VALUE"""),"") | F30: =IFERROR(__xludf.DUMMYFUNCTION("""COMPUTED_VALUE"""),"") | G30: =IFERROR(__xludf.DUMMYFUNCTION("""COMPUTED_VALUE"""),"") | I30: {=IFERROR(INDEX(Entries!$E$2:$E$50,ROW()-3)&"","")} | J30: =IF(I30="","",SUMIF('Team Scores'!$O$2:$O$401,I30,'Team Scores'!$AA$2:$AA$401)) | K30: {=IF(I30="","",IFERROR(INDEX(Entries!$L$2:$L$50,ROW()-3),0))} | L30: =IF(I30="","",ABS(K30-$F$2)) | M30: {=IF(I30="","",INDEX(Entries!$F$2:$F$51,ROW()-3)&", "&INDEX(Entries!$M$2:$M$51,ROW()-3)&", "&INDEX(Entries!$N$2:$N$51,ROW()-3)&", "&INDEX(Entries!$H$2:$H$51,ROW()-3)&", "&INDEX(Entries!$I$2:$I$51,ROW()-3)&", "&INDEX(Entries!$J$2:$J$51,ROW()-3)&", "&INDEX(Entries!$O$2:$O$51,ROW()-3)&", "&INDEX(Entries!$P$2:$P$51,ROW()-3))} | N30: =IF(I30="",999999999,J30*-1000000+L30) -> 999999999
B31: =IFERROR(__xludf.DUMMYFUNCTION("""COMPUTED_VALUE"""),"") | C31: =IFERROR(__xludf.DUMMYFUNCTION("""COMPUTED_VALUE"""),"") | D31: =IFERROR(__xludf.DUMMYFUNCTION("""COMPUTED_VALUE"""),"") | E31: =IFERROR(__xludf.DUMMYFUNCTION("""COMPUTED_VALUE"""),"") | F31: =IFERROR(__xludf.DUMMYFUNCTION("""COMPUTED_VALUE"""),"") | G31: =IFERROR(__xludf.DUMMYFUNCTION("""COMPUTED_VALUE"""),"") | I31: {=IFERROR(INDEX(Entries!$E$2:$E$50,ROW()-3)&"","")} | J31: =IF(I31="","",SUMIF('Team Scores'!$O$2:$O$401,I31,'Team Scores'!$AA$2:$AA$401)) | K31: {=IF(I31="","",IFERROR(INDEX(Entries!$L$2:$L$50,ROW()-3),0))} | L31: =IF(I31="","",ABS(K31-$F$2)) | M31: {=IF(I31="","",INDEX(Entries!$F$2:$F$51,ROW()-3)&", "&INDEX(Entries!$M$2:$M$51,ROW()-3)&", "&INDEX(Entries!$N$2:$N$51,ROW()-3)&", "&INDEX(Entries!$H$2:$H$51,ROW()-3)&", "&INDEX(Entries!$I$2:$I$51,ROW()-3)&", "&INDEX(Entries!$J$2:$J$51,ROW()-3)&", "&INDEX(Entries!$O$2:$O$51,ROW()-3)&", "&INDEX(Entries!$P$2:$P$51,ROW()-3))} | N31: =IF(I31="",999999999,J31*-1000000+L31) -> 999999999
B32: =IFERROR(__xludf.DUMMYFUNCTION("""COMPUTED_VALUE"""),"") | C32: =IFERROR(__xludf.DUMMYFUNCTION("""COMPUTED_VALUE"""),"") | D32: =IFERROR(__xludf.DUMMYFUNCTION("""COMPUTED_VALUE"""),"") | E32: =IFERROR(__xludf.DUMMYFUNCTION("""COMPUTED_VALUE"""),"") | F32: =IFERROR(__xludf.DUMMYFUNCTION("""COMPUTED_VALUE"""),"") | G32: =IFERROR(__xludf.DUMMYFUNCTION("""COMPUTED_VALUE"""),"") | I32: {=IFERROR(INDEX(Entries!$E$2:$E$50,ROW()-3)&"","")} | J32: =IF(I32="","",SUMIF('Team Scores'!$O$2:$O$401,I32,'Team Scores'!$AA$2:$AA$401)) | K32: {=IF(I32="","",IFERROR(INDEX(Entries!$L$2:$L$50,ROW()-3),0))} | L32: =IF(I32="","",ABS(K32-$F$2)) | M32: {=IF(I32="","",INDEX(Entries!$F$2:$F$51,ROW()-3)&", "&INDEX(Entries!$M$2:$M$51,ROW()-3)&", "&INDEX(Entries!$N$2:$N$51,ROW()-3)&", "&INDEX(Entries!$H$2:$H$51,ROW()-3)&", "&INDEX(Entries!$I$2:$I$51,ROW()-3)&", "&INDEX(Entries!$J$2:$J$51,ROW()-3)&", "&INDEX(Entries!$O$2:$O$51,ROW()-3)&", "&INDEX(Entries!$P$2:$P$51,ROW()-3))} | N32: =IF(I32="",999999999,J32*-1000000+L32) -> 999999999
B33: =IFERROR(__xludf.DUMMYFUNCTION("""COMPUTED_VALUE"""),"") | C33: =IFERROR(__xludf.DUMMYFUNCTION("""COMPUTED_VALUE"""),"") | D33: =IFERROR(__xludf.DUMMYFUNCTION("""COMPUTED_VALUE"""),"") | E33: =IFERROR(__xludf.DUMMYFUNCTION("""COMPUTED_VALUE"""),"") | F33: =IFERROR(__xludf.DUMMYFUNCTION("""COMPUTED_VALUE"""),"") | G33: =IFERROR(__xludf.DUMMYFUNCTION("""COMPUTED_VALUE"""),"") | I33: {=IFERROR(INDEX(Entries!$E$2:$E$50,ROW()-3)&"","")} | J33: =IF(I33="","",SUMIF('Team Scores'!$O$2:$O$401,I33,'Team Scores'!$AA$2:$AA$401)) | K33: {=IF(I33="","",IFERROR(INDEX(Entries!$L$2:$L$50,ROW()-3),0))} | L33: =IF(I33="","",ABS(K33-$F$2)) | M33: {=IF(I33="","",INDEX(Entries!$F$2:$F$51,ROW()-3)&", "&INDEX(Entries!$M$2:$M$51,ROW()-3)&", "&INDEX(Entries!$N$2:$N$51,ROW()-3)&", "&INDEX(Entries!$H$2:$H$51,ROW()-3)&", "&INDEX(Entries!$I$2:$I$51,ROW()-3)&", "&INDEX(Entries!$J$2:$J$51,ROW()-3)&", "&INDEX(Entries!$O$2:$O$51,ROW()-3)&", "&INDEX(Entries!$P$2:$P$51,ROW()-3))} | N33: =IF(I33="",999999999,J33*-1000000+L33) -> 999999999

Sheet Team Scores
N1: PlayerID | O1: DisplayName | P1: PickSlot | Q1: Tier | R1: CountryName | S1: IOC | T1: Multiplier | U1: Gold | V1: Silver | W1: Bronze | X1: GoldPts | Y1: SilverPts | Z1: BronzePts | AA1: TotalPts | AB1: IsValid
D2: Click here to change the team ⬇️ | G2: =IFERROR(__xludf.DUMMYFUNCTION("SORT(FILTER(Entries!$E$2:$E$100,Entries!$E$2:$E$100<>""""))"),"A taco93") -> A taco93 | H2: Scoring Table | N2: {=IFERROR(IF(INDEX(Entries!$C$2:$C$47,1)="","",INDEX(Entries!$Q$2:$Q$47,1)),"")} -> Brad_Hagstrom_King Towsk | O2: {=IF(N2="","",IFERROR(INDEX(Entries!$E$2:$E$47,1),""))} -> King Towsk | P2: =IF(N2="","","Tier1_Pick1") -> Tier1_Pick1 | Q2: =IF(N2="","",1) -> 1 | R2: {=IF(N2="","",IFERROR(INDEX(Entries!$F$2:$F$47,1),""))} -> Norway | S2: {=IF(R2="","",IFERROR(XLOOKUP(R2,'Live Medal Table'!$B$2:$B$94,'Live Medal Table'!$C$2:$C$94,"???"),"???"))} -> NOR | T2: {=IF(R2="",0,IFERROR(XLOOKUP(R2,'Live Medal Table'!$B$2:$B$94,'Live Medal Table'!$F$2:$F$94,0),0))} -> 1 | U2: {=IF(R2="",0,IFERROR(XLOOKUP(R2,'Live Medal Table'!$B$2:$B$94,'Live Medal Table'!$G$2:$G$94,0),0))} -> 18 | V2: {=IF(R2="",0,IFERROR(XLOOKUP(R2,'Live Medal Table'!$B$2:$B$94,'Live Medal Table'!$H$2:$H$94,0),0))} -> 12 | W2: {=IF(R2="",0,IFERROR(XLOOKUP(R2,'Live Medal Table'!$B$2:$B$94,'Live Medal Table'!$I$2:$I$94,0),0))} -> 11 | X2: =U2*3*T2 -> 54 | Y2: =V2*2*T2 -> 24 | Z2: =W2*1*T2 -> 11 | AA2: =X2+Y2+Z2 -> 89 | AB2: {=IF(R2="",FALSE,IFERROR(AND(ISNUMBER(MATCH(R2,'Live Medal Table'!$B$2:$B$94,0)),XLOOKUP(R2,'Live Medal Table'!$B$2:$B$94,Countries!$I$2:$I$72,FALSE)),FALSE))} -> FALSE
B3: Team -> | C3: SilkMaster420 | F3: {=XLOOKUP(C3,Entries!E:E,Entries!C:C)&" "&XLOOKUP(C3,Entries!E:E,Entries!D:D)} -> Ellis Johnson | G3: =IFERROR(__xludf.DUMMYFUNCTION("""COMPUTED_VALUE"""),"bgreen") -> bgreen | H3: Tier: | I3: Gold | J3: Silver | K3: Bronze | N3: {=IFERROR(IF(INDEX(Entries!$C$2:$C$47,1)="","",INDEX(Entries!$Q$2:$Q$47,1)),"")} -> Brad_Hagstrom_King Towsk | O3: {=IF(N3="","",IFERROR(INDEX(Entries!$E$2:$E$47,1),""))} -> King Towsk | P3: =IF(N3="","","Tier2_Pick1") -> Tier2_Pick1 | Q3: =IF(N3="","",2) -> 2 | R3: {=IF(N3="","",IFERROR(INDEX(Entries!$M$2:$M$47,1),""))} -> Austria | S3: {=IF(R3="","",IFERROR(XLOOKUP(R3,'Live Medal Table'!$B$2:$B$94,'Live Medal Table'!$C$2:$C$94,"???"),"???"))} -> AUT | T3: {=IF(R3="",0,IFERROR(XLOOKUP(R3,'Live Medal Table'!$B$2:$B$94,'Live Medal Table'!$F$2:$F$94,0),0))} -> 2 | U3: {=IF(R3="",0,IFERROR(XLOOKUP(R3,'Live Medal Table'!$B$2:$B$94,'Live Medal Table'!$G$2:$G$94,0),0))} -> 5 | V3: {=IF(R3="",0,IFERROR(XLOOKUP(R3,'Live Medal Table'!$B$2:$B$94,'Live Medal Table'!$H$2:$H$94,0),0))} -> 8 | W3: {=IF(R3="",0,IFERROR(XLOOKUP(R3,'Live Medal Table'!$B$2:$B$94,'Live Medal Table'!$I$2:$I$94,0),0))} -> 5 | X3: =U3*3*T3 -> 30 | Y3: =V3*2*T3 -> 32 | Z3: =W3*1*T3 -> 10 | AA3: =X3+Y3+Z3 -> 72 | AB3: {=IF(R3="",FALSE,IFERROR(AND(ISNUMBER(MATCH(R3,'Live Medal Table'!$B$2:$B$94,0)),XLOOKUP(R3,'Live Medal Table'!$B$2:$B$94,Countries!$I$2:$I$72,FALSE)),FALSE))} -> FALSE
B4: Countries Selected: | C4: Tier | D4: Points | E4: Flag | G4: =IFERROR(__xludf.DUMMYFUNCTION("""COMPUTED_VALUE"""),"Brad’s Cousin’s Cousin") -> Brad’s Cousin’s Cousin | H4: 1 | I4: 3 | J4: 2 | K4: 1 | N4: {=IFERROR(IF(INDEX(Entries!$C$2:$C$47,1)="","",INDEX(Entries!$Q$2:$Q$47,1)),"")} -> Brad_Hagstrom_King Towsk | O4: {=IF(N4="","",IFERROR(INDEX(Entries!$E$2:$E$47,1),""))} -> King Towsk | P4: =IF(N4="","","Tier2_Pick2") -> Tier2_Pick2 | Q4: =IF(N4="","",2) -> 2 | R4: {=IF(N4="","",IFERROR(INDEX(Entries!$N$2:$N$47,1),""))} -> Netherlands | S4: {=IF(R4="","",IFERROR(XLOOKUP(R4,'Live Medal Table'!$B$2:$B$94,'Live Medal Table'!$C$2:$C$94,"???"),"???"))} -> NED | T4: {=IF(R4="",0,IFERROR(XLOOKUP(R4,'Live Medal Table'!$B$2:$B$94,'Live Medal Table'!$F$2:$F$94,0),0))} -> 2 | U4: {=IF(R4="",0,IFERROR(XLOOKUP(R4,'Live Medal Table'!$B$2:$B$94,'Live Medal Table'!$G$2:$G$94,0),0))} -> 10 | V4: {=IF(R4="",0,IFERROR(XLOOKUP(R4,'Live Medal Table'!$B$2:$B$94,'Live Medal Table'!$H$2:$H$94,0),0))} -> 7 | W4: {=IF(R4="",0,IFERROR(XLOOKUP(R4,'Live Medal Table'!$B$2:$B$94,'Live Medal Table'!$I$2:$I$94,0),0))} -> 3 | X4: =U4*3*T4 -> 60 | Y4: =V4*2*T4 -> 28 | Z4: =W4*1*T4 -> 6 | AA4: =X4+Y4+Z4 -> 94 | AB4: {=IF(R4="",FALSE,IFERROR(AND(ISNUMBER(MATCH(R4,'Live Medal Table'!$B$2:$B$94,0)),XLOOKUP(R4,'Live Medal Table'!$B$2:$B$94,Countries!$I$2:$I$72,FALSE)),FALSE))} -> FALSE
B5: =IFERROR(__xludf.DUMMYFUNCTION("IFERROR(FILTER('Team Scores'!R:R, 'Team Scores'!O:O=$C$3), """")"),"Norway") -> Norway | C5: =IFERROR(__xludf.DUMMYFUNCTION("IFERROR(FILTER('Team Scores'!Q:Q, 'Team Scores'!O:O=$C$3), """")"),1.0) -> 1 | D5: =IFERROR(__xludf.DUMMYFUNCTION("IFERROR(FILTER('Team Scores'!AA:AA, 'Team Scores'!O:O=$C$3), """")"),89.0) -> 89 | E5: {=XLOOKUP(B5,'Live Medal Table'!N:N,'Live Medal Table'!X:X,"")} | G5: =IFERROR(__xludf.DUMMYFUNCTION("""COMPUTED_VALUE"""),"Bryan Jakobsze🇵🇱") -> Bryan Jakobsze🇵🇱 | H5: 2 | I5: 6 | J5: 4 | K5: 2 | N5: {=IFERROR(IF(INDEX(Entries!$C$2:$C$47,1)="","",INDEX(Entries!$Q$2:$Q$47,1)),"")} -> Brad_Hagstrom_King Towsk | O5: {=IF(N5="","",IFERROR(INDEX(Entries!$E$2:$E$47,1),""))} -> King Towsk | P5: =IF(N5="","","Tier3_Pick1") -> Tier3_Pick1 | Q5: =IF(N5="","",3) -> 3 | R5: {=IF(N5="","",IFERROR(INDEX(Entries!$H$2:$H$47,1),""))} -> Italy | S5: {=IF(R5="","",IFERROR(XLOOKUP(R5,'Live Medal Table'!$B$2:$B$94,'Live Medal Table'!$C$2:$C$94,"???"),"???"))} -> ITA | T5: {=IF(R5="",0,IFERROR(XLOOKUP(R5,'Live Medal Table'!$B$2:$B$94,'Live Medal Table'!$F$2:$F$94,0),0))} -> 3 | U5: {=IF(R5="",0,IFERROR(XLOOKUP(R5,'Live Medal Table'!$B$2:$B$94,'Live Medal Table'!$G$2:$G$94,0),0))} -> 10 | V5: {=IF(R5="",0,IFERROR(XLOOKUP(R5,'Live Medal Table'!$B$2:$B$94,'Live Medal Table'!$H$2:$H$94,0),0))} -> 6 | W5: {=IF(R5="",0,IFERROR(XLOOKUP(R5,'Live Medal Table'!$B$2:$B$94,'Live Medal Table'!$I$2:$I$94,0),0))} -> 14 | X5: =U5*3*T5 -> 90 | Y5: =V5*2*T5 -> 36 | Z5: =W5*1*T5 -> 42 | AA5: =X5+Y5+Z5 -> 168 | AB5: {=IF(R5="",FALSE,IFERROR(AND(ISNUMBER(MATCH(R5,'Live Medal Table'!$B$2:$B$94,0)),XLOOKUP(R5,'Live Medal Table'!$B$2:$B$94,Countries!$I$2:$I$72,FALSE)),FALSE))} -> FALSE
B6: =IFERROR(__xludf.DUMMYFUNCTION("""COMPUTED_VALUE"""),"Netherlands") -> Netherlands | C6: =IFERROR(__xludf.DUMMYFUNCTION("""COMPUTED_VALUE"""),2.0) -> 2 | D6: =IFERROR(__xludf.DUMMYFUNCTION("""COMPUTED_VALUE"""),94.0) -> 94 | E6: {=XLOOKUP(B6,'Live Medal Table'!N:N,'Live Medal Table'!X:X,"")} | G6: =IFERROR(__xludf.DUMMYFUNCTION("""COMPUTED_VALUE"""),"Charlie ") -> Charlie | H6: 3 | I6: 9 | J6: 6 | K6: 3 | N6: {=IFERROR(IF(INDEX(Entries!$C$2:$C$47,1)="","",INDEX(Entries!$Q$2:$Q$47,1)),"")} -> Brad_Hagstrom_King Towsk | O6: {=IF(N6="","",IFERROR(INDEX(Entries!$E$2:$E$47,1),""))} -> King Towsk | P6: =IF(N6="","","Tier4_Pick1") -> Tier4_Pick1 | Q6: =IF(N6="","",4) -> 4 | R6: {=IF(N6="","",IFERROR(INDEX(Entries!$I$2:$I$47,1),""))} -> Finland | S6: {=IF(R6="","",IFERROR(XLOOKUP(R6,'Live Medal Table'!$B$2:$B$94,'Live Medal Table'!$C$2:$C$94,"???"),"???"))} -> FIN | T6: {=IF(R6="",0,IFERROR(XLOOKUP(R6,'Live Medal Table'!$B$2:$B$94,'Live Medal Table'!$F$2:$F$94,0),0))} -> 6 | U6: {=IF(R6="",0,IFERROR(XLOOKUP(R6,'Live Medal Table'!$B$2:$B$94,'Live Medal Table'!$G$2:$G$94,0),0))} -> 0 | V6: {=IF(R6="",0,IFERROR(XLOOKUP(R6,'Live Medal Table'!$B$2:$B$94,'Live Medal Table'!$H$2:$H$94,0),0))} -> 1 | W6: {=IF(R6="",0,IFERROR(XLOOKUP(R6,'Live Medal Table'!$B$2:$B$94,'Live Medal Table'!$I$2:$I$94,0),0))} -> 5 | X6: =U6*3*T6 -> 0 | Y6: =V6*2*T6 -> 12 | Z6: =W6*1*T6 -> 30 | AA6: =X6+Y6+Z6 -> 42 | AB6: {=IF(R6="",FALSE,IFERROR(AND(ISNUMBER(MATCH(R6,'Live Medal Table'!$B$2:$B$94,0)),XLOOKUP(R6,'Live Medal Table'!$B$2:$B$94,Countries!$I$2:$I$72,FALSE)),FALSE))} -> FALSE
B7: =IFERROR(__xludf.DUMMYFUNCTION("""COMPUTED_VALUE"""),"Sweden") -> Sweden | C7: =IFERROR(__xludf.DUMMYFUNCTION("""COMPUTED_VALUE"""),2.0) -> 2 | D7: =IFERROR(__xludf.DUMMYFUNCTION("""COMPUTED_VALUE"""),80.0) -> 80 | E7: {=XLOOKUP(B7,'Live Medal Table'!N:N,'Live Medal Table'!X:X,"")} | G7: =IFERROR(__xludf.DUMMYFUNCTION("""COMPUTED_VALUE"""),"Jack Jansen") -> Jack Jansen | H7: 4 | I7: 18 | J7: 12 | K7: 6 | N7: {=IFERROR(IF(INDEX(Entries!$C$2:$C$47,1)="","",INDEX(Entries!$Q$2:$Q$47,1)),"")} -> Brad_Hagstrom_King Towsk | O7: {=IF(N7="","",IFERROR(INDEX(Entries!$E$2:$E$47,1),""))} -> King Towsk | P7: =IF(N7="","","Tier5_Pick1") -> Tier5_Pick1 | Q7: =IF(N7="","",5) -> 5 | R7: {=IF(N7="","",IFERROR(INDEX(Entries!$J$2:$J$47,1),""))} -> Australia | S7: {=IF(R7="","",IFERROR(XLOOKUP(R7,'Live Medal Table'!$B$2:$B$94,'Live Medal Table'!$C$2:$C$94,"???"),"???"))} -> AUS | T7: {=IF(R7="",0,IFERROR(XLOOKUP(R7,'Live Medal Table'!$B$2:$B$94,'Live Medal Table'!$F$2:$F$94,0),0))} -> 10 | U7: {=IF(R7="",0,IFERROR(XLOOKUP(R7,'Live Medal Table'!$B$2:$B$94,'Live Medal Table'!$G$2:$G$94,0),0))} -> 3 | V7: {=IF(R7="",0,IFERROR(XLOOKUP(R7,'Live Medal Table'!$B$2:$B$94,'Live Medal Table'!$H$2:$H$94,0),0))} -> 2 | W7: {=IF(R7="",0,IFERROR(XLOOKUP(R7,'Live Medal Table'!$B$2:$B$94,'Live Medal Table'!$I$2:$I$94,0),0))} -> 1 | X7: =U7*3*T7 -> 90 | Y7: =V7*2*T7 -> 40 | Z7: =W7*1*T7 -> 10 | AA7: =X7+Y7+Z7 -> 140 | AB7: {=IF(R7="",FALSE,IFERROR(AND(ISNUMBER(MATCH(R7,'Live Medal Table'!$B$2:$B$94,0)),XLOOKUP(R7,'Live Medal Table'!$B$2:$B$94,Countries!$I$2:$I$72,FALSE)),FALSE))} -> FALSE
B8: =IFERROR(__xludf.DUMMYFUNCTION("""COMPUTED_VALUE"""),"Italy") -> Italy | C8: =IFERROR(__xludf.DUMMYFUNCTION("""COMPUTED_VALUE"""),3.0) -> 3 | D8: =IFERROR(__xludf.DUMMYFUNCTION("""COMPUTED_VALUE"""),168.0) -> 168 | E8: {=XLOOKUP(B8,'Live Medal Table'!N:N,'Live Medal Table'!X:X,"")} | G8: =IFERROR(__xludf.DUMMYFUNCTION("""COMPUTED_VALUE"""),"Jdrobny") -> Jdrobny | H8: 5 | I8: 30 | J8: 20 | K8: 10 | N8: {=IFERROR(IF(INDEX(Entries!$C$2:$C$47,1)="","",INDEX(Entries!$Q$2:$Q$47,1)),"")} -> Brad_Hagstrom_King Towsk | O8: {=IF(N8="","",IFERROR(INDEX(Entries!$E$2:$E$47,1),""))} -> King Towsk | P8: =IF(N8="","","Tier6_Pick1") -> Tier6_Pick1 | Q8: =IF(N8="","",6) -> 6 | R8: {=IF(N8="","",IFERROR(INDEX(Entries!$O$2:$O$47,1),""))} -> New Zealand | S8: {=IF(R8="","",IFERROR(XLOOKUP(R8,'Live Medal Table'!$B$2:$B$94,'Live Medal Table'!$C$2:$C$94,"???"),"???"))} -> NZL | T8: {=IF(R8="",0,IFERROR(XLOOKUP(R8,'Live Medal Table'!$B$2:$B$94,'Live Medal Table'!$F$2:$F$94,0),0))} -> 20 | U8: {=IF(R8="",0,IFERROR(XLOOKUP(R8,'Live Medal Table'!$B$2:$B$94,'Live Medal Table'!$G$2:$G$94,0),0))} -> 0 | V8: {=IF(R8="",0,IFERROR(XLOOKUP(R8,'Live Medal Table'!$B$2:$B$94,'Live Medal Table'!$H$2:$H$94,0),0))} -> 2 | W8: {=IF(R8="",0,IFERROR(XLOOKUP(R8,'Live Medal Table'!$B$2:$B$94,'Live Medal Table'!$I$2:$I$94,0),0))} -> 1 | X8: =U8*3*T8 -> 0 | Y8: =V8*2*T8 -> 80 | Z8: =W8*1*T8 -> 20 | AA8: =X8+Y8+Z8 -> 100 | AB8: {=IF(R8="",FALSE,IFERROR(AND(ISNUMBER(MATCH(R8,'Live Medal Table'!$B$2:$B$94,0)),XLOOKUP(R8,'Live Medal Table'!$B$2:$B$94,Countries!$I$2:$I$72,FALSE)),FALSE))} -> FALSE
B9: =IFERROR(__xludf.DUMMYFUNCTION("""COMPUTED_VALUE"""),"Finland") -> Finland | C9: =IFERROR(__xludf.DUMMYFUNCTION("""COMPUTED_VALUE"""),4.0) -> 4 | D9: =IFERROR(__xludf.DUMMYFUNCTION("""COMPUTED_VALUE"""),42.0) -> 42 | E9: {=XLOOKUP(B9,'Live Medal Table'!N:N,'Live Medal Table'!X:X,"")} | G9: =IFERROR(__xludf.DUMMYFUNCTION("""COMPUTED_VALUE"""),"Jennie") -> Jennie | H9: 6 | I9: 60 | J9: 40 | K9: 20 | N9: {=IFERROR(IF(INDEX(Entries!$C$2:$C$47,1)="","",INDEX(Entries!$Q$2:$Q$47,1)),"")} -> Brad_Hagstrom_King Towsk | O9: {=IF(N9="","",IFERROR(INDEX(Entries!$E$2:$E$47,1),""))} -> King Towsk | P9: =IF(N9="","","Tier6_Pick2") -> Tier6_Pick2 | Q9: =IF(N9="","",6) -> 6 | R9: {=IF(N9="","",IFERROR(INDEX(Entries!$P$2:$P$47,1),""))} -> Ukraine | S9: {=IF(R9="","",IFERROR(XLOOKUP(R9,'Live Medal Table'!$B$2:$B$94,'Live Medal Table'!$C$2:$C$94,"???"),"???"))} -> UKR | T9: {=IF(R9="",0,IFERROR(XLOOKUP(R9,'Live Medal Table'!$B$2:$B$94,'Live Medal Table'!$F$2:$F$94,0),0))} -> 20 | U9: {=IF(R9="",0,IFERROR(XLOOKUP(R9,'Live Medal Table'!$B$2:$B$94,'Live Medal Table'!$G$2:$G$94,0),0))} -> 0 | V9: {=IF(R9="",0,IFERROR(XLOOKUP(R9,'Live Medal Table'!$B$2:$B$94,'Live Medal Table'!$H$2:$H$94,0),0))} -> 0 | W9: {=IF(R9="",0,IFERROR(XLOOKUP(R9,'Live Medal Table'!$B$2:$B$94,'Live Medal Table'!$I$2:$I$94,0),0))} -> 0 | X9: =U9*3*T9 -> 0 | Y9: =V9*2*T9 -> 0 | Z9: =W9*1*T9 -> 0 | AA9: =X9+Y9+Z9 -> 0 | AB9: {=IF(R9="",FALSE,IFERROR(AND(ISNUMBER(MATCH(R9,'Live Medal Table'!$B$2:$B$94,0)),XLOOKUP(R9,'Live Medal Table'!$B$2:$B$94,Countries!$I$2:$I$72,FALSE)),FALSE))} -> FALSE
B10: =IFERROR(__xludf.DUMMYFUNCTION("""COMPUTED_VALUE"""),"Poland") -> Poland | C10: =IFERROR(__xludf.DUMMYFUNCTION("""COMPUTED_VALUE"""),5.0) -> 5 | D10: =IFERROR(__xludf.DUMMYFUNCTION("""COMPUTED_VALUE"""),70.0) -> 70 | E10: {=XLOOKUP(B10,'Live Medal Table'!N:N,'Live Medal Table'!X:X,"")} | G10: =IFERROR(__xludf.DUMMYFUNCTION("""COMPUTED_VALUE"""),"Josh’s Dawgs") -> Josh’s Dawgs | N10: {=IFERROR(IF(INDEX(Entries!$C$2:$C$47,2)="","",INDEX(Entries!$Q$2:$Q$47,2)),"")} -> Wyatt_Eisen_Wyatt | O10: {=IF(N10="","",IFERROR(INDEX(Entries!$E$2:$E$47,2),""))} -> Wyatt | P10: =IF(N10="","","Tier1_Pick1") -> Tier1_Pick1 | Q10: =IF(N10="","",1) -> 1 | R10: {=IF(N10="","",IFERROR(INDEX(Entries!$F$2:$F$47,2),""))} -> Canada | S10: {=IF(R10="","",IFERROR(XLOOKUP(R10,'Live Medal Table'!$B$2:$B$94,'Live Medal Table'!$C$2:$C$94,"???"),"???"))} -> CAN | T10: {=IF(R10="",0,IFERROR(XLOOKUP(R10,'Live Medal Table'!$B$2:$B$94,'Live Medal Table'!$F$2:$F$94,0),0))} -> 1 | U10: {=IF(R10="",0,IFERROR(XLOOKUP(R10,'Live Medal Table'!$B$2:$B$94,'Live Medal Table'!$G$2:$G$94,0),0))} -> 5 | V10: {=IF(R10="",0,IFERROR(XLOOKUP(R10,'Live Medal Table'!$B$2:$B$94,'Live Medal Table'!$H$2:$H$94,0),0))} -> 7 | W10: {=IF(R10="",0,IFERROR(XLOOKUP(R10,'Live Medal Table'!$B$2:$B$94,'Live Medal Table'!$I$2:$I$94,0),0))} -> 9 | X10: =U10*3*T10 -> 15 | Y10: =V10*2*T10 -> 14 | Z10: =W10*1*T10 -> 9 | AA10: =X10+Y10+Z10 -> 38 | AB10: {=IF(R10="",FALSE,IFERROR(AND(ISNUMBER(MATCH(R10,'Live Medal Table'!$B$2:$B$94,0)),XLOOKUP(R10,'Live Medal Table'!$B$2:$B$94,Countries!$I$2:$I$72,FALSE)),FALSE))} -> FALSE
B11: =IFERROR(__xludf.DUMMYFUNCTION("""COMPUTED_VALUE"""),"Bulgaria") -> Bulgaria | C11: =IFERROR(__xludf.DUMMYFUNCTION("""COMPUTED_VALUE"""),6.0) -> 6 | D11: =IFERROR(__xludf.DUMMYFUNCTION("""COMPUTED_VALUE"""),40.0) -> 40 | E11: {=XLOOKUP(B11,'Live Medal Table'!N:N,'Live Medal Table'!X:X,"")} | G11: =IFERROR(__xludf.DUMMYFUNCTION("""COMPUTED_VALUE"""),"kborst13") -> kborst13 | N11: {=IFERROR(IF(INDEX(Entries!$C$2:$C$47,2)="","",INDEX(Entries!$Q$2:$Q$47,2)),"")} -> Wyatt_Eisen_Wyatt | O11: {=IF(N11="","",IFERROR(INDEX(Entries!$E$2:$E$47,2),""))} -> Wyatt | P11: =IF(N11="","","Tier2_Pick1") -> Tier2_Pick1 | Q11: =IF(N11="","",2) -> 2 | R11: {=IF(N11="","",IFERROR(INDEX(Entries!$M$2:$M$47,2),""))} -> Austria | S11: {=IF(R11="","",IFERROR(XLOOKUP(R11,'Live Medal Table'!$B$2:$B$94,'Live Medal Table'!$C$2:$C$94,"???"),"???"))} -> AUT | T11: {=IF(R11="",0,IFERROR(XLOOKUP(R11,'Live Medal Table'!$B$2:$B$94,'Live Medal Table'!$F$2:$F$94,0),0))} -> 2 | U11: {=IF(R11="",0,IFERROR(XLOOKUP(R11,'Live Medal Table'!$B$2:$B$94,'Live Medal Table'!$G$2:$G$94,0),0))} -> 5 | V11: {=IF(R11="",0,IFERROR(XLOOKUP(R11,'Live Medal Table'!$B$2:$B$94,'Live Medal Table'!$H$2:$H$94,0),0))} -> 8 | W11: {=IF(R11="",0,IFERROR(XLOOKUP(R11,'Live Medal Table'!$B$2:$B$94,'Live Medal Table'!$I$2:$I$94,0),0))} -> 5 | X11: =U11*3*T11 -> 30 | Y11: =V11*2*T11 -> 32 | Z11: =W11*1*T11 -> 10 | AA11: =X11+Y11+Z11 -> 72 | AB11: {=IF(R11="",FALSE,IFERROR(AND(ISNUMBER(MATCH(R11,'Live Medal Table'!$B$2:$B$94,0)),XLOOKUP(R11,'Live Medal Table'!$B$2:$B$94,Countries!$I$2:$I$72,FALSE)),FALSE))} -> FALSE
B12: =IFERROR(__xludf.DUMMYFUNCTION("""COMPUTED_VALUE"""),"Denmark") -> Denmark | C12: =IFERROR(__xludf.DUMMYFUNCTION("""COMPUTED_VALUE"""),6.0) -> 6 | D12: =IFERROR(__xludf.DUMMYFUNCTION("""COMPUTED_VALUE"""),40.0) -> 40 | E12: {=XLOOKUP(B12,'Live Medal Table'!N:N,'Live Medal Table'!X:X,"")} | G12: =IFERROR(__xludf.DUMMYFUNCTION("""COMPUTED_VALUE"""),"King Towsk") -> King Towsk | N12: {=IFERROR(IF(INDEX(Entries!$C$2:$C$47,2)="","",INDEX(Entries!$Q$2:$Q$47,2)),"")} -> Wyatt_Eisen_Wyatt | O12: {=IF(N12="","",IFERROR(INDEX(Entries!$E$2:$E$47,2),""))} -> Wyatt | P12: =IF(N12="","","Tier2_Pick2") -> Tier2_Pick2 | Q12: =IF(N12="","",2) -> 2 | R12: {=IF(N12="","",IFERROR(INDEX(Entries!$N$2:$N$47,2),""))} -> Netherlands | S12: {=IF(R12="","",IFERROR(XLOOKUP(R12,'Live Medal Table'!$B$2:$B$94,'Live Medal Table'!$C$2:$C$94,"???"),"???"))} -> NED | T12: {=IF(R12="",0,IFERROR(XLOOKUP(R12,'Live Medal Table'!$B$2:$B$94,'Live Medal Table'!$F$2:$F$94,0),0))} -> 2 | U12: {=IF(R12="",0,IFERROR(XLOOKUP(R12,'Live Medal Table'!$B$2:$B$94,'Live Medal Table'!$G$2:$G$94,0),0))} -> 10 | V12: {=IF(R12="",0,IFERROR(XLOOKUP(R12,'Live Medal Table'!$B$2:$B$94,'Live Medal Table'!$H$2:$H$94,0),0))} -> 7 | W12: {=IF(R12="",0,IFERROR(XLOOKUP(R12,'Live Medal Table'!$B$2:$B$94,'Live Medal Table'!$I$2:$I$94,0),0))} -> 3 | X12: =U12*3*T12 -> 60 | Y12: =V12*2*T12 -> 28 | Z12: =W12*1*T12 -> 6 | AA12: =X12+Y12+Z12 -> 94 | AB12: {=IF(R12="",FALSE,IFERROR(AND(ISNUMBER(MATCH(R12,'Live Medal Table'!$B$2:$B$94,0)),XLOOKUP(R12,'Live Medal Table'!$B$2:$B$94,Countries!$I$2:$I$72,FALSE)),FALSE))} -> FALSE
C13: Total: | D13: =SUM(D5:D12) -> 623 | G13: =IFERROR(__xludf.DUMMYFUNCTION("""COMPUTED_VALUE"""),"LucasF") -> LucasF | N13: {=IFERROR(IF(INDEX(Entries!$C$2:$C$47,2)="","",INDEX(Entries!$Q$2:$Q$47,2)),"")} -> Wyatt_Eisen_Wyatt | O13: {=IF(N13="","",IFERROR(INDEX(Entries!$E$2:$E$47,2),""))} -> Wyatt | P13: =IF(N13="","","Tier3_Pick1") -> Tier3_Pick1 | Q13: =IF(N13="","",3) -> 3 | R13: {=IF(N13="","",IFERROR(INDEX(Entries!$H$2:$H$47,2),""))} -> China | S13: {=IF(R13="","",IFERROR(XLOOKUP(R13,'Live Medal Table'!$B$2:$B$94,'Live Medal Table'!$C$2:$C$94,"???"),"???"))} -> CHN | T13: {=IF(R13="",0,IFERROR(XLOOKUP(R13,'Live Medal Table'!$B$2:$B$94,'Live Medal Table'!$F$2:$F$94,0),0))} -> 3 | U13: {=IF(R13="",0,IFERROR(XLOOKUP(R13,'Live Medal Table'!$B$2:$B$94,'Live Medal Table'!$G$2:$G$94,0),0))} -> 5 | V13: {=IF(R13="",0,IFERROR(XLOOKUP(R13,'Live Medal Table'!$B$2:$B$94,'Live Medal Table'!$H$2:$H$94,0),0))} -> 4 | W13: {=IF(R13="",0,IFERROR(XLOOKUP(R13,'Live Medal Table'!$B$2:$B$94,'Live Medal Table'!$I$2:$I$94,0),0))} -> 6 | X13: =U13*3*T13 -> 45 | Y13: =V13*2*T13 -> 24 | Z13: =W13*1*T13 -> 18 | AA13: =X13+Y13+Z13 -> 87 | AB13: {=IF(R13="",FALSE,IFERROR(AND(ISNUMBER(MATCH(R13,'Live Medal Table'!$B$2:$B$94,0)),XLOOKUP(R13,'Live Medal Table'!$B$2:$B$94,Countries!$I$2:$I$72,FALSE)),FALSE))} -> FALSE
G14: =IFERROR(__xludf.DUMMYFUNCTION("""COMPUTED_VALUE"""),"Mark Mattson") -> Mark Mattson | N14: {=IFERROR(IF(INDEX(Entries!$C$2:$C$47,2)="","",INDEX(Entries!$Q$2:$Q$47,2)),"")} -> Wyatt_Eisen_Wyatt | O14: {=IF(N14="","",IFERROR(INDEX(Entries!$E$2:$E$47,2),""))} -> Wyatt | P14: =IF(N14="","","Tier4_Pick1") -> Tier4_Pick1 | Q14: =IF(N14="","",4) -> 4 | R14: {=IF(N14="","",IFERROR(INDEX(Entries!$I$2:$I$47,2),""))} -> Czech Republic | S14: {=IF(R14="","",IFERROR(XLOOKUP(R14,'Live Medal Table'!$B$2:$B$94,'Live Medal Table'!$C$2:$C$94,"???"),"???"))} -> CZE | T14: {=IF(R14="",0,IFERROR(XLOOKUP(R14,'Live Medal Table'!$B$2:$B$94,'Live Medal Table'!$F$2:$F$94,0),0))} -> 6 | U14: {=IF(R14="",0,IFERROR(XLOOKUP(R14,'Live Medal Table'!$B$2:$B$94,'Live Medal Table'!$G$2:$G$94,0),0))} -> 2 | V14: {=IF(R14="",0,IFERROR(XLOOKUP(R14,'Live Medal Table'!$B$2:$B$94,'Live Medal Table'!$H$2:$H$94,0),0))} -> 2 | W14: {=IF(R14="",0,IFERROR(XLOOKUP(R14,'Live Medal Table'!$B$2:$B$94,'Live Medal Table'!$I$2:$I$94,0),0))} -> 1 | X14: =U14*3*T14 -> 36 | Y14: =V14*2*T14 -> 24 | Z14: =W14*1*T14 -> 6 | AA14: =X14+Y14+Z14 -> 66 | AB14: {=IF(R14="",FALSE,IFERROR(AND(ISNUMBER(MATCH(R14,'Live Medal Table'!$B$2:$B$94,0)),XLOOKUP(R14,'Live Medal Table'!$B$2:$B$94,Countries!$I$2:$I$72,FALSE)),FALSE))} -> FALSE
B15: Return to Leaderboard | G15: =IFERROR(__xludf.DUMMYFUNCTION("""COMPUTED_VALUE"""),"Molly ") -> Molly | N15: {=IFERROR(IF(INDEX(Entries!$C$2:$C$47,2)="","",INDEX(Entries!$Q$2:$Q$47,2)),"")} -> Wyatt_Eisen_Wyatt | O15: {=IF(N15="","",IFERROR(INDEX(Entries!$E$2:$E$47,2),""))} -> Wyatt | P15: =IF(N15="","","Tier5_Pick1") -> Tier5_Pick1 | Q15: =IF(N15="","",5) -> 5 | R15: {=IF(N15="","",IFERROR(INDEX(Entries!$J$2:$J$47,2),""))} -> Australia | S15: {=IF(R15="","",IFERROR(XLOOKUP(R15,'Live Medal Table'!$B$2:$B$94,'Live Medal Table'!$C$2:$C$94,"???"),"???"))} -> AUS | T15: {=IF(R15="",0,IFERROR(XLOOKUP(R15,'Live Medal Table'!$B$2:$B$94,'Live Medal Table'!$F$2:$F$94,0),0))} -> 10 | U15: {=IF(R15="",0,IFERROR(XLOOKUP(R15,'Live Medal Table'!$B$2:$B$94,'Live Medal Table'!$G$2:$G$94,0),0))} -> 3 | V15: {=IF(R15="",0,IFERROR(XLOOKUP(R15,'Live Medal Table'!$B$2:$B$94,'Live Medal Table'!$H$2:$H$94,0),0))} -> 2 | W15: {=IF(R15="",0,IFERROR(XLOOKUP(R15,'Live Medal Table'!$B$2:$B$94,'Live Medal Table'!$I$2:$I$94,0),0))} -> 1 | X15: =U15*3*T15 -> 90 | Y15: =V15*2*T15 -> 40 | Z15: =W15*1*T15 -> 10 | AA15: =X15+Y15+Z15 -> 140 | AB15: {=IF(R15="",FALSE,IFERROR(AND(ISNUMBER(MATCH(R15,'Live Medal Table'!$B$2:$B$94,0)),XLOOKUP(R15,'Live Medal Table'!$B$2:$B$94,Countries!$I$2:$I$72,FALSE)),FALSE))} -> FALSE
G16: =IFERROR(__xludf.DUMMYFUNCTION("""COMPUTED_VALUE"""),"Murph") -> Murph | N16: {=IFERROR(IF(INDEX(Entries!$C$2:$C$47,2)="","",INDEX(Entries!$Q$2:$Q$47,2)),"")} -> Wyatt_Eisen_Wyatt | O16: {=IF(N16="","",IFERROR(INDEX(Entries!$E$2:$E$47,2),""))} -> Wyatt | P16: =IF(N16="","","Tier6_Pick1") -> Tier6_Pick1 | Q16: =IF(N16="","",6) -> 6 | R16: {=IF(N16="","",IFERROR(INDEX(Entries!$O$2:$O$47,2),""))} -> Croatia | S16: {=IF(R16="","",IFERROR(XLOOKUP(R16,'Live Medal Table'!$B$2:$B$94,'Live Medal Table'!$C$2:$C$94,"???"),"???"))} -> CRO | T16: {=IF(R16="",0,IFERROR(XLOOKUP(R16,'Live Medal Table'!$B$2:$B$94,'Live Medal Table'!$F$2:$F$94,0),0))} -> 20 | U16: {=IF(R16="",0,IFERROR(XLOOKUP(R16,'Live Medal Table'!$B$2:$B$94,'Live Medal Table'!$G$2:$G$94,0),0))} -> 0 | V16: {=IF(R16="",0,IFERROR(XLOOKUP(R16,'Live Medal Table'!$B$2:$B$94,'Live Medal Table'!$H$2:$H$94,0),0))} -> 0 | W16: {=IF(R16="",0,IFERROR(XLOOKUP(R16,'Live Medal Table'!$B$2:$B$94,'Live Medal Table'!$I$2:$I$94,0),0))} -> 0 | X16: =U16*3*T16 -> 0 | Y16: =V16*2*T16 -> 0 | Z16: =W16*1*T16 -> 0 | AA16: =X16+Y16+Z16 -> 0 | AB16: {=IF(R16="",FALSE,IFERROR(AND(ISNUMBER(MATCH(R16,'Live Medal Table'!$B$2:$B$94,0)),XLOOKUP(R16,'Live Medal Table'!$B$2:$B$94,Countries!$I$2:$I$72,FALSE)),FALSE))} -> FALSE
G17: =IFERROR(__xludf.DUMMYFUNCTION("""COMPUTED_VALUE"""),"Pat Doherty") -> Pat Doherty | N17: {=IFERROR(IF(INDEX(Entries!$C$2:$C$47,2)="","",INDEX(Entries!$Q$2:$Q$47,2)),"")} -> Wyatt_Eisen_Wyatt | O17: {=IF(N17="","",IFERROR(INDEX(Entries!$E$2:$E$47,2),""))} -> Wyatt | P17: =IF(N17="","","Tier6_Pick2") -> Tier6_Pick2 | Q17: =IF(N17="","",6) -> 6 | R17: {=IF(N17="","",IFERROR(INDEX(Entries!$P$2:$P$47,2),""))} -> Ukraine | S17: {=IF(R17="","",IFERROR(XLOOKUP(R17,'Live Medal Table'!$B$2:$B$94,'Live Medal Table'!$C$2:$C$94,"???"),"???"))} -> UKR | T17: {=IF(R17="",0,IFERROR(XLOOKUP(R17,'Live Medal Table'!$B$2:$B$94,'Live Medal Table'!$F$2:$F$94,0),0))} -> 20 | U17: {=IF(R17="",0,IFERROR(XLOOKUP(R17,'Live Medal Table'!$B$2:$B$94,'Live Medal Table'!$G$2:$G$94,0),0))} -> 0 | V17: {=IF(R17="",0,IFERROR(XLOOKUP(R17,'Live Medal Table'!$B$2:$B$94,'Live Medal Table'!$H$2:$H$94,0),0))} -> 0 | W17: {=IF(R17="",0,IFERROR(XLOOKUP(R17,'Live Medal Table'!$B$2:$B$94,'Live Medal Table'!$I$2:$I$94,0),0))} -> 0 | X17: =U17*3*T17 -> 0 | Y17: =V17*2*T17 -> 0 | Z17: =W17*1*T17 -> 0 | AA17: =X17+Y17+Z17 -> 0 | AB17: {=IF(R17="",FALSE,IFERROR(AND(ISNUMBER(MATCH(R17,'Live Medal Table'!$B$2:$B$94,0)),XLOOKUP(R17,'Live Medal Table'!$B$2:$B$94,Countries!$I$2:$I$72,FALSE)),FALSE))} -> FALSE
G18: =IFERROR(__xludf.DUMMYFUNCTION("""COMPUTED_VALUE"""),"Reb") -> Reb | N18: {=IFERROR(IF(INDEX(Entries!$C$2:$C$47,3)="","",INDEX(Entries!$Q$2:$Q$47,3)),"")} -> Jack_Jansen_Jack Jansen | O18: {=IF(N18="","",IFERROR(INDEX(Entries!$E$2:$E$47,3),""))} -> Jack Jansen | P18: =IF(N18="","","Tier1_Pick1") -> Tier1_Pick1 | Q18: =IF(N18="","",1) -> 1 | R18: {=IF(N18="","",IFERROR(INDEX(Entries!$F$2:$F$47,3),""))} -> Norway | S18: {=IF(R18="","",IFERROR(XLOOKUP(R18,'Live Medal Table'!$B$2:$B$94,'Live Medal Table'!$C$2:$C$94,"???"),"???"))} -> NOR | T18: {=IF(R18="",0,IFERROR(XLOOKUP(R18,'Live Medal Table'!$B$2:$B$94,'Live Medal Table'!$F$2:$F$94,0),0))} -> 1 | U18: {=IF(R18="",0,IFERROR(XLOOKUP(R18,'Live Medal Table'!$B$2:$B$94,'Live Medal Table'!$G$2:$G$94,0),0))} -> 18 | V18: {=IF(R18="",0,IFERROR(XLOOKUP(R18,'Live Medal Table'!$B$2:$B$94,'Live Medal Table'!$H$2:$H$94,0),0))} -> 12 | W18: {=IF(R18="",0,IFERROR(XLOOKUP(R18,'Live Medal Table'!$B$2:$B$94,'Live Medal Table'!$I$2:$I$94,0),0))} -> 11 | X18: =U18*3*T18 -> 54 | Y18: =V18*2*T18 -> 24 | Z18: =W18*1*T18 -> 11 | AA18: =X18+Y18+Z18 -> 89 | AB18: {=IF(R18="",FALSE,IFERROR(AND(ISNUMBER(MATCH(R18,'Live Medal Table'!$B$2:$B$94,0)),XLOOKUP(R18,'Live Medal Table'!$B$2:$B$94,Countries!$I$2:$I$72,FALSE)),FALSE))} -> FALSE
G19: =IFERROR(__xludf.DUMMYFUNCTION("""COMPUTED_VALUE"""),"SilkMaster420") -> SilkMaster420 | N19: {=IFERROR(IF(INDEX(Entries!$C$2:$C$47,3)="","",INDEX(Entries!$Q$2:$Q$47,3)),"")} -> Jack_Jansen_Jack Jansen | O19: {=IF(N19="","",IFERROR(INDEX(Entries!$E$2:$E$47,3),""))} -> Jack Jansen | P19: =IF(N19="","","Tier2_Pick1") -> Tier2_Pick1 | Q19: =IF(N19="","",2) -> 2 | R19: {=IF(N19="","",IFERROR(INDEX(Entries!$M$2:$M$47,3),""))} -> Netherlands | S19: {=IF(R19="","",IFERROR(XLOOKUP(R19,'Live Medal Table'!$B$2:$B$94,'Live Medal Table'!$C$2:$C$94,"???"),"???"))} -> NED | T19: {=IF(R19="",0,IFERROR(XLOOKUP(R19,'Live Medal Table'!$B$2:$B$94,'Live Medal Table'!$F$2:$F$94,0),0))} -> 2 | U19: {=IF(R19="",0,IFERROR(XLOOKUP(R19,'Live Medal Table'!$B$2:$B$94,'Live Medal Table'!$G$2:$G$94,0),0))} -> 10 | V19: {=IF(R19="",0,IFERROR(XLOOKUP(R19,'Live Medal Table'!$B$2:$B$94,'Live Medal Table'!$H$2:$H$94,0),0))} -> 7 | W19: {=IF(R19="",0,IFERROR(XLOOKUP(R19,'Live Medal Table'!$B$2:$B$94,'Live Medal Table'!$I$2:$I$94,0),0))} -> 3 | X19: =U19*3*T19 -> 60 | Y19: =V19*2*T19 -> 28 | Z19: =W19*1*T19 -> 6 | AA19: =X19+Y19+Z19 -> 94 | AB19: {=IF(R19="",FALSE,IFERROR(AND(ISNUMBER(MATCH(R19,'Live Medal Table'!$B$2:$B$94,0)),XLOOKUP(R19,'Live Medal Table'!$B$2:$B$94,Countries!$I$2:$I$72,FALSE)),FALSE))} -> FALSE
G20: =IFERROR(__xludf.DUMMYFUNCTION("""COMPUTED_VALUE"""),"Siri") -> Siri | N20: {=IFERROR(IF(INDEX(Entries!$C$2:$C$47,3)="","",INDEX(Entries!$Q$2:$Q$47,3)),"")} -> Jack_Jansen_Jack Jansen | O20: {=IF(N20="","",IFERROR(INDEX(Entries!$E$2:$E$47,3),""))} -> Jack Jansen | P20: =IF(N20="","","Tier2_Pick2") -> Tier2_Pick2 | Q20: =IF(N20="","",2) -> 2 | R20: {=IF(N20="","",IFERROR(INDEX(Entries!$N$2:$N$47,3),""))} -> Sweden | S20: {=IF(R20="","",IFERROR(XLOOKUP(R20,'Live Medal Table'!$B$2:$B$94,'Live Medal Table'!$C$2:$C$94,"???"),"???"))} -> SWE | T20: {=IF(R20="",0,IFERROR(XLOOKUP(R20,'Live Medal Table'!$B$2:$B$94,'Live Medal Table'!$F$2:$F$94,0),0))} -> 2 | U20: {=IF(R20="",0,IFERROR(XLOOKUP(R20,'Live Medal Table'!$B$2:$B$94,'Live Medal Table'!$G$2:$G$94,0),0))} -> 8 | V20: {=IF(R20="",0,IFERROR(XLOOKUP(R20,'Live Medal Table'!$B$2:$B$94,'Live Medal Table'!$H$2:$H$94,0),0))} -> 6 | W20: {=IF(R20="",0,IFERROR(XLOOKUP(R20,'Live Medal Table'!$B$2:$B$94,'Live Medal Table'!$I$2:$I$94,0),0))} -> 4 | X20: =U20*3*T20 -> 48 | Y20: =V20*2*T20 -> 24 | Z20: =W20*1*T20 -> 8 | AA20: =X20+Y20+Z20 -> 80 | AB20: {=IF(R20="",FALSE,IFERROR(AND(ISNUMBER(MATCH(R20,'Live Medal Table'!$B$2:$B$94,0)),XLOOKUP(R20,'Live Medal Table'!$B$2:$B$94,Countries!$I$2:$I$72,FALSE)),FALSE))} -> FALSE
G21: =IFERROR(__xludf.DUMMYFUNCTION("""COMPUTED_VALUE"""),"SMAC") -> SMAC | N21: {=IFERROR(IF(INDEX(Entries!$C$2:$C$47,3)="","",INDEX(Entries!$Q$2:$Q$47,3)),"")} -> Jack_Jansen_Jack Jansen | O21: {=IF(N21="","",IFERROR(INDEX(Entries!$E$2:$E$47,3),""))} -> Jack Jansen | P21: =IF(N21="","","Tier3_Pick1") -> Tier3_Pick1 | Q21: =IF(N21="","",3) -> 3 | R21: {=IF(N21="","",IFERROR(INDEX(Entries!$H$2:$H$47,3),""))} -> Japan | S21: {=IF(R21="","",IFERROR(XLOOKUP(R21,'Live Medal Table'!$B$2:$B$94,'Live Medal Table'!$C$2:$C$94,"???"),"???"))} -> JPN | T21: {=IF(R21="",0,IFERROR(XLOOKUP(R21,'Live Medal Table'!$B$2:$B$94,'Live Medal Table'!$F$2:$F$94,0),0))} -> 3 | U21: {=IF(R21="",0,IFERROR(XLOOKUP(R21,'Live Medal Table'!$B$2:$B$94,'Live Medal Table'!$G$2:$G$94,0),0))} -> 5 | V21: {=IF(R21="",0,IFERROR(XLOOKUP(R21,'Live Medal Table'!$B$2:$B$94,'Live Medal Table'!$H$2:$H$94,0),0))} -> 7 | W21: {=IF(R21="",0,IFERROR(XLOOKUP(R21,'Live Medal Table'!$B$2:$B$94,'Live Medal Table'!$I$2:$I$94,0),0))} -> 12 | X21: =U21*3*T21 -> 45 | Y21: =V21*2*T21 -> 42 | Z21: =W21*1*T21 -> 36 | AA21: =X21+Y21+Z21 -> 123 | AB21: {=IF(R21="",FALSE,IFERROR(AND(ISNUMBER(MATCH(R21,'Live Medal Table'!$B$2:$B$94,0)),XLOOKUP(R21,'Live Medal Table'!$B$2:$B$94,Countries!$I$2:$I$72,FALSE)),FALSE))} -> FALSE
G22: =IFERROR(__xludf.DUMMYFUNCTION("""COMPUTED_VALUE"""),"Tate McRae ") -> Tate McRae | N22: {=IFERROR(IF(INDEX(Entries!$C$2:$C$47,3)="","",INDEX(Entries!$Q$2:$Q$47,3)),"")} -> Jack_Jansen_Jack Jansen | O22: {=IF(N22="","",IFERROR(INDEX(Entries!$E$2:$E$47,3),""))} -> Jack Jansen | P22: =IF(N22="","","Tier4_Pick1") -> Tier4_Pick1 | Q22: =IF(N22="","",4) -> 4 | R22: {=IF(N22="","",IFERROR(INDEX(Entries!$I$2:$I$47,3),""))} -> Czech Republic | S22: {=IF(R22="","",IFERROR(XLOOKUP(R22,'Live Medal Table'!$B$2:$B$94,'Live Medal Table'!$C$2:$C$94,"???"),"???"))} -> CZE | T22: {=IF(R22="",0,IFERROR(XLOOKUP(R22,'Live Medal Table'!$B$2:$B$94,'Live Medal Table'!$F$2:$F$94,0),0))} -> 6 | U22: {=IF(R22="",0,IFERROR(XLOOKUP(R22,'Live Medal Table'!$B$2:$B$94,'Live Medal Table'!$G$2:$G$94,0),0))} -> 2 | V22: {=IF(R22="",0,IFERROR(XLOOKUP(R22,'Live Medal Table'!$B$2:$B$94,'Live Medal Table'!$H$2:$H$94,0),0))} -> 2 | W22: {=IF(R22="",0,IFERROR(XLOOKUP(R22,'Live Medal Table'!$B$2:$B$94,'Live Medal Table'!$I$2:$I$94,0),0))} -> 1 | X22: =U22*3*T22 -> 36 | Y22: =V22*2*T22 -> 24 | Z22: =W22*1*T22 -> 6 | AA22: =X22+Y22+Z22 -> 66 | AB22: {=IF(R22="",FALSE,IFERROR(AND(ISNUMBER(MATCH(R22,'Live Medal Table'!$B$2:$B$94,0)),XLOOKUP(R22,'Live Medal Table'!$B$2:$B$94,Countries!$I$2:$I$72,FALSE)),FALSE))} -> FALSE
G23: =IFERROR(__xludf.DUMMYFUNCTION("""COMPUTED_VALUE"""),"Wicks") -> Wicks | N23: {=IFERROR(IF(INDEX(Entries!$C$2:$C$47,3)="","",INDEX(Entries!$Q$2:$Q$47,3)),"")} -> Jack_Jansen_Jack Jansen | O23: {=IF(N23="","",IFERROR(INDEX(Entries!$E$2:$E$47,3),""))} -> Jack Jansen | P23: =IF(N23="","","Tier5_Pick1") -> Tier5_Pick1 | Q23: =IF(N23="","",5) -> 5 | R23: {=IF(N23="","",IFERROR(INDEX(Entries!$J$2:$J$47,3),""))} -> Poland | S23: {=IF(R23="","",IFERROR(XLOOKUP(R23,'Live Medal Table'!$B$2:$B$94,'Live Medal Table'!$C$2:$C$94,"???"),"???"))} -> POL | T23: {=IF(R23="",0,IFERROR(XLOOKUP(R23,'Live Medal Table'!$B$2:$B$94,'Live Medal Table'!$F$2:$F$94,0),0))} -> 10 | U23: {=IF(R23="",0,IFERROR(XLOOKUP(R23,'Live Medal Table'!$B$2:$B$94,'Live Medal Table'!$G$2:$G$94,0),0))} -> 0 | V23: {=IF(R23="",0,IFERROR(XLOOKUP(R23,'Live Medal Table'!$B$2:$B$94,'Live Medal Table'!$H$2:$H$94,0),0))} -> 3 | W23: {=IF(R23="",0,IFERROR(XLOOKUP(R23,'Live Medal Table'!$B$2:$B$94,'Live Medal Table'!$I$2:$I$94,0),0))} -> 1 | X23: =U23*3*T23 -> 0 | Y23: =V23*2*T23 -> 60 | Z23: =W23*1*T23 -> 10 | AA23: =X23+Y23+Z23 -> 70 | AB23: {=IF(R23="",FALSE,IFERROR(AND(ISNUMBER(MATCH(R23,'Live Medal Table'!$B$2:$B$94,0)),XLOOKUP(R23,'Live Medal Table'!$B$2:$B$94,Countries!$I$2:$I$72,FALSE)),FALSE))} -> FALSE
G24: =IFERROR(__xludf.DUMMYFUNCTION("""COMPUTED_VALUE"""),"Wyatt") -> Wyatt | N24: {=IFERROR(IF(INDEX(Entries!$C$2:$C$47,3)="","",INDEX(Entries!$Q$2:$Q$47,3)),"")} -> Jack_Jansen_Jack Jansen | O24: {=IF(N24="","",IFERROR(INDEX(Entries!$E$2:$E$47,3),""))} -> Jack Jansen | P24: =IF(N24="","","Tier6_Pick1") -> Tier6_Pick1 | Q24: =IF(N24="","",6) -> 6 | R24: {=IF(N24="","",IFERROR(INDEX(Entries!$O$2:$O$47,3),""))} -> Belgium | S24: {=IF(R24="","",IFERROR(XLOOKUP(R24,'Live Medal Table'!$B$2:$B$94,'Live Medal Table'!$C$2:$C$94,"???"),"???"))} -> BEL | T24: {=IF(R24="",0,IFERROR(XLOOKUP(R24,'Live Medal Table'!$B$2:$B$94,'Live Medal Table'!$F$2:$F$94,0),0))} -> 20 | U24: {=IF(R24="",0,IFERROR(XLOOKUP(R24,'Live Medal Table'!$B$2:$B$94,'Live Medal Table'!$G$2:$G$94,0),0))} -> 0 | V24: {=IF(R24="",0,IFERROR(XLOOKUP(R24,'Live Medal Table'!$B$2:$B$94,'Live Medal Table'!$H$2:$H$94,0),0))} -> 0 | W24: {=IF(R24="",0,IFERROR(XLOOKUP(R24,'Live Medal Table'!$B$2:$B$94,'Live Medal Table'!$I$2:$I$94,0),0))} -> 1 | X24: =U24*3*T24 -> 0 | Y24: =V24*2*T24 -> 0 | Z24: =W24*1*T24 -> 20 | AA24: =X24+Y24+Z24 -> 20 | AB24: {=IF(R24="",FALSE,IFERROR(AND(ISNUMBER(MATCH(R24,'Live Medal Table'!$B$2:$B$94,0)),XLOOKUP(R24,'Live Medal Table'!$B$2:$B$94,Countries!$I$2:$I$72,FALSE)),FALSE))} -> FALSE
N25: {=IFERROR(IF(INDEX(Entries!$C$2:$C$47,3)="","",INDEX(Entries!$Q$2:$Q$47,3)),"")} -> Jack_Jansen_Jack Jansen | O25: {=IF(N25="","",IFERROR(INDEX(Entries!$E$2:$E$47,3),""))} -> Jack Jansen | P25: =IF(N25="","","Tier6_Pick2") -> Tier6_Pick2 | Q25: =IF(N25="","",6) -> 6 | R25: {=IF(N25="","",IFERROR(INDEX(Entries!$P$2:$P$47,3),""))} -> Denmark | S25: {=IF(R25="","",IFERROR(XLOOKUP(R25,'Live Medal Table'!$B$2:$B$94,'Live Medal Table'!$C$2:$C$94,"???"),"???"))} -> DEN | T25: {=IF(R25="",0,IFERROR(XLOOKUP(R25,'Live Medal Table'!$B$2:$B$94,'Live Medal Table'!$F$2:$F$94,0),0))} -> 20 | U25: {=IF(R25="",0,IFERROR(XLOOKUP(R25,'Live Medal Table'!$B$2:$B$94,'Live Medal Table'!$G$2:$G$94,0),0))} -> 0 | V25: {=IF(R25="",0,IFERROR(XLOOKUP(R25,'Live Medal Table'!$B$2:$B$94,'Live Medal Table'!$H$2:$H$94,0),0))} -> 1 | W25: {=IF(R25="",0,IFERROR(XLOOKUP(R25,'Live Medal Table'!$B$2:$B$94,'Live Medal Table'!$I$2:$I$94,0),0))} -> 0 | X25: =U25*3*T25 -> 0 | Y25: =V25*2*T25 -> 40 | Z25: =W25*1*T25 -> 0 | AA25: =X25+Y25+Z25 -> 40 | AB25: {=IF(R25="",FALSE,IFERROR(AND(ISNUMBER(MATCH(R25,'Live Medal Table'!$B$2:$B$94,0)),XLOOKUP(R25,'Live Medal Table'!$B$2:$B$94,Countries!$I$2:$I$72,FALSE)),FALSE))} -> FALSE
N26: {=IFERROR(IF(INDEX(Entries!$C$2:$C$47,4)="","",INDEX(Entries!$Q$2:$Q$47,4)),"")} -> Charlie_Kaufmann_Charlie | O26: {=IF(N26="","",IFERROR(INDEX(Entries!$E$2:$E$47,4),""))} -> Charlie | P26: =IF(N26="","","Tier1_Pick1") -> Tier1_Pick1 | Q26: =IF(N26="","",1) -> 1 | R26: {=IF(N26="","",IFERROR(INDEX(Entries!$F$2:$F$47,4),""))} -> Norway | S26: {=IF(R26="","",IFERROR(XLOOKUP(R26,'Live Medal Table'!$B$2:$B$94,'Live Medal Table'!$C$2:$C$94,"???"),"???"))} -> NOR | T26: {=IF(R26="",0,IFERROR(XLOOKUP(R26,'Live Medal Table'!$B$2:$B$94,'Live Medal Table'!$F$2:$F$94,0),0))} -> 1 | U26: {=IF(R26="",0,IFERROR(XLOOKUP(R26,'Live Medal Table'!$B$2:$B$94,'Live Medal Table'!$G$2:$G$94,0),0))} -> 18 | V26: {=IF(R26="",0,IFERROR(XLOOKUP(R26,'Live Medal Table'!$B$2:$B$94,'Live Medal Table'!$H$2:$H$94,0),0))} -> 12 | W26: {=IF(R26="",0,IFERROR(XLOOKUP(R26,'Live Medal Table'!$B$2:$B$94,'Live Medal Table'!$I$2:$I$94,0),0))} -> 11 | X26: =U26*3*T26 -> 54 | Y26: =V26*2*T26 -> 24 | Z26: =W26*1*T26 -> 11 | AA26: =X26+Y26+Z26 -> 89 | AB26: {=IF(R26="",FALSE,IFERROR(AND(ISNUMBER(MATCH(R26,'Live Medal Table'!$B$2:$B$94,0)),XLOOKUP(R26,'Live Medal Table'!$B$2:$B$94,Countries!$I$2:$I$72,FALSE)),FALSE))} -> FALSE
N27: {=IFERROR(IF(INDEX(Entries!$C$2:$C$47,4)="","",INDEX(Entries!$Q$2:$Q$47,4)),"")} -> Charlie_Kaufmann_Charlie | O27: {=IF(N27="","",IFERROR(INDEX(Entries!$E$2:$E$47,4),""))} -> Charlie | P27: =IF(N27="","","Tier2_Pick1") -> Tier2_Pick1 | Q27: =IF(N27="","",2) -> 2 | R27: {=IF(N27="","",IFERROR(INDEX(Entries!$M$2:$M$47,4),""))} -> Austria | S27: {=IF(R27="","",IFERROR(XLOOKUP(R27,'Live Medal Table'!$B$2:$B$94,'Live Medal Table'!$C$2:$C$94,"???"),"???"))} -> AUT | T27: {=IF(R27="",0,IFERROR(XLOOKUP(R27,'Live Medal Table'!$B$2:$B$94,'Live Medal Table'!$F$2:$F$94,0),0))} -> 2 | U27: {=IF(R27="",0,IFERROR(XLOOKUP(R27,'Live Medal Table'!$B$2:$B$94,'Live Medal Table'!$G$2:$G$94,0),0))} -> 5 | V27: {=IF(R27="",0,IFERROR(XLOOKUP(R27,'Live Medal Table'!$B$2:$B$94,'Live Medal Table'!$H$2:$H$94,0),0))} -> 8 | W27: {=IF(R27="",0,IFERROR(XLOOKUP(R27,'Live Medal Table'!$B$2:$B$94,'Live Medal Table'!$I$2:$I$94,0),0))} -> 5 | X27: =U27*3*T27 -> 30 | Y27: =V27*2*T27 -> 32 | Z27: =W27*1*T27 -> 10 | AA27: =X27+Y27+Z27 -> 72 | AB27: {=IF(R27="",FALSE,IFERROR(AND(ISNUMBER(MATCH(R27,'Live Medal Table'!$B$2:$B$94,0)),XLOOKUP(R27,'Live Medal Table'!$B$2:$B$94,Countries!$I$2:$I$72,FALSE)),FALSE))} -> FALSE
N28: {=IFERROR(IF(INDEX(Entries!$C$2:$C$47,4)="","",INDEX(Entries!$Q$2:$Q$47,4)),"")} -> Charlie_Kaufmann_Charlie | O28: {=IF(N28="","",IFERROR(INDEX(Entries!$E$2:$E$47,4),""))} -> Charlie | P28: =IF(N28="","","Tier2_Pick2") -> Tier2_Pick2 | Q28: =IF(N28="","",2) -> 2 | R28: {=IF(N28="","",IFERROR(INDEX(Entries!$N$2:$N$47,4),""))} -> Sweden | S28: {=IF(R28="","",IFERROR(XLOOKUP(R28,'Live Medal Table'!$B$2:$B$94,'Live Medal Table'!$C$2:$C$94,"???"),"???"))} -> SWE | T28: {=IF(R28="",0,IFERROR(XLOOKUP(R28,'Live Medal Table'!$B$2:$B$94,'Live Medal Table'!$F$2:$F$94,0),0))} -> 2 | U28: {=IF(R28="",0,IFERROR(XLOOKUP(R28,'Live Medal Table'!$B$2:$B$94,'Live Medal Table'!$G$2:$G$94,0),0))} -> 8 | V28: {=IF(R28="",0,IFERROR(XLOOKUP(R28,'Live Medal Table'!$B$2:$B$94,'Live Medal Table'!$H$2:$H$94,0),0))} -> 6 | W28: {=IF(R28="",0,IFERROR(XLOOKUP(R28,'Live Medal Table'!$B$2:$B$94,'Live Medal Table'!$I$2:$I$94,0),0))} -> 4 | X28: =U28*3*T28 -> 48 | Y28: =V28*2*T28 -> 24 | Z28: =W28*1*T28 -> 8 | AA28: =X28+Y28+Z28 -> 80 | AB28: {=IF(R28="",FALSE,IFERROR(AND(ISNUMBER(MATCH(R28,'Live Medal Table'!$B$2:$B$94,0)),XLOOKUP(R28,'Live Medal Table'!$B$2:$B$94,Countries!$I$2:$I$72,FALSE)),FALSE))} -> FALSE
N29: {=IFERROR(IF(INDEX(Entries!$C$2:$C$47,4)="","",INDEX(Entries!$Q$2:$Q$47,4)),"")} -> Charlie_Kaufmann_Charlie | O29: {=IF(N29="","",IFERROR(INDEX(Entries!$E$2:$E$47,4),""))} -> Charlie | P29: =IF(N29="","","Tier3_Pick1") -> Tier3_Pick1 | Q29: =IF(N29="","",3) -> 3 | R29: {=IF(N29="","",IFERROR(INDEX(Entries!$H$2:$H$47,4),""))} -> Japan | S29: {=IF(R29="","",IFERROR(XLOOKUP(R29,'Live Medal Table'!$B$2:$B$94,'Live Medal Table'!$C$2:$C$94,"???"),"???"))} -> JPN | T29: {=IF(R29="",0,IFERROR(XLOOKUP(R29,'Live Medal Table'!$B$2:$B$94,'Live Medal Table'!$F$2:$F$94,0),0))} -> 3 | U29: {=IF(R29="",0,IFERROR(XLOOKUP(R29,'Live Medal Table'!$B$2:$B$94,'Live Medal Table'!$G$2:$G$94,0),0))} -> 5 | V29: {=IF(R29="",0,IFERROR(XLOOKUP(R29,'Live Medal Table'!$B$2:$B$94,'Live Medal Table'!$H$2:$H$94,0),0))} -> 7 | W29: {=IF(R29="",0,IFERROR(XLOOKUP(R29,'Live Medal Table'!$B$2:$B$94,'Live Medal Table'!$I$2:$I$94,0),0))} -> 12 | X29: =U29*3*T29 -> 45 | Y29: =V29*2*T29 -> 42 | Z29: =W29*1*T29 -> 36 | AA29: =X29+Y29+Z29 -> 123 | AB29: {=IF(R29="",FALSE,IFERROR(AND(ISNUMBER(MATCH(R29,'Live Medal Table'!$B$2:$B$94,0)),XLOOKUP(R29,'Live Medal Table'!$B$2:$B$94,Countries!$I$2:$I$72,FALSE)),FALSE))} -> FALSE
N30: {=IFERROR(IF(INDEX(Entries!$C$2:$C$47,4)="","",INDEX(Entries!$Q$2:$Q$47,4)),"")} -> Charlie_Kaufmann_Charlie | O30: {=IF(N30="","",IFERROR(INDEX(Entries!$E$2:$E$47,4),""))} -> Charlie | P30: =IF(N30="","","Tier4_Pick1") -> Tier4_Pick1 | Q30: =IF(N30="","",4) -> 4 | R30: {=IF(N30="","",IFERROR(INDEX(Entries!$I$2:$I$47,4),""))} -> Czech Republic | S30: {=IF(R30="","",IFERROR(XLOOKUP(R30,'Live Medal Table'!$B$2:$B$94,'Live Medal Table'!$C$2:$C$94,"???"),"???"))} -> CZE | T30: {=IF(R30="",0,IFERROR(XLOOKUP(R30,'Live Medal Table'!$B$2:$B$94,'Live Medal Table'!$F$2:$F$94,0),0))} -> 6 | U30: {=IF(R30="",0,IFERROR(XLOOKUP(R30,'Live Medal Table'!$B$2:$B$94,'Live Medal Table'!$G$2:$G$94,0),0))} -> 2 | V30: {=IF(R30="",0,IFERROR(XLOOKUP(R30,'Live Medal Table'!$B$2:$B$94,'Live Medal Table'!$H$2:$H$94,0),0))} -> 2 | W30: {=IF(R30="",0,IFERROR(XLOOKUP(R30,'Live Medal Table'!$B$2:$B$94,'Live Medal Table'!$I$2:$I$94,0),0))} -> 1 | X30: =U30*3*T30 -> 36 | Y30: =V30*2*T30 -> 24 | Z30: =W30*1*T30 -> 6 | AA30: =X30+Y30+Z30 -> 66 | AB30: {=IF(R30="",FALSE,IFERROR(AND(ISNUMBER(MATCH(R30,'Live Medal Table'!$B$2:$B$94,0)),XLOOKUP(R30,'Live Medal Table'!$B$2:$B$94,Countries!$I$2:$I$72,FALSE)),FALSE))} -> FALSE
N31: {=IFERROR(IF(INDEX(Entries!$C$2:$C$47,4)="","",INDEX(Entries!$Q$2:$Q$47,4)),"")} -> Charlie_Kaufmann_Charlie | O31: {=IF(N31="","",IFERROR(INDEX(Entries!$E$2:$E$47,4),""))} -> Charlie | P31: =IF(N31="","","Tier5_Pick1") -> Tier5_Pick1 | Q31: =IF(N31="","",5) -> 5 | R31: {=IF(N31="","",IFERROR(INDEX(Entries!$J$2:$J$47,4),""))} -> Australia | S31: {=IF(R31="","",IFERROR(XLOOKUP(R31,'Live Medal Table'!$B$2:$B$94,'Live Medal Table'!$C$2:$C$94,"???"),"???"))} -> AUS | T31: {=IF(R31="",0,IFERROR(XLOOKUP(R31,'Live Medal Table'!$B$2:$B$94,'Live Medal Table'!$F$2:$F$94,0),0))} -> 10 | U31: {=IF(R31="",0,IFERROR(XLOOKUP(R31,'Live Medal Table'!$B$2:$B$94,'Live Medal Table'!$G$2:$G$94,0),0))} -> 3 | V31: {=IF(R31="",0,IFERROR(XLOOKUP(R31,'Live Medal Table'!$B$2:$B$94,'Live Medal Table'!$H$2:$H$94,0),0))} -> 2 | W31: {=IF(R31="",0,IFERROR(XLOOKUP(R31,'Live Medal Table'!$B$2:$B$94,'Live Medal Table'!$I$2:$I$94,0),0))} -> 1 | X31: =U31*3*T31 -> 90 | Y31: =V31*2*T31 -> 40 | Z31: =W31*1*T31 -> 10 | AA31: =X31+Y31+Z31 -> 140 | AB31: {=IF(R31="",FALSE,IFERROR(AND(ISNUMBER(MATCH(R31,'Live Medal Table'!$B$2:$B$94,0)),XLOOKUP(R31,'Live Medal Table'!$B$2:$B$94,Countries!$I$2:$I$72,FALSE)),FALSE))} -> FALSE
N32: {=IFERROR(IF(INDEX(Entries!$C$2:$C$47,4)="","",INDEX(Entries!$Q$2:$Q$47,4)),"")} -> Charlie_Kaufmann_Charlie | O32: {=IF(N32="","",IFERROR(INDEX(Entries!$E$2:$E$47,4),""))} -> Charlie | P32: =IF(N32="","","Tier6_Pick1") -> Tier6_Pick1 | Q32: =IF(N32="","",6) -> 6 | R32: {=IF(N32="","",IFERROR(INDEX(Entries!$O$2:$O$47,4),""))} -> Chile | S32: {=IF(R32="","",IFERROR(XLOOKUP(R32,'Live Medal Table'!$B$2:$B$94,'Live Medal Table'!$C$2:$C$94,"???"),"???"))} -> CHI | T32: {=IF(R32="",0,IFERROR(XLOOKUP(R32,'Live Medal Table'!$B$2:$B$94,'Live Medal Table'!$F$2:$F$94,0),0))} -> 20 | U32: {=IF(R32="",0,IFERROR(XLOOKUP(R32,'Live Medal Table'!$B$2:$B$94,'Live Medal Table'!$G$2:$G$94,0),0))} -> 0 | V32: {=IF(R32="",0,IFERROR(XLOOKUP(R32,'Live Medal Table'!$B$2:$B$94,'Live Medal Table'!$H$2:$H$94,0),0))} -> 0 | W32: {=IF(R32="",0,IFERROR(XLOOKUP(R32,'Live Medal Table'!$B$2:$B$94,'Live Medal Table'!$I$2:$I$94,0),0))} -> 0 | X32: =U32*3*T32 -> 0 | Y32: =V32*2*T32 -> 0 | Z32: =W32*1*T32 -> 0 | AA32: =X32+Y32+Z32 -> 0 | AB32: {=IF(R32="",FALSE,IFERROR(AND(ISNUMBER(MATCH(R32,'Live Medal Table'!$B$2:$B$94,0)),XLOOKUP(R32,'Live Medal Table'!$B$2:$B$94,Countries!$I$2:$I$72,FALSE)),FALSE))} -> FALSE
N33: {=IFERROR(IF(INDEX(Entries!$C$2:$C$47,4)="","",INDEX(Entries!$Q$2:$Q$47,4)),"")} -> Charlie_Kaufmann_Charlie | O33: {=IF(N33="","",IFERROR(INDEX(Entries!$E$2:$E$47,4),""))} -> Charlie | P33: =IF(N33="","","Tier6_Pick2") -> Tier6_Pick2 | Q33: =IF(N33="","",6) -> 6 | R33: {=IF(N33="","",IFERROR(INDEX(Entries!$P$2:$P$47,4),""))} -> Chinese Taipei | S33: {=IF(R33="","",IFERROR(XLOOKUP(R33,'Live Medal Table'!$B$2:$B$94,'Live Medal Table'!$C$2:$C$94,"???"),"???"))} -> TPE | T33: {=IF(R33="",0,IFERROR(XLOOKUP(R33,'Live Medal Table'!$B$2:$B$94,'Live Medal Table'!$F$2:$F$94,0),0))} -> 20 | U33: {=IF(R33="",0,IFERROR(XLOOKUP(R33,'Live Medal Table'!$B$2:$B$94,'Live Medal Table'!$G$2:$G$94,0),0))} -> 0 | V33: {=IF(R33="",0,IFERROR(XLOOKUP(R33,'Live Medal Table'!$B$2:$B$94,'Live Medal Table'!$H$2:$H$94,0),0))} -> 0 | W33: {=IF(R33="",0,IFERROR(XLOOKUP(R33,'Live Medal Table'!$B$2:$B$94,'Live Medal Table'!$I$2:$I$94,0),0))} -> 0 | X33: =U33*3*T33 -> 0 | Y33: =V33*2*T33 -> 0 | Z33: =W33*1*T33 -> 0 | AA33: =X33+Y33+Z33 -> 0 | AB33: {=IF(R33="",FALSE,IFERROR(AND(ISNUMBER(MATCH(R33,'Live Medal Table'!$B$2:$B$94,0)),XLOOKUP(R33,'Live Medal Table'!$B$2:$B$94,Countries!$I$2:$I$72,FALSE)),FALSE))} -> FALSE
N34: {=IFERROR(IF(INDEX(Entries!$C$2:$C$47,5)="","",INDEX(Entries!$Q$2:$Q$47,5)),"")} -> John_Murphy_Murph | O34: {=IF(N34="","",IFERROR(INDEX(Entries!$E$2:$E$47,5),""))} -> Murph | P34: =IF(N34="","","Tier1_Pick1") -> Tier1_Pick1 | Q34: =IF(N34="","",1) -> 1 | R34: {=IF(N34="","",IFERROR(INDEX(Entries!$F$2:$F$47,5),""))} -> Norway | S34: {=IF(R34="","",IFERROR(XLOOKUP(R34,'Live Medal Table'!$B$2:$B$94,'Live Medal Table'!$C$2:$C$94,"???"),"???"))} -> NOR | T34: {=IF(R34="",0,IFERROR(XLOOKUP(R34,'Live Medal Table'!$B$2:$B$94,'Live Medal Table'!$F$2:$F$94,0),0))} -> 1 | U34: {=IF(R34="",0,IFERROR(XLOOKUP(R34,'Live Medal Table'!$B$2:$B$94,'Live Medal Table'!$G$2:$G$94,0),0))} -> 18 | V34: {=IF(R34="",0,IFERROR(XLOOKUP(R34,'Live Medal Table'!$B$2:$B$94,'Live Medal Table'!$H$2:$H$94,0),0))} -> 12 | W34: {=IF(R34="",0,IFERROR(XLOOKUP(R34,'Live Medal Table'!$B$2:$B$94,'Live Medal Table'!$I$2:$I$94,0),0))} -> 11 | X34: =U34*3*T34 -> 54 | Y34: =V34*2*T34 -> 24 | Z34: =W34*1*T34 -> 11 | AA34: =X34+Y34+Z34 -> 89 | AB34: {=IF(R34="",FALSE,IFERROR(AND(ISNUMBER(MATCH(R34,'Live Medal Table'!$B$2:$B$94,0)),XLOOKUP(R34,'Live Medal Table'!$B$2:$B$94,Countries!$I$2:$I$72,FALSE)),FALSE))} -> FALSE
N35: {=IFERROR(IF(INDEX(Entries!$C$2:$C$47,5)="","",INDEX(Entries!$Q$2:$Q$47,5)),"")} -> John_Murphy_Murph | O35: {=IF(N35="","",IFERROR(INDEX(Entries!$E$2:$E$47,5),""))} -> Murph | P35: =IF(N35="","","Tier2_Pick1") -> Tier2_Pick1 | Q35: =IF(N35="","",2) -> 2 | R35: {=IF(N35="","",IFERROR(INDEX(Entries!$M$2:$M$47,5),""))} -> Netherlands | S35: {=IF(R35="","",IFERROR(XLOOKUP(R35,'Live Medal Table'!$B$2:$B$94,'Live Medal Table'!$C$2:$C$94,"???"),"???"))} -> NED | T35: {=IF(R35="",0,IFERROR(XLOOKUP(R35,'Live Medal Table'!$B$2:$B$94,'Live Medal Table'!$F$2:$F$94,0),0))} -> 2 | U35: {=IF(R35="",0,IFERROR(XLOOKUP(R35,'Live Medal Table'!$B$2:$B$94,'Live Medal Table'!$G$2:$G$94,0),0))} -> 10 | V35: {=IF(R35="",0,IFERROR(XLOOKUP(R35,'Live Medal Table'!$B$2:$B$94,'Live Medal Table'!$H$2:$H$94,0),0))} -> 7 | W35: {=IF(R35="",0,IFERROR(XLOOKUP(R35,'Live Medal Table'!$B$2:$B$94,'Live Medal Table'!$I$2:$I$94,0),0))} -> 3 | X35: =U35*3*T35 -> 60 | Y35: =V35*2*T35 -> 28 | Z35: =W35*1*T35 -> 6 | AA35: =X35+Y35+Z35 -> 94 | AB35: {=IF(R35="",FALSE,IFERROR(AND(ISNUMBER(MATCH(R35,'Live Medal Table'!$B$2:$B$94,0)),XLOOKUP(R35,'Live Medal Table'!$B$2:$B$94,Countries!$I$2:$I$72,FALSE)),FALSE))} -> FALSE
N36: {=IFERROR(IF(INDEX(Entries!$C$2:$C$47,5)="","",INDEX(Entries!$Q$2:$Q$47,5)),"")} -> John_Murphy_Murph | O36: {=IF(N36="","",IFERROR(INDEX(Entries!$E$2:$E$47,5),""))} -> Murph | P36: =IF(N36="","","Tier2_Pick2") -> Tier2_Pick2 | Q36: =IF(N36="","",2) -> 2 | R36: {=IF(N36="","",IFERROR(INDEX(Entries!$N$2:$N$47,5),""))} -> Switzerland | S36: {=IF(R36="","",IFERROR(XLOOKUP(R36,'Live Medal Table'!$B$2:$B$94,'Live Medal Table'!$C$2:$C$94,"???"),"???"))} -> SUI | T36: {=IF(R36="",0,IFERROR(XLOOKUP(R36,'Live Medal Table'!$B$2:$B$94,'Live Medal Table'!$F$2:$F$94,0),0))} -> 2 | U36: {=IF(R36="",0,IFERROR(XLOOKUP(R36,'Live Medal Table'!$B$2:$B$94,'Live Medal Table'!$G$2:$G$94,0),0))} -> 6 | V36: {=IF(R36="",0,IFERROR(XLOOKUP(R36,'Live Medal Table'!$B$2:$B$94,'Live Medal Table'!$H$2:$H$94,0),0))} -> 9 | W36: {=IF(R36="",0,IFERROR(XLOOKUP(R36,'Live Medal Table'!$B$2:$B$94,'Live Medal Table'!$I$2:$I$94,0),0))} -> 8 | X36: =U36*3*T36 -> 36 | Y36: =V36*2*T36 -> 36 | Z36: =W36*1*T36 -> 16 | AA36: =X36+Y36+Z36 -> 88 | AB36: {=IF(R36="",FALSE,IFERROR(AND(ISNUMBER(MATCH(R36,'Live Medal Table'!$B$2:$B$94,0)),XLOOKUP(R36,'Live Medal Table'!$B$2:$B$94,Countries!$I$2:$I$72,FALSE)),FALSE))} -> FALSE
N37: {=IFERROR(IF(INDEX(Entries!$C$2:$C$47,5)="","",INDEX(Entries!$Q$2:$Q$47,5)),"")} -> John_Murphy_Murph | O37: {=IF(N37="","",IFERROR(INDEX(Entries!$E$2:$E$47,5),""))} -> Murph | P37: =IF(N37="","","Tier3_Pick1") -> Tier3_Pick1 | Q37: =IF(N37="","",3) -> 3 | R37: {=IF(N37="","",IFERROR(INDEX(Entries!$H$2:$H$47,5),""))} -> Japan | S37: {=IF(R37="","",IFERROR(XLOOKUP(R37,'Live Medal Table'!$B$2:$B$94,'Live Medal Table'!$C$2:$C$94,"???"),"???"))} -> JPN | T37: {=IF(R37="",0,IFERROR(XLOOKUP(R37,'Live Medal Table'!$B$2:$B$94,'Live Medal Table'!$F$2:$F$94,0),0))} -> 3 | U37: {=IF(R37="",0,IFERROR(XLOOKUP(R37,'Live Medal Table'!$B$2:$B$94,'Live Medal Table'!$G$2:$G$94,0),0))} -> 5 | V37: {=IF(R37="",0,IFERROR(XLOOKUP(R37,'Live Medal Table'!$B$2:$B$94,'Live Medal Table'!$H$2:$H$94,0),0))} -> 7 | W37: {=IF(R37="",0,IFERROR(XLOOKUP(R37,'Live Medal Table'!$B$2:$B$94,'Live Medal Table'!$I$2:$I$94,0),0))} -> 12 | X37: =U37*3*T37 -> 45 | Y37: =V37*2*T37 -> 42 | Z37: =W37*1*T37 -> 36 | AA37: =X37+Y37+Z37 -> 123 | AB37: {=IF(R37="",FALSE,IFERROR(AND(ISNUMBER(MATCH(R37,'Live Medal Table'!$B$2:$B$94,0)),XLOOKUP(R37,'Live Medal Table'!$B$2:$B$94,Countries!$I$2:$I$72,FALSE)),FALSE))} -> FALSE
N38: {=IFERROR(IF(INDEX(Entries!$C$2:$C$47,5)="","",INDEX(Entries!$Q$2:$Q$47,5)),"")} -> John_Murphy_Murph | O38: {=IF(N38="","",IFERROR(INDEX(Entries!$E$2:$E$47,5),""))} -> Murph | P38: =IF(N38="","","Tier4_Pick1") -> Tier4_Pick1 | Q38: =IF(N38="","",4) -> 4 | R38: {=IF(N38="","",IFERROR(INDEX(Entries!$I$2:$I$47,5),""))} -> Finland | S38: {=IF(R38="","",IFERROR(XLOOKUP(R38,'Live Medal Table'!$B$2:$B$94,'Live Medal Table'!$C$2:$C$94,"???"),"???"))} -> FIN | T38: {=IF(R38="",0,IFERROR(XLOOKUP(R38,'Live Medal Table'!$B$2:$B$94,'Live Medal Table'!$F$2:$F$94,0),0))} -> 6 | U38: {=IF(R38="",0,IFERROR(XLOOKUP(R38,'Live Medal Table'!$B$2:$B$94,'Live Medal Table'!$G$2:$G$94,0),0))} -> 0 | V38: {=IF(R38="",0,IFERROR(XLOOKUP(R38,'Live Medal Table'!$B$2:$B$94,'Live Medal Table'!$H$2:$H$94,0),0))} -> 1 | W38: {=IF(R38="",0,IFERROR(XLOOKUP(R38,'Live Medal Table'!$B$2:$B$94,'Live Medal Table'!$I$2:$I$94,0),0))} -> 5 | X38: =U38*3*T38 -> 0 | Y38: =V38*2*T38 -> 12 | Z38: =W38*1*T38 -> 30 | AA38: =X38+Y38+Z38 -> 42 | AB38: {=IF(R38="",FALSE,IFERROR(AND(ISNUMBER(MATCH(R38,'Live Medal Table'!$B$2:$B$94,0)),XLOOKUP(R38,'Live Medal Table'!$B$2:$B$94,Countries!$I$2:$I$72,FALSE)),FALSE))} -> FALSE
N39: {=IFERROR(IF(INDEX(Entries!$C$2:$C$47,5)="","",INDEX(Entries!$Q$2:$Q$47,5)),"")} -> John_Murphy_Murph | O39: {=IF(N39="","",IFERROR(INDEX(Entries!$E$2:$E$47,5),""))} -> Murph | P39: =IF(N39="","","Tier5_Pick1") -> Tier5_Pick1 | Q39: =IF(N39="","",5) -> 5 | R39: {=IF(N39="","",IFERROR(INDEX(Entries!$J$2:$J$47,5),""))} -> Great Britain | S39: {=IF(R39="","",IFERROR(XLOOKUP(R39,'Live Medal Table'!$B$2:$B$94,'Live Medal Table'!$C$2:$C$94,"???"),"???"))} -> GBR | T39: {=IF(R39="",0,IFERROR(XLOOKUP(R39,'Live Medal Table'!$B$2:$B$94,'Live Medal Table'!$F$2:$F$94,0),0))} -> 10 | U39: {=IF(R39="",0,IFERROR(XLOOKUP(R39,'Live Medal Table'!$B$2:$B$94,'Live Medal Table'!$G$2:$G$94,0),0))} -> 3 | V39: {=IF(R39="",0,IFERROR(XLOOKUP(R39,'Live Medal Table'!$B$2:$B$94,'Live Medal Table'!$H$2:$H$94,0),0))} -> 1 | W39: {=IF(R39="",0,IFERROR(XLOOKUP(R39,'Live Medal Table'!$B$2:$B$94,'Live Medal Table'!$I$2:$I$94,0),0))} -> 1 | X39: =U39*3*T39 -> 90 | Y39: =V39*2*T39 -> 20 | Z39: =W39*1*T39 -> 10 | AA39: =X39+Y39+Z39 -> 120 | AB39: {=IF(R39="",FALSE,IFERROR(AND(ISNUMBER(MATCH(R39,'Live Medal Table'!$B$2:$B$94,0)),XLOOKUP(R39,'Live Medal Table'!$B$2:$B$94,Countries!$I$2:$I$72,FALSE)),FALSE))} -> FALSE
N40: {=IFERROR(IF(INDEX(Entries!$C$2:$C$47,5)="","",INDEX(Entries!$Q$2:$Q$47,5)),"")} -> John_Murphy_Murph | O40: {=IF(N40="","",IFERROR(INDEX(Entries!$E$2:$E$47,5),""))} -> Murph | P40: =IF(N40="","","Tier6_Pick1") -> Tier6_Pick1 | Q40: =IF(N40="","",6) -> 6 | R40: {=IF(N40="","",IFERROR(INDEX(Entries!$O$2:$O$47,5),""))} -> Belgium | S40: {=IF(R40="","",IFERROR(XLOOKUP(R40,'Live Medal Table'!$B$2:$B$94,'Live Medal Table'!$C$2:$C$94,"???"),"???"))} -> BEL | T40: {=IF(R40="",0,IFERROR(XLOOKUP(R40,'Live Medal Table'!$B$2:$B$94,'Live Medal Table'!$F$2:$F$94,0),0))} -> 20 | U40: {=IF(R40="",0,IFERROR(XLOOKUP(R40,'Live Medal Table'!$B$2:$B$94,'Live Medal Table'!$G$2:$G$94,0),0))} -> 0 | V40: {=IF(R40="",0,IFERROR(XLOOKUP(R40,'Live Medal Table'!$B$2:$B$94,'Live Medal Table'!$H$2:$H$94,0),0))} -> 0 | W40: {=IF(R40="",0,IFERROR(XLOOKUP(R40,'Live Medal Table'!$B$2:$B$94,'Live Medal Table'!$I$2:$I$94,0),0))} -> 1 | X40: =U40*3*T40 -> 0 | Y40: =V40*2*T40 -> 0 | Z40: =W40*1*T40 -> 20 | AA40: =X40+Y40+Z40 -> 20 | AB40: {=IF(R40="",FALSE,IFERROR(AND(ISNUMBER(MATCH(R40,'Live Medal Table'!$B$2:$B$94,0)),XLOOKUP(R40,'Live Medal Table'!$B$2:$B$94,Countries!$I$2:$I$72,FALSE)),FALSE))} -> FALSE
N41: {=IFERROR(IF(INDEX(Entries!$C$2:$C$47,5)="","",INDEX(Entries!$Q$2:$Q$47,5)),"")} -> John_Murphy_Murph | O41: {=IF(N41="","",IFERROR(INDEX(Entries!$E$2:$E$47,5),""))} -> Murph | P41: =IF(N41="","","Tier6_Pick2") -> Tier6_Pick2 | Q41: =IF(N41="","",6) -> 6 | R41: {=IF(N41="","",IFERROR(INDEX(Entries!$P$2:$P$47,5),""))} -> Spain | S41: {=IF(R41="","",IFERROR(XLOOKUP(R41,'Live Medal Table'!$B$2:$B$94,'Live Medal Table'!$C$2:$C$94,"???"),"???"))} -> ESP | T41: {=IF(R41="",0,IFERROR(XLOOKUP(R41,'Live Medal Table'!$B$2:$B$94,'Live Medal Table'!$F$2:$F$94,0),0))} -> 20 | U41: {=IF(R41="",0,IFERROR(XLOOKUP(R41,'Live Medal Table'!$B$2:$B$94,'Live Medal Table'!$G$2:$G$94,0),0))} -> 1 | V41: {=IF(R41="",0,IFERROR(XLOOKUP(R41,'Live Medal Table'!$B$2:$B$94,'Live Medal Table'!$H$2:$H$94,0),0))} -> 0 | W41: {=IF(R41="",0,IFERROR(XLOOKUP(R41,'Live Medal Table'!$B$2:$B$94,'Live Medal Table'!$I$2:$I$94,0),0))} -> 2 | X41: =U41*3*T41 -> 60 | Y41: =V41*2*T41 -> 0 | Z41: =W41*1*T41 -> 40 | AA41: =X41+Y41+Z41 -> 100 | AB41: {=IF(R41="",FALSE,IFERROR(AND(ISNUMBER(MATCH(R41,'Live Medal Table'!$B$2:$B$94,0)),XLOOKUP(R41,'Live Medal Table'!$B$2:$B$94,Countries!$I$2:$I$72,FALSE)),FALSE))} -> FALSE
N42: {=IFERROR(IF(INDEX(Entries!$C$2:$C$47,6)="","",INDEX(Entries!$Q$2:$Q$47,6)),"")} -> Josh_Caputa_Josh’s Dawgs | O42: {=IF(N42="","",IFERROR(INDEX(Entries!$E$2:$E$47,6),""))} -> Josh’s Dawgs | P42: =IF(N42="","","Tier1_Pick1") -> Tier1_Pick1 | Q42: =IF(N42="","",1) -> 1 | R42: {=IF(N42="","",IFERROR(INDEX(Entries!$F$2:$F$47,6),""))} -> United States | S42: {=IF(R42="","",IFERROR(XLOOKUP(R42,'Live Medal Table'!$B$2:$B$94,'Live Medal Table'!$C$2:$C$94,"???"),"???"))} -> USA | T42: {=IF(R42="",0,IFERROR(XLOOKUP(R42,'Live Medal Table'!$B$2:$B$94,'Live Medal Table'!$F$2:$F$94,0),0))} -> 1 | U42: {=IF(R42="",0,IFERROR(XLOOKUP(R42,'Live Medal Table'!$B$2:$B$94,'Live Medal Table'!$G$2:$G$94,0),0))} -> 12 | V42: {=IF(R42="",0,IFERROR(XLOOKUP(R42,'Live Medal Table'!$B$2:$B$94,'Live Medal Table'!$H$2:$H$94,0),0))} -> 12 | W42: {=IF(R42="",0,IFERROR(XLOOKUP(R42,'Live Medal Table'!$B$2:$B$94,'Live Medal Table'!$I$2:$I$94,0),0))} -> 9 | X42: =U42*3*T42 -> 36 | Y42: =V42*2*T42 -> 24 | Z42: =W42*1*T42 -> 9 | AA42: =X42+Y42+Z42 -> 69 | AB42: {=IF(R42="",FALSE,IFERROR(AND(ISNUMBER(MATCH(R42,'Live Medal Table'!$B$2:$B$94,0)),XLOOKUP(R42,'Live Medal Table'!$B$2:$B$94,Countries!$I$2:$I$72,FALSE)),FALSE))} -> FALSE
N43: {=IFERROR(IF(INDEX(Entries!$C$2:$C$47,6)="","",INDEX(Entries!$Q$2:$Q$47,6)),"")} -> Josh_Caputa_Josh’s Dawgs | O43: {=IF(N43="","",IFERROR(INDEX(Entries!$E$2:$E$47,6),""))} -> Josh’s Dawgs | P43: =IF(N43="","","Tier2_Pick1") -> Tier2_Pick1 | Q43: =IF(N43="","",2) -> 2 | R43: {=IF(N43="","",IFERROR(INDEX(Entries!$M$2:$M$47,6),""))} -> France | S43: {=IF(R43="","",IFERROR(XLOOKUP(R43,'Live Medal Table'!$B$2:$B$94,'Live Medal Table'!$C$2:$C$94,"???"),"???"))} -> FRA | T43: {=IF(R43="",0,IFERROR(XLOOKUP(R43,'Live Medal Table'!$B$2:$B$94,'Live Medal Table'!$F$2:$F$94,0),0))} -> 2 | U43: {=IF(R43="",0,IFERROR(XLOOKUP(R43,'Live Medal Table'!$B$2:$B$94,'Live Medal Table'!$G$2:$G$94,0),0))} -> 8 | V43: {=IF(R43="",0,IFERROR(XLOOKUP(R43,'Live Medal Table'!$B$2:$B$94,'Live Medal Table'!$H$2:$H$94,0),0))} -> 9 | W43: {=IF(R43="",0,IFERROR(XLOOKUP(R43,'Live Medal Table'!$B$2:$B$94,'Live Medal Table'!$I$2:$I$94,0),0))} -> 6 | X43: =U43*3*T43 -> 48 | Y43: =V43*2*T43 -> 36 | Z43: =W43*1*T43 -> 12 | AA43: =X43+Y43+Z43 -> 96 | AB43: {=IF(R43="",FALSE,IFERROR(AND(ISNUMBER(MATCH(R43,'Live Medal Table'!$B$2:$B$94,0)),XLOOKUP(R43,'Live Medal Table'!$B$2:$B$94,Countries!$I$2:$I$72,FALSE)),FALSE))} -> FALSE
N44: {=IFERROR(IF(INDEX(Entries!$C$2:$C$47,6)="","",INDEX(Entries!$Q$2:$Q$47,6)),"")} -> Josh_Caputa_Josh’s Dawgs | O44: {=IF(N44="","",IFERROR(INDEX(Entries!$E$2:$E$47,6),""))} -> Josh’s Dawgs | P44: =IF(N44="","","Tier2_Pick2") -> Tier2_Pick2 | Q44: =IF(N44="","",2) -> 2 | R44: {=IF(N44="","",IFERROR(INDEX(Entries!$N$2:$N$47,6),""))} -> Sweden | S44: {=IF(R44="","",IFERROR(XLOOKUP(R44,'Live Medal Table'!$B$2:$B$94,'Live Medal Table'!$C$2:$C$94,"???"),"???"))} -> SWE | T44: {=IF(R44="",0,IFERROR(XLOOKUP(R44,'Live Medal Table'!$B$2:$B$94,'Live Medal Table'!$F$2:$F$94,0),0))} -> 2 | U44: {=IF(R44="",0,IFERROR(XLOOKUP(R44,'Live Medal Table'!$B$2:$B$94,'Live Medal Table'!$G$2:$G$94,0),0))} -> 8 | V44: {=IF(R44="",0,IFERROR(XLOOKUP(R44,'Live Medal Table'!$B$2:$B$94,'Live Medal Table'!$H$2:$H$94,0),0))} -> 6 | W44: {=IF(R44="",0,IFERROR(XLOOKUP(R44,'Live Medal Table'!$B$2:$B$94,'Live Medal Table'!$I$2:$I$94,0),0))} -> 4 | X44: =U44*3*T44 -> 48 | Y44: =V44*2*T44 -> 24 | Z44: =W44*1*T44 -> 8 | AA44: =X44+Y44+Z44 -> 80 | AB44: {=IF(R44="",FALSE,IFERROR(AND(ISNUMBER(MATCH(R44,'Live Medal Table'!$B$2:$B$94,0)),XLOOKUP(R44,'Live Medal Table'!$B$2:$B$94,Countries!$I$2:$I$72,FALSE)),FALSE))} -> FALSE
N45: {=IFERROR(IF(INDEX(Entries!$C$2:$C$47,6)="","",INDEX(Entries!$Q$2:$Q$47,6)),"")} -> Josh_Caputa_Josh’s Dawgs | O45: {=IF(N45="","",IFERROR(INDEX(Entries!$E$2:$E$47,6),""))} -> Josh’s Dawgs | P45: =IF(N45="","","Tier3_Pick1") -> Tier3_Pick1 | Q45: =IF(N45="","",3) -> 3 | R45: {=IF(N45="","",IFERROR(INDEX(Entries!$H$2:$H$47,6),""))} -> China | S45: {=IF(R45="","",IFERROR(XLOOKUP(R45,'Live Medal Table'!$B$2:$B$94,'Live Medal Table'!$C$2:$C$94,"???"),"???"))} -> CHN | T45: {=IF(R45="",0,IFERROR(XLOOKUP(R45,'Live Medal Table'!$B$2:$B$94,'Live Medal Table'!$F$2:$F$94,0),0))} -> 3 | U45: {=IF(R45="",0,IFERROR(XLOOKUP(R45,'Live Medal Table'!$B$2:$B$94,'Live Medal Table'!$G$2:$G$94,0),0))} -> 5 | V45: {=IF(R45="",0,IFERROR(XLOOKUP(R45,'Live Medal Table'!$B$2:$B$94,'Live Medal Table'!$H$2:$H$94,0),0))} -> 4 | W45: {=IF(R45="",0,IFERROR(XLOOKUP(R45,'Live Medal Table'!$B$2:$B$94,'Live Medal Table'!$I$2:$I$94,0),0))} -> 6 | X45: =U45*3*T45 -> 45 | Y45: =V45*2*T45 -> 24 | Z45: =W45*1*T45 -> 18 | AA45: =X45+Y45+Z45 -> 87 | AB45: {=IF(R45="",FALSE,IFERROR(AND(ISNUMBER(MATCH(R45,'Live Medal Table'!$B$2:$B$94,0)),XLOOKUP(R45,'Live Medal Table'!$B$2:$B$94,Countries!$I$2:$I$72,FALSE)),FALSE))} -> FALSE
N46: {=IFERROR(IF(INDEX(Entries!$C$2:$C$47,6)="","",INDEX(Entries!$Q$2:$Q$47,6)),"")} -> Josh_Caputa_Josh’s Dawgs | O46: {=IF(N46="","",IFERROR(INDEX(Entries!$E$2:$E$47,6),""))} -> Josh’s Dawgs | P46: =IF(N46="","","Tier4_Pick1") -> Tier4_Pick1 | Q46: =IF(N46="","",4) -> 4 | R46: {=IF(N46="","",IFERROR(INDEX(Entries!$I$2:$I$47,6),""))} -> Finland | S46: {=IF(R46="","",IFERROR(XLOOKUP(R46,'Live Medal Table'!$B$2:$B$94,'Live Medal Table'!$C$2:$C$94,"???"),"???"))} -> FIN | T46: {=IF(R46="",0,IFERROR(XLOOKUP(R46,'Live Medal Table'!$B$2:$B$94,'Live Medal Table'!$F$2:$F$94,0),0))} -> 6 | U46: {=IF(R46="",0,IFERROR(XLOOKUP(R46,'Live Medal Table'!$B$2:$B$94,'Live Medal Table'!$G$2:$G$94,0),0))} -> 0 | V46: {=IF(R46="",0,IFERROR(XLOOKUP(R46,'Live Medal Table'!$B$2:$B$94,'Live Medal Table'!$H$2:$H$94,0),0))} -> 1 | W46: {=IF(R46="",0,IFERROR(XLOOKUP(R46,'Live Medal Table'!$B$2:$B$94,'Live Medal Table'!$I$2:$I$94,0),0))} -> 5 | X46: =U46*3*T46 -> 0 | Y46: =V46*2*T46 -> 12 | Z46: =W46*1*T46 -> 30 | AA46: =X46+Y46+Z46 -> 42 | AB46: {=IF(R46="",FALSE,IFERROR(AND(ISNUMBER(MATCH(R46,'Live Medal Table'!$B$2:$B$94,0)),XLOOKUP(R46,'Live Medal Table'!$B$2:$B$94,Countries!$I$2:$I$72,FALSE)),FALSE))} -> FALSE
N47: {=IFERROR(IF(INDEX(Entries!$C$2:$C$47,6)="","",INDEX(Entries!$Q$2:$Q$47,6)),"")} -> Josh_Caputa_Josh’s Dawgs | O47: {=IF(N47="","",IFERROR(INDEX(Entries!$E$2:$E$47,6),""))} -> Josh’s Dawgs | P47: =IF(N47="","","Tier5_Pick1") -> Tier5_Pick1 | Q47: =IF(N47="","",5) -> 5 | R47: {=IF(N47="","",IFERROR(INDEX(Entries!$J$2:$J$47,6),""))} -> Poland | S47: {=IF(R47="","",IFERROR(XLOOKUP(R47,'Live Medal Table'!$B$2:$B$94,'Live Medal Table'!$C$2:$C$94,"???"),"???"))} -> POL | T47: {=IF(R47="",0,IFERROR(XLOOKUP(R47,'Live Medal Table'!$B$2:$B$94,'Live Medal Table'!$F$2:$F$94,0),0))} -> 10 | U47: {=IF(R47="",0,IFERROR(XLOOKUP(R47,'Live Medal Table'!$B$2:$B$94,'Live Medal Table'!$G$2:$G$94,0),0))} -> 0 | V47: {=IF(R47="",0,IFERROR(XLOOKUP(R47,'Live Medal Table'!$B$2:$B$94,'Live Medal Table'!$H$2:$H$94,0),0))} -> 3 | W47: {=IF(R47="",0,IFERROR(XLOOKUP(R47,'Live Medal Table'!$B$2:$B$94,'Live Medal Table'!$I$2:$I$94,0),0))} -> 1 | X47: =U47*3*T47 -> 0 | Y47: =V47*2*T47 -> 60 | Z47: =W47*1*T47 -> 10 | AA47: =X47+Y47+Z47 -> 70 | AB47: {=IF(R47="",FALSE,IFERROR(AND(ISNUMBER(MATCH(R47,'Live Medal Table'!$B$2:$B$94,0)),XLOOKUP(R47,'Live Medal Table'!$B$2:$B$94,Countries!$I$2:$I$72,FALSE)),FALSE))} -> FALSE
N48: {=IFERROR(IF(INDEX(Entries!$C$2:$C$47,6)="","",INDEX(Entries!$Q$2:$Q$47,6)),"")} -> Josh_Caputa_Josh’s Dawgs | O48: {=IF(N48="","",IFERROR(INDEX(Entries!$E$2:$E$47,6),""))} -> Josh’s Dawgs | P48: =IF(N48="","","Tier6_Pick1") -> Tier6_Pick1 | Q48: =IF(N48="","",6) -> 6 | R48: {=IF(N48="","",IFERROR(INDEX(Entries!$O$2:$O$47,6),""))} -> Belgium | S48: {=IF(R48="","",IFERROR(XLOOKUP(R48,'Live Medal Table'!$B$2:$B$94,'Live Medal Table'!$C$2:$C$94,"???"),"???"))} -> BEL | T48: {=IF(R48="",0,IFERROR(XLOOKUP(R48,'Live Medal Table'!$B$2:$B$94,'Live Medal Table'!$F$2:$F$94,0),0))} -> 20 | U48: {=IF(R48="",0,IFERROR(XLOOKUP(R48,'Live Medal Table'!$B$2:$B$94,'Live Medal Table'!$G$2:$G$94,0),0))} -> 0 | V48: {=IF(R48="",0,IFERROR(XLOOKUP(R48,'Live Medal Table'!$B$2:$B$94,'Live Medal Table'!$H$2:$H$94,0),0))} -> 0 | W48: {=IF(R48="",0,IFERROR(XLOOKUP(R48,'Live Medal Table'!$B$2:$B$94,'Live Medal Table'!$I$2:$I$94,0),0))} -> 1 | X48: =U48*3*T48 -> 0 | Y48: =V48*2*T48 -> 0 | Z48: =W48*1*T48 -> 20 | AA48: =X48+Y48+Z48 -> 20 | AB48: {=IF(R48="",FALSE,IFERROR(AND(ISNUMBER(MATCH(R48,'Live Medal Table'!$B$2:$B$94,0)),XLOOKUP(R48,'Live Medal Table'!$B$2:$B$94,Countries!$I$2:$I$72,FALSE)),FALSE))} -> FALSE
N49: {=IFERROR(IF(INDEX(Entries!$C$2:$C$47,6)="","",INDEX(Entries!$Q$2:$Q$47,6)),"")} -> Josh_Caputa_Josh’s Dawgs | O49: {=IF(N49="","",IFERROR(INDEX(Entries!$E$2:$E$47,6),""))} -> Josh’s Dawgs | P49: =IF(N49="","","Tier6_Pick2") -> Tier6_Pick2 | Q49: =IF(N49="","",6) -> 6 | R49: {=IF(N49="","",IFERROR(INDEX(Entries!$P$2:$P$47,6),""))} -> Ukraine | S49: {=IF(R49="","",IFERROR(XLOOKUP(R49,'Live Medal Table'!$B$2:$B$94,'Live Medal Table'!$C$2:$C$94,"???"),"???"))} -> UKR | T49: {=IF(R49="",0,IFERROR(XLOOKUP(R49,'Live Medal Table'!$B$2:$B$94,'Live Medal Table'!$F$2:$F$94,0),0))} -> 20 | U49: {=IF(R49="",0,IFERROR(XLOOKUP(R49,'Live Medal Table'!$B$2:$B$94,'Live Medal Table'!$G$2:$G$94,0),0))} -> 0 | V49: {=IF(R49="",0,IFERROR(XLOOKUP(R49,'Live Medal Table'!$B$2:$B$94,'Live Medal Table'!$H$2:$H$94,0),0))} -> 0 | W49: {=IF(R49="",0,IFERROR(XLOOKUP(R49,'Live Medal Table'!$B$2:$B$94,'Live Medal Table'!$I$2:$I$94,0),0))} -> 0 | X49: =U49*3*T49 -> 0 | Y49: =V49*2*T49 -> 0 | Z49: =W49*1*T49 -> 0 | AA49: =X49+Y49+Z49 -> 0 | AB49: {=IF(R49="",FALSE,IFERROR(AND(ISNUMBER(MATCH(R49,'Live Medal Table'!$B$2:$B$94,0)),XLOOKUP(R49,'Live Medal Table'!$B$2:$B$94,Countries!$I$2:$I$72,FALSE)),FALSE))} -> FALSE
N50: {=IFERROR(IF(INDEX(Entries!$C$2:$C$47,7)="","",INDEX(Entries!$Q$2:$Q$47,7)),"")} -> Ben_Greenblatt_bgreen | O50: {=IF(N50="","",IFERROR(INDEX(Entries!$E$2:$E$47,7),""))} -> bgreen | P50: =IF(N50="","","Tier1_Pick1") -> Tier1_Pick1 | Q50: =IF(N50="","",1) -> 1 | R50: {=IF(N50="","",IFERROR(INDEX(Entries!$F$2:$F$47,7),""))} -> Norway | S50: {=IF(R50="","",IFERROR(XLOOKUP(R50,'Live Medal Table'!$B$2:$B$94,'Live Medal Table'!$C$2:$C$94,"???"),"???"))} -> NOR | T50: {=IF(R50="",0,IFERROR(XLOOKUP(R50,'Live Medal Table'!$B$2:$B$94,'Live Medal Table'!$F$2:$F$94,0),0))} -> 1 | U50: {=IF(R50="",0,IFERROR(XLOOKUP(R50,'Live Medal Table'!$B$2:$B$94,'Live Medal Table'!$G$2:$G$94,0),0))} -> 18 | V50: {=IF(R50="",0,IFERROR(XLOOKUP(R50,'Live Medal Table'!$B$2:$B$94,'Live Medal Table'!$H$2:$H$94,0),0))} -> 12 | W50: {=IF(R50="",0,IFERROR(XLOOKUP(R50,'Live Medal Table'!$B$2:$B$94,'Live Medal Table'!$I$2:$I$94,0),0))} -> 11 | X50: =U50*3*T50 -> 54 | Y50: =V50*2*T50 -> 24 | Z50: =W50*1*T50 -> 11 | AA50: =X50+Y50+Z50 -> 89 | AB50: {=IF(R50="",FALSE,IFERROR(AND(ISNUMBER(MATCH(R50,'Live Medal Table'!$B$2:$B$94,0)),XLOOKUP(R50,'Live Medal Table'!$B$2:$B$94,Countries!$I$2:$I$72,FALSE)),FALSE))} -> FALSE
N51: {=IFERROR(IF(INDEX(Entries!$C$2:$C$47,7)="","",INDEX(Entries!$Q$2:$Q$47,7)),"")} -> Ben_Greenblatt_bgreen | O51: {=IF(N51="","",IFERROR(INDEX(Entries!$E$2:$E$47,7),""))} -> bgreen | P51: =IF(N51="","","Tier2_Pick1") -> Tier2_Pick1 | Q51: =IF(N51="","",2) -> 2 | R51: {=IF(N51="","",IFERROR(INDEX(Entries!$M$2:$M$47,7),""))} -> Austria | S51: {=IF(R51="","",IFERROR(XLOOKUP(R51,'Live Medal Table'!$B$2:$B$94,'Live Medal Table'!$C$2:$C$94,"???"),"???"))} -> AUT | T51: {=IF(R51="",0,IFERROR(XLOOKUP(R51,'Live Medal Table'!$B$2:$B$94,'Live Medal Table'!$F$2:$F$94,0),0))} -> 2 | U51: {=IF(R51="",0,IFERROR(XLOOKUP(R51,'Live Medal Table'!$B$2:$B$94,'Live Medal Table'!$G$2:$G$94,0),0))} -> 5 | V51: {=IF(R51="",0,IFERROR(XLOOKUP(R51,'Live Medal Table'!$B$2:$B$94,'Live Medal Table'!$H$2:$H$94,0),0))} -> 8 | W51: {=IF(R51="",0,IFERROR(XLOOKUP(R51,'Live Medal Table'!$B$2:$B$94,'Live Medal Table'!$I$2:$I$94,0),0))} -> 5 | X51: =U51*3*T51 -> 30 | Y51: =V51*2*T51 -> 32 | Z51: =W51*1*T51 -> 10 | AA51: =X51+Y51+Z51 -> 72 | AB51: {=IF(R51="",FALSE,IFERROR(AND(ISNUMBER(MATCH(R51,'Live Medal Table'!$B$2:$B$94,0)),XLOOKUP(R51,'Live Medal Table'!$B$2:$B$94,Countries!$I$2:$I$72,FALSE)),FALSE))} -> FALSE
N52: {=IFERROR(IF(INDEX(Entries!$C$2:$C$47,7)="","",INDEX(Entries!$Q$2:$Q$47,7)),"")} -> Ben_Greenblatt_bgreen | O52: {=IF(N52="","",IFERROR(INDEX(Entries!$E$2:$E$47,7),""))} -> bgreen | P52: =IF(N52="","","Tier2_Pick2") -> Tier2_Pick2 | Q52: =IF(N52="","",2) -> 2 | R52: {=IF(N52="","",IFERROR(INDEX(Entries!$N$2:$N$47,7),""))} -> Sweden | S52: {=IF(R52="","",IFERROR(XLOOKUP(R52,'Live Medal Table'!$B$2:$B$94,'Live Medal Table'!$C$2:$C$94,"???"),"???"))} -> SWE | T52: {=IF(R52="",0,IFERROR(XLOOKUP(R52,'Live Medal Table'!$B$2:$B$94,'Live Medal Table'!$F$2:$F$94,0),0))} -> 2 | U52: {=IF(R52="",0,IFERROR(XLOOKUP(R52,'Live Medal Table'!$B$2:$B$94,'Live Medal Table'!$G$2:$G$94,0),0))} -> 8 | V52: {=IF(R52="",0,IFERROR(XLOOKUP(R52,'Live Medal Table'!$B$2:$B$94,'Live Medal Table'!$H$2:$H$94,0),0))} -> 6 | W52: {=IF(R52="",0,IFERROR(XLOOKUP(R52,'Live Medal Table'!$B$2:$B$94,'Live Medal Table'!$I$2:$I$94,0),0))} -> 4 | X52: =U52*3*T52 -> 48 | Y52: =V52*2*T52 -> 24 | Z52: =W52*1*T52 -> 8 | AA52: =X52+Y52+Z52 -> 80 | AB52: {=IF(R52="",FALSE,IFERROR(AND(ISNUMBER(MATCH(R52,'Live Medal Table'!$B$2:$B$94,0)),XLOOKUP(R52,'Live Medal Table'!$B$2:$B$94,Countries!$I$2:$I$72,FALSE)),FALSE))} -> FALSE
N53: {=IFERROR(IF(INDEX(Entries!$C$2:$C$47,7)="","",INDEX(Entries!$Q$2:$Q$47,7)),"")} -> Ben_Greenblatt_bgreen | O53: {=IF(N53="","",IFERROR(INDEX(Entries!$E$2:$E$47,7),""))} -> bgreen | P53: =IF(N53="","","Tier3_Pick1") -> Tier3_Pick1 | Q53: =IF(N53="","",3) -> 3 | R53: {=IF(N53="","",IFERROR(INDEX(Entries!$H$2:$H$47,7),""))} -> Italy | S53: {=IF(R53="","",IFERROR(XLOOKUP(R53,'Live Medal Table'!$B$2:$B$94,'Live Medal Table'!$C$2:$C$94,"???"),"???"))} -> ITA | T53: {=IF(R53="",0,IFERROR(XLOOKUP(R53,'Live Medal Table'!$B$2:$B$94,'Live Medal Table'!$F$2:$F$94,0),0))} -> 3 | U53: {=IF(R53="",0,IFERROR(XLOOKUP(R53,'Live Medal Table'!$B$2:$B$94,'Live Medal Table'!$G$2:$G$94,0),0))} -> 10 | V53: {=IF(R53="",0,IFERROR(XLOOKUP(R53,'Live Medal Table'!$B$2:$B$94,'Live Medal Table'!$H$2:$H$94,0),0))} -> 6 | W53: {=IF(R53="",0,IFERROR(XLOOKUP(R53,'Live Medal Table'!$B$2:$B$94,'Live Medal Table'!$I$2:$I$94,0),0))} -> 14 | X53: =U53*3*T53 -> 90 | Y53: =V53*2*T53 -> 36 | Z53: =W53*1*T53 -> 42 | AA53: =X53+Y53+Z53 -> 168 | AB53: {=IF(R53="",FALSE,IFERROR(AND(ISNUMBER(MATCH(R53,'Live Medal Table'!$B$2:$B$94,0)),XLOOKUP(R53,'Live Medal Table'!$B$2:$B$94,Countries!$I$2:$I$72,FALSE)),FALSE))} -> FALSE
N54: {=IFERROR(IF(INDEX(Entries!$C$2:$C$47,7)="","",INDEX(Entries!$Q$2:$Q$47,7)),"")} -> Ben_Greenblatt_bgreen | O54: {=IF(N54="","",IFERROR(INDEX(Entries!$E$2:$E$47,7),""))} -> bgreen | P54: =IF(N54="","","Tier4_Pick1") -> Tier4_Pick1 | Q54: =IF(N54="","",4) -> 4 | R54: {=IF(N54="","",IFERROR(INDEX(Entries!$I$2:$I$47,7),""))} -> Finland | S54: {=IF(R54="","",IFERROR(XLOOKUP(R54,'Live Medal Table'!$B$2:$B$94,'Live Medal Table'!$C$2:$C$94,"???"),"???"))} -> FIN | T54: {=IF(R54="",0,IFERROR(XLOOKUP(R54,'Live Medal Table'!$B$2:$B$94,'Live Medal Table'!$F$2:$F$94,0),0))} -> 6 | U54: {=IF(R54="",0,IFERROR(XLOOKUP(R54,'Live Medal Table'!$B$2:$B$94,'Live Medal Table'!$G$2:$G$94,0),0))} -> 0 | V54: {=IF(R54="",0,IFERROR(XLOOKUP(R54,'Live Medal Table'!$B$2:$B$94,'Live Medal Table'!$H$2:$H$94,0),0))} -> 1 | W54: {=IF(R54="",0,IFERROR(XLOOKUP(R54,'Live Medal Table'!$B$2:$B$94,'Live Medal Table'!$I$2:$I$94,0),0))} -> 5 | X54: =U54*3*T54 -> 0 | Y54: =V54*2*T54 -> 12 | Z54: =W54*1*T54 -> 30 | AA54: =X54+Y54+Z54 -> 42 | AB54: {=IF(R54="",FALSE,IFERROR(AND(ISNUMBER(MATCH(R54,'Live Medal Table'!$B$2:$B$94,0)),XLOOKUP(R54,'Live Medal Table'!$B$2:$B$94,Countries!$I$2:$I$72,FALSE)),FALSE))} -> FALSE
N55: {=IFERROR(IF(INDEX(Entries!$C$2:$C$47,7)="","",INDEX(Entries!$Q$2:$Q$47,7)),"")} -> Ben_Greenblatt_bgreen | O55: {=IF(N55="","",IFERROR(INDEX(Entries!$E$2:$E$47,7),""))} -> bgreen | P55: =IF(N55="","","Tier5_Pick1") -> Tier5_Pick1 | Q55: =IF(N55="","",5) -> 5 | R55: {=IF(N55="","",IFERROR(INDEX(Entries!$J$2:$J$47,7),""))} -> Great Britain | S55: {=IF(R55="","",IFERROR(XLOOKUP(R55,'Live Medal Table'!$B$2:$B$94,'Live Medal Table'!$C$2:$C$94,"???"),"???"))} -> GBR | T55: {=IF(R55="",0,IFERROR(XLOOKUP(R55,'Live Medal Table'!$B$2:$B$94,'Live Medal Table'!$F$2:$F$94,0),0))} -> 10 | U55: {=IF(R55="",0,IFERROR(XLOOKUP(R55,'Live Medal Table'!$B$2:$B$94,'Live Medal Table'!$G$2:$G$94,0),0))} -> 3 | V55: {=IF(R55="",0,IFERROR(XLOOKUP(R55,'Live Medal Table'!$B$2:$B$94,'Live Medal Table'!$H$2:$H$94,0),0))} -> 1 | W55: {=IF(R55="",0,IFERROR(XLOOKUP(R55,'Live Medal Table'!$B$2:$B$94,'Live Medal Table'!$I$2:$I$94,0),0))} -> 1 | X55: =U55*3*T55 -> 90 | Y55: =V55*2*T55 -> 20 | Z55: =W55*1*T55 -> 10 | AA55: =X55+Y55+Z55 -> 120 | AB55: {=IF(R55="",FALSE,IFERROR(AND(ISNUMBER(MATCH(R55,'Live Medal Table'!$B$2:$B$94,0)),XLOOKUP(R55,'Live Medal Table'!$B$2:$B$94,Countries!$I$2:$I$72,FALSE)),FALSE))} -> FALSE
N56: {=IFERROR(IF(INDEX(Entries!$C$2:$C$47,7)="","",INDEX(Entries!$Q$2:$Q$47,7)),"")} -> Ben_Greenblatt_bgreen | O56: {=IF(N56="","",IFERROR(INDEX(Entries!$E$2:$E$47,7),""))} -> bgreen | P56: =IF(N56="","","Tier6_Pick1") -> Tier6_Pick1 | Q56: =IF(N56="","",6) -> 6 | R56: {=IF(N56="","",IFERROR(INDEX(Entries!$O$2:$O$47,7),""))} -> Estonia | S56: {=IF(R56="","",IFERROR(XLOOKUP(R56,'Live Medal Table'!$B$2:$B$94,'Live Medal Table'!$C$2:$C$94,"???"),"???"))} -> EST | T56: {=IF(R56="",0,IFERROR(XLOOKUP(R56,'Live Medal Table'!$B$2:$B$94,'Live Medal Table'!$F$2:$F$94,0),0))} -> 20 | U56: {=IF(R56="",0,IFERROR(XLOOKUP(R56,'Live Medal Table'!$B$2:$B$94,'Live Medal Table'!$G$2:$G$94,0),0))} -> 0 | V56: {=IF(R56="",0,IFERROR(XLOOKUP(R56,'Live Medal Table'!$B$2:$B$94,'Live Medal Table'!$H$2:$H$94,0),0))} -> 1 | W56: {=IF(R56="",0,IFERROR(XLOOKUP(R56,'Live Medal Table'!$B$2:$B$94,'Live Medal Table'!$I$2:$I$94,0),0))} -> 0 | X56: =U56*3*T56 -> 0 | Y56: =V56*2*T56 -> 40 | Z56: =W56*1*T56 -> 0 | AA56: =X56+Y56+Z56 -> 40 | AB56: {=IF(R56="",FALSE,IFERROR(AND(ISNUMBER(MATCH(R56,'Live Medal Table'!$B$2:$B$94,0)),XLOOKUP(R56,'Live Medal Table'!$B$2:$B$94,Countries!$I$2:$I$72,FALSE)),FALSE))} -> FALSE
N57: {=IFERROR(IF(INDEX(Entries!$C$2:$C$47,7)="","",INDEX(Entries!$Q$2:$Q$47,7)),"")} -> Ben_Greenblatt_bgreen | O57: {=IF(N57="","",IFERROR(INDEX(Entries!$E$2:$E$47,7),""))} -> bgreen | P57: =IF(N57="","","Tier6_Pick2") -> Tier6_Pick2 | Q57: =IF(N57="","",6) -> 6 | R57: {=IF(N57="","",IFERROR(INDEX(Entries!$P$2:$P$47,7),""))} -> Ukraine | S57: {=IF(R57="","",IFERROR(XLOOKUP(R57,'Live Medal Table'!$B$2:$B$94,'Live Medal Table'!$C$2:$C$94,"???"),"???"))} -> UKR | T57: {=IF(R57="",0,IFERROR(XLOOKUP(R57,'Live Medal Table'!$B$2:$B$94,'Live Medal Table'!$F$2:$F$94,0),0))} -> 20 | U57: {=IF(R57="",0,IFERROR(XLOOKUP(R57,'Live Medal Table'!$B$2:$B$94,'Live Medal Table'!$G$2:$G$94,0),0))} -> 0 | V57: {=IF(R57="",0,IFERROR(XLOOKUP(R57,'Live Medal Table'!$B$2:$B$94,'Live Medal Table'!$H$2:$H$94,0),0))} -> 0 | W57: {=IF(R57="",0,IFERROR(XLOOKUP(R57,'Live Medal Table'!$B$2:$B$94,'Live Medal Table'!$I$2:$I$94,0),0))} -> 0 | X57: =U57*3*T57 -> 0 | Y57: =V57*2*T57 -> 0 | Z57: =W57*1*T57 -> 0 | AA57: =X57+Y57+Z57 -> 0 | AB57: {=IF(R57="",FALSE,IFERROR(AND(ISNUMBER(MATCH(R57,'Live Medal Table'!$B$2:$B$94,0)),XLOOKUP(R57,'Live Medal Table'!$B$2:$B$94,Countries!$I$2:$I$72,FALSE)),FALSE))} -> FALSE
N58: {=IFERROR(IF(INDEX(Entries!$C$2:$C$47,8)="","",INDEX(Entries!$Q$2:$Q$47,8)),"")} -> Kyle_Borst_kborst13 | O58: {=IF(N58="","",IFERROR(INDEX(Entries!$E$2:$E$47,8),""))} -> kborst13 | P58: =IF(N58="","","Tier1_Pick1") -> Tier1_Pick1 | Q58: =IF(N58="","",1) -> 1 | R58: {=IF(N58="","",IFERROR(INDEX(Entries!$F$2:$F$47,8),""))} -> Norway | S58: {=IF(R58="","",IFERROR(XLOOKUP(R58,'Live Medal Table'!$B$2:$B$94,'Live Medal Table'!$C$2:$C$94,"???"),"???"))} -> NOR | T58: {=IF(R58="",0,IFERROR(XLOOKUP(R58,'Live Medal Table'!$B$2:$B$94,'Live Medal Table'!$F$2:$F$94,0),0))} -> 1 | U58: {=IF(R58="",0,IFERROR(XLOOKUP(R58,'Live Medal Table'!$B$2:$B$94,'Live Medal Table'!$G$2:$G$94,0),0))} -> 18 | V58: {=IF(R58="",0,IFERROR(XLOOKUP(R58,'Live Medal Table'!$B$2:$B$94,'Live Medal Table'!$H$2:$H$94,0),0))} -> 12 | W58: {=IF(R58="",0,IFERROR(XLOOKUP(R58,'Live Medal Table'!$B$2:$B$94,'Live Medal Table'!$I$2:$I$94,0),0))} -> 11 | X58: =U58*3*T58 -> 54 | Y58: =V58*2*T58 -> 24 | Z58: =W58*1*T58 -> 11 | AA58: =X58+Y58+Z58 -> 89 | AB58: {=IF(R58="",FALSE,IFERROR(AND(ISNUMBER(MATCH(R58,'Live Medal Table'!$B$2:$B$94,0)),XLOOKUP(R58,'Live Medal Table'!$B$2:$B$94,Countries!$I$2:$I$72,FALSE)),FALSE))} -> FALSE
N59: {=IFERROR(IF(INDEX(Entries!$C$2:$C$47,8)="","",INDEX(Entries!$Q$2:$Q$47,8)),"")} -> Kyle_Borst_kborst13 | O59: {=IF(N59="","",IFERROR(INDEX(Entries!$E$2:$E$47,8),""))} -> kborst13 | P59: =IF(N59="","","Tier2_Pick1") -> Tier2_Pick1 | Q59: =IF(N59="","",2) -> 2 | R59: {=IF(N59="","",IFERROR(INDEX(Entries!$M$2:$M$47,8),""))} -> Austria | S59: {=IF(R59="","",IFERROR(XLOOKUP(R59,'Live Medal Table'!$B$2:$B$94,'Live Medal Table'!$C$2:$C$94,"???"),"???"))} -> AUT | T59: {=IF(R59="",0,IFERROR(XLOOKUP(R59,'Live Medal Table'!$B$2:$B$94,'Live Medal Table'!$F$2:$F$94,0),0))} -> 2 | U59: {=IF(R59="",0,IFERROR(XLOOKUP(R59,'Live Medal Table'!$B$2:$B$94,'Live Medal Table'!$G$2:$G$94,0),0))} -> 5 | V59: {=IF(R59="",0,IFERROR(XLOOKUP(R59,'Live Medal Table'!$B$2:$B$94,'Live Medal Table'!$H$2:$H$94,0),0))} -> 8 | W59: {=IF(R59="",0,IFERROR(XLOOKUP(R59,'Live Medal Table'!$B$2:$B$94,'Live Medal Table'!$I$2:$I$94,0),0))} -> 5 | X59: =U59*3*T59 -> 30 | Y59: =V59*2*T59 -> 32 | Z59: =W59*1*T59 -> 10 | AA59: =X59+Y59+Z59 -> 72 | AB59: {=IF(R59="",FALSE,IFERROR(AND(ISNUMBER(MATCH(R59,'Live Medal Table'!$B$2:$B$94,0)),XLOOKUP(R59,'Live Medal Table'!$B$2:$B$94,Countries!$I$2:$I$72,FALSE)),FALSE))} -> FALSE
N60: {=IFERROR(IF(INDEX(Entries!$C$2:$C$47,8)="","",INDEX(Entries!$Q$2:$Q$47,8)),"")} -> Kyle_Borst_kborst13 | O60: {=IF(N60="","",IFERROR(INDEX(Entries!$E$2:$E$47,8),""))} -> kborst13 | P60: =IF(N60="","","Tier2_Pick2") -> Tier2_Pick2 | Q60: =IF(N60="","",2) -> 2 | R60: {=IF(N60="","",IFERROR(INDEX(Entries!$N$2:$N$47,8),""))} -> Netherlands | S60: {=IF(R60="","",IFERROR(XLOOKUP(R60,'Live Medal Table'!$B$2:$B$94,'Live Medal Table'!$C$2:$C$94,"???"),"???"))} -> NED | T60: {=IF(R60="",0,IFERROR(XLOOKUP(R60,'Live Medal Table'!$B$2:$B$94,'Live Medal Table'!$F$2:$F$94,0),0))} -> 2 | U60: {=IF(R60="",0,IFERROR(XLOOKUP(R60,'Live Medal Table'!$B$2:$B$94,'Live Medal Table'!$G$2:$G$94,0),0))} -> 10 | V60: {=IF(R60="",0,IFERROR(XLOOKUP(R60,'Live Medal Table'!$B$2:$B$94,'Live Medal Table'!$H$2:$H$94,0),0))} -> 7 | W60: {=IF(R60="",0,IFERROR(XLOOKUP(R60,'Live Medal Table'!$B$2:$B$94,'Live Medal Table'!$I$2:$I$94,0),0))} -> 3 | X60: =U60*3*T60 -> 60 | Y60: =V60*2*T60 -> 28 | Z60: =W60*1*T60 -> 6 | AA60: =X60+Y60+Z60 -> 94 | AB60: {=IF(R60="",FALSE,IFERROR(AND(ISNUMBER(MATCH(R60,'Live Medal Table'!$B$2:$B$94,0)),XLOOKUP(R60,'Live Medal Table'!$B$2:$B$94,Countries!$I$2:$I$72,FALSE)),FALSE))} -> FALSE
N61: {=IFERROR(IF(INDEX(Entries!$C$2:$C$47,8)="","",INDEX(Entries!$Q$2:$Q$47,8)),"")} -> Kyle_Borst_kborst13 | O61: {=IF(N61="","",IFERROR(INDEX(Entries!$E$2:$E$47,8),""))} -> kborst13 | P61: =IF(N61="","","Tier3_Pick1") -> Tier3_Pick1 | Q61: =IF(N61="","",3) -> 3 | R61: {=IF(N61="","",IFERROR(INDEX(Entries!$H$2:$H$47,8),""))} -> China | S61: {=IF(R61="","",IFERROR(XLOOKUP(R61,'Live Medal Table'!$B$2:$B$94,'Live Medal Table'!$C$2:$C$94,"???"),"???"))} -> CHN | T61: {=IF(R61="",0,IFERROR(XLOOKUP(R61,'Live Medal Table'!$B$2:$B$94,'Live Medal Table'!$F$2:$F$94,0),0))} -> 3 | U61: {=IF(R61="",0,IFERROR(XLOOKUP(R61,'Live Medal Table'!$B$2:$B$94,'Live Medal Table'!$G$2:$G$94,0),0))} -> 5 | V61: {=IF(R61="",0,IFERROR(XLOOKUP(R61,'Live Medal Table'!$B$2:$B$94,'Live Medal Table'!$H$2:$H$94,0),0))} -> 4 | W61: {=IF(R61="",0,IFERROR(XLOOKUP(R61,'Live Medal Table'!$B$2:$B$94,'Live Medal Table'!$I$2:$I$94,0),0))} -> 6 | X61: =U61*3*T61 -> 45 | Y61: =V61*2*T61 -> 24 | Z61: =W61*1*T61 -> 18 | AA61: =X61+Y61+Z61 -> 87 | AB61: {=IF(R61="",FALSE,IFERROR(AND(ISNUMBER(MATCH(R61,'Live Medal Table'!$B$2:$B$94,0)),XLOOKUP(R61,'Live Medal Table'!$B$2:$B$94,Countries!$I$2:$I$72,FALSE)),FALSE))} -> FALSE
N62: {=IFERROR(IF(INDEX(Entries!$C$2:$C$47,8)="","",INDEX(Entries!$Q$2:$Q$47,8)),"")} -> Kyle_Borst_kborst13 | O62: {=IF(N62="","",IFERROR(INDEX(Entries!$E$2:$E$47,8),""))} -> kborst13 | P62: =IF(N62="","","Tier4_Pick1") -> Tier4_Pick1 | Q62: =IF(N62="","",4) -> 4 | R62: {=IF(N62="","",IFERROR(INDEX(Entries!$I$2:$I$47,8),""))} -> Finland | S62: {=IF(R62="","",IFERROR(XLOOKUP(R62,'Live Medal Table'!$B$2:$B$94,'Live Medal Table'!$C$2:$C$94,"???"),"???"))} -> FIN | T62: {=IF(R62="",0,IFERROR(XLOOKUP(R62,'Live Medal Table'!$B$2:$B$94,'Live Medal Table'!$F$2:$F$94,0),0))} -> 6 | U62: {=IF(R62="",0,IFERROR(XLOOKUP(R62,'Live Medal Table'!$B$2:$B$94,'Live Medal Table'!$G$2:$G$94,0),0))} -> 0 | V62: {=IF(R62="",0,IFERROR(XLOOKUP(R62,'Live Medal Table'!$B$2:$B$94,'Live Medal Table'!$H$2:$H$94,0),0))} -> 1 | W62: {=IF(R62="",0,IFERROR(XLOOKUP(R62,'Live Medal Table'!$B$2:$B$94,'Live Medal Table'!$I$2:$I$94,0),0))} -> 5 | X62: =U62*3*T62 -> 0 | Y62: =V62*2*T62 -> 12 | Z62: =W62*1*T62 -> 30 | AA62: =X62+Y62+Z62 -> 42 | AB62: {=IF(R62="",FALSE,IFERROR(AND(ISNUMBER(MATCH(R62,'Live Medal Table'!$B$2:$B$94,0)),XLOOKUP(R62,'Live Medal Table'!$B$2:$B$94,Countries!$I$2:$I$72,FALSE)),FALSE))} -> FALSE
N63: {=IFERROR(IF(INDEX(Entries!$C$2:$C$47,8)="","",INDEX(Entries!$Q$2:$Q$47,8)),"")} -> Kyle_Borst_kborst13 | O63: {=IF(N63="","",IFERROR(INDEX(Entries!$E$2:$E$47,8),""))} -> kborst13 | P63: =IF(N63="","","Tier5_Pick1") -> Tier5_Pick1 | Q63: =IF(N63="","",5) -> 5 | R63: {=IF(N63="","",IFERROR(INDEX(Entries!$J$2:$J$47,8),""))} -> Great Britain | S63: {=IF(R63="","",IFERROR(XLOOKUP(R63,'Live Medal Table'!$B$2:$B$94,'Live Medal Table'!$C$2:$C$94,"???"),"???"))} -> GBR | T63: {=IF(R63="",0,IFERROR(XLOOKUP(R63,'Live Medal Table'!$B$2:$B$94,'Live Medal Table'!$F$2:$F$94,0),0))} -> 10 | U63: {=IF(R63="",0,IFERROR(XLOOKUP(R63,'Live Medal Table'!$B$2:$B$94,'Live Medal Table'!$G$2:$G$94,0),0))} -> 3 | V63: {=IF(R63="",0,IFERROR(XLOOKUP(R63,'Live Medal Table'!$B$2:$B$94,'Live Medal Table'!$H$2:$H$94,0),0))} -> 1 | W63: {=IF(R63="",0,IFERROR(XLOOKUP(R63,'Live Medal Table'!$B$2:$B$94,'Live Medal Table'!$I$2:$I$94,0),0))} -> 1 | X63: =U63*3*T63 -> 90 | Y63: =V63*2*T63 -> 20 | Z63: =W63*1*T63 -> 10 | AA63: =X63+Y63+Z63 -> 120 | AB63: {=IF(R63="",FALSE,IFERROR(AND(ISNUMBER(MATCH(R63,'Live Medal Table'!$B$2:$B$94,0)),XLOOKUP(R63,'Live Medal Table'!$B$2:$B$94,Countries!$I$2:$I$72,FALSE)),FALSE))} -> FALSE
N64: {=IFERROR(IF(INDEX(Entries!$C$2:$C$47,8)="","",INDEX(Entries!$Q$2:$Q$47,8)),"")} -> Kyle_Borst_kborst13 | O64: {=IF(N64="","",IFERROR(INDEX(Entries!$E$2:$E$47,8),""))} -> kborst13 | P64: =IF(N64="","","Tier6_Pick1") -> Tier6_Pick1 | Q64: =IF(N64="","",6) -> 6 | R64: {=IF(N64="","",IFERROR(INDEX(Entries!$O$2:$O$47,8),""))} -> Belgium | S64: {=IF(R64="","",IFERROR(XLOOKUP(R64,'Live Medal Table'!$B$2:$B$94,'Live Medal Table'!$C$2:$C$94,"???"),"???"))} -> BEL | T64: {=IF(R64="",0,IFERROR(XLOOKUP(R64,'Live Medal Table'!$B$2:$B$94,'Live Medal Table'!$F$2:$F$94,0),0))} -> 20 | U64: {=IF(R64="",0,IFERROR(XLOOKUP(R64,'Live Medal Table'!$B$2:$B$94,'Live Medal Table'!$G$2:$G$94,0),0))} -> 0 | V64: {=IF(R64="",0,IFERROR(XLOOKUP(R64,'Live Medal Table'!$B$2:$B$94,'Live Medal Table'!$H$2:$H$94,0),0))} -> 0 | W64: {=IF(R64="",0,IFERROR(XLOOKUP(R64,'Live Medal Table'!$B$2:$B$94,'Live Medal Table'!$I$2:$I$94,0),0))} -> 1 | X64: =U64*3*T64 -> 0 | Y64: =V64*2*T64 -> 0 | Z64: =W64*1*T64 -> 20 | AA64: =X64+Y64+Z64 -> 20 | AB64: {=IF(R64="",FALSE,IFERROR(AND(ISNUMBER(MATCH(R64,'Live Medal Table'!$B$2:$B$94,0)),XLOOKUP(R64,'Live Medal Table'!$B$2:$B$94,Countries!$I$2:$I$72,FALSE)),FALSE))} -> FALSE
N65: {=IFERROR(IF(INDEX(Entries!$C$2:$C$47,8)="","",INDEX(Entries!$Q$2:$Q$47,8)),"")} -> Kyle_Borst_kborst13 | O65: {=IF(N65="","",IFERROR(INDEX(Entries!$E$2:$E$47,8),""))} -> kborst13 | P65: =IF(N65="","","Tier6_Pick2") -> Tier6_Pick2 | Q65: =IF(N65="","",6) -> 6 | R65: {=IF(N65="","",IFERROR(INDEX(Entries!$P$2:$P$47,8),""))} -> Estonia | S65: {=IF(R65="","",IFERROR(XLOOKUP(R65,'Live Medal Table'!$B$2:$B$94,'Live Medal Table'!$C$2:$C$94,"???"),"???"))} -> EST | T65: {=IF(R65="",0,IFERROR(XLOOKUP(R65,'Live Medal Table'!$B$2:$B$94,'Live Medal Table'!$F$2:$F$94,0),0))} -> 20 | U65: {=IF(R65="",0,IFERROR(XLOOKUP(R65,'Live Medal Table'!$B$2:$B$94,'Live Medal Table'!$G$2:$G$94,0),0))} -> 0 | V65: {=IF(R65="",0,IFERROR(XLOOKUP(R65,'Live Medal Table'!$B$2:$B$94,'Live Medal Table'!$H$2:$H$94,0),0))} -> 1 | W65: {=IF(R65="",0,IFERROR(XLOOKUP(R65,'Live Medal Table'!$B$2:$B$94,'Live Medal Table'!$I$2:$I$94,0),0))} -> 0 | X65: =U65*3*T65 -> 0 | Y65: =V65*2*T65 -> 40 | Z65: =W65*1*T65 -> 0 | AA65: =X65+Y65+Z65 -> 40 | AB65: {=IF(R65="",FALSE,IFERROR(AND(ISNUMBER(MATCH(R65,'Live Medal Table'!$B$2:$B$94,0)),XLOOKUP(R65,'Live Medal Table'!$B$2:$B$94,Countries!$I$2:$I$72,FALSE)),FALSE))} -> FALSE
N66: {=IFERROR(IF(INDEX(Entries!$C$2:$C$47,9)="","",INDEX(Entries!$Q$2:$Q$47,9)),"")} -> Sean_McAteer_SMAC | O66: {=IF(N66="","",IFERROR(INDEX(Entries!$E$2:$E$47,9),""))} -> SMAC | P66: =IF(N66="","","Tier1_Pick1") -> Tier1_Pick1 | Q66: =IF(N66="","",1) -> 1 | R66: {=IF(N66="","",IFERROR(INDEX(Entries!$F$2:$F$47,9),""))} -> Norway | S66: {=IF(R66="","",IFERROR(XLOOKUP(R66,'Live Medal Table'!$B$2:$B$94,'Live Medal Table'!$C$2:$C$94,"???"),"???"))} -> NOR | T66: {=IF(R66="",0,IFERROR(XLOOKUP(R66,'Live Medal Table'!$B$2:$B$94,'Live Medal Table'!$F$2:$F$94,0),0))} -> 1 | U66: {=IF(R66="",0,IFERROR(XLOOKUP(R66,'Live Medal Table'!$B$2:$B$94,'Live Medal Table'!$G$2:$G$94,0),0))} -> 18 | V66: {=IF(R66="",0,IFERROR(XLOOKUP(R66,'Live Medal Table'!$B$2:$B$94,'Live Medal Table'!$H$2:$H$94,0),0))} -> 12 | W66: {=IF(R66="",0,IFERROR(XLOOKUP(R66,'Live Medal Table'!$B$2:$B$94,'Live Medal Table'!$I$2:$I$94,0),0))} -> 11 | X66: =U66*3*T66 -> 54 | Y66: =V66*2*T66 -> 24 | Z66: =W66*1*T66 -> 11 | AA66: =X66+Y66+Z66 -> 89 | AB66: {=IF(R66="",FALSE,IFERROR(AND(ISNUMBER(MATCH(R66,'Live Medal Table'!$B$2:$B$94,0)),XLOOKUP(R66,'Live Medal Table'!$B$2:$B$94,Countries!$I$2:$I$72,FALSE)),FALSE))} -> FALSE
N67: {=IFERROR(IF(INDEX(Entries!$C$2:$C$47,9)="","",INDEX(Entries!$Q$2:$Q$47,9)),"")} -> Sean_McAteer_SMAC | O67: {=IF(N67="","",IFERROR(INDEX(Entries!$E$2:$E$47,9),""))} -> SMAC | P67: =IF(N67="","","Tier2_Pick1") -> Tier2_Pick1 | Q67: =IF(N67="","",2) -> 2 | R67: {=IF(N67="","",IFERROR(INDEX(Entries!$M$2:$M$47,9),""))} -> Netherlands | S67: {=IF(R67="","",IFERROR(XLOOKUP(R67,'Live Medal Table'!$B$2:$B$94,'Live Medal Table'!$C$2:$C$94,"???"),"???"))} -> NED | T67: {=IF(R67="",0,IFERROR(XLOOKUP(R67,'Live Medal Table'!$B$2:$B$94,'Live Medal Table'!$F$2:$F$94,0),0))} -> 2 | U67: {=IF(R67="",0,IFERROR(XLOOKUP(R67,'Live Medal Table'!$B$2:$B$94,'Live Medal Table'!$G$2:$G$94,0),0))} -> 10 | V67: {=IF(R67="",0,IFERROR(XLOOKUP(R67,'Live Medal Table'!$B$2:$B$94,'Live Medal Table'!$H$2:$H$94,0),0))} -> 7 | W67: {=IF(R67="",0,IFERROR(XLOOKUP(R67,'Live Medal Table'!$B$2:$B$94,'Live Medal Table'!$I$2:$I$94,0),0))} -> 3 | X67: =U67*3*T67 -> 60 | Y67: =V67*2*T67 -> 28 | Z67: =W67*1*T67 -> 6 | AA67: =X67+Y67+Z67 -> 94 | AB67: {=IF(R67="",FALSE,IFERROR(AND(ISNUMBER(MATCH(R67,'Live Medal Table'!$B$2:$B$94,0)),XLOOKUP(R67,'Live Medal Table'!$B$2:$B$94,Countries!$I$2:$I$72,FALSE)),FALSE))} -> FALSE
N68: {=IFERROR(IF(INDEX(Entries!$C$2:$C$47,9)="","",INDEX(Entries!$Q$2:$Q$47,9)),"")} -> Sean_McAteer_SMAC | O68: {=IF(N68="","",IFERROR(INDEX(Entries!$E$2:$E$47,9),""))} -> SMAC | P68: =IF(N68="","","Tier2_Pick2") -> Tier2_Pick2 | Q68: =IF(N68="","",2) -> 2 | R68: {=IF(N68="","",IFERROR(INDEX(Entries!$N$2:$N$47,9),""))} -> Switzerland | S68: {=IF(R68="","",IFERROR(XLOOKUP(R68,'Live Medal Table'!$B$2:$B$94,'Live Medal Table'!$C$2:$C$94,"???"),"???"))} -> SUI | T68: {=IF(R68="",0,IFERROR(XLOOKUP(R68,'Live Medal Table'!$B$2:$B$94,'Live Medal Table'!$F$2:$F$94,0),0))} -> 2 | U68: {=IF(R68="",0,IFERROR(XLOOKUP(R68,'Live Medal Table'!$B$2:$B$94,'Live Medal Table'!$G$2:$G$94,0),0))} -> 6 | V68: {=IF(R68="",0,IFERROR(XLOOKUP(R68,'Live Medal Table'!$B$2:$B$94,'Live Medal Table'!$H$2:$H$94,0),0))} -> 9 | W68: {=IF(R68="",0,IFERROR(XLOOKUP(R68,'Live Medal Table'!$B$2:$B$94,'Live Medal Table'!$I$2:$I$94,0),0))} -> 8 | X68: =U68*3*T68 -> 36 | Y68: =V68*2*T68 -> 36 | Z68: =W68*1*T68 -> 16 | AA68: =X68+Y68+Z68 -> 88 | AB68: {=IF(R68="",FALSE,IFERROR(AND(ISNUMBER(MATCH(R68,'Live Medal Table'!$B$2:$B$94,0)),XLOOKUP(R68,'Live Medal Table'!$B$2:$B$94,Countries!$I$2:$I$72,FALSE)),FALSE))} -> FALSE
N69: {=IFERROR(IF(INDEX(Entries!$C$2:$C$47,9)="","",INDEX(Entries!$Q$2:$Q$47,9)),"")} -> Sean_McAteer_SMAC | O69: {=IF(N69="","",IFERROR(INDEX(Entries!$E$2:$E$47,9),""))} -> SMAC | P69: =IF(N69="","","Tier3_Pick1") -> Tier3_Pick1 | Q69: =IF(N69="","",3) -> 3 | R69: {=IF(N69="","",IFERROR(INDEX(Entries!$H$2:$H$47,9),""))} -> Italy | S69: {=IF(R69="","",IFERROR(XLOOKUP(R69,'Live Medal Table'!$B$2:$B$94,'Live Medal Table'!$C$2:$C$94,"???"),"???"))} -> ITA | T69: {=IF(R69="",0,IFERROR(XLOOKUP(R69,'Live Medal Table'!$B$2:$B$94,'Live Medal Table'!$F$2:$F$94,0),0))} -> 3 | U69: {=IF(R69="",0,IFERROR(XLOOKUP(R69,'Live Medal Table'!$B$2:$B$94,'Live Medal Table'!$G$2:$G$94,0),0))} -> 10 | V69: {=IF(R69="",0,IFERROR(XLOOKUP(R69,'Live Medal Table'!$B$2:$B$94,'Live Medal Table'!$H$2:$H$94,0),0))} -> 6 | W69: {=IF(R69="",0,IFERROR(XLOOKUP(R69,'Live Medal Table'!$B$2:$B$94,'Live Medal Table'!$I$2:$I$94,0),0))} -> 14 | X69: =U69*3*T69 -> 90 | Y69: =V69*2*T69 -> 36 | Z69: =W69*1*T69 -> 42 | AA69: =X69+Y69+Z69 -> 168 | AB69: {=IF(R69="",FALSE,IFERROR(AND(ISNUMBER(MATCH(R69,'Live Medal Table'!$B$2:$B$94,0)),XLOOKUP(R69,'Live Medal Table'!$B$2:$B$94,Countries!$I$2:$I$72,FALSE)),FALSE))} -> FALSE
N70: {=IFERROR(IF(INDEX(Entries!$C$2:$C$47,9)="","",INDEX(Entries!$Q$2:$Q$47,9)),"")} -> Sean_McAteer_SMAC | O70: {=IF(N70="","",IFERROR(INDEX(Entries!$E$2:$E$47,9),""))} -> SMAC | P70: =IF(N70="","","Tier4_Pick1") -> Tier4_Pick1 | Q70: =IF(N70="","",4) -> 4 | R70: {=IF(N70="","",IFERROR(INDEX(Entries!$I$2:$I$47,9),""))} -> Finland | S70: {=IF(R70="","",IFERROR(XLOOKUP(R70,'Live Medal Table'!$B$2:$B$94,'Live Medal Table'!$C$2:$C$94,"???"),"???"))} -> FIN | T70: {=IF(R70="",0,IFERROR(XLOOKUP(R70,'Live Medal Table'!$B$2:$B$94,'Live Medal Table'!$F$2:$F$94,0),0))} -> 6 | U70: {=IF(R70="",0,IFERROR(XLOOKUP(R70,'Live Medal Table'!$B$2:$B$94,'Live Medal Table'!$G$2:$G$94,0),0))} -> 0 | V70: {=IF(R70="",0,IFERROR(XLOOKUP(R70,'Live Medal Table'!$B$2:$B$94,'Live Medal Table'!$H$2:$H$94,0),0))} -> 1 | W70: {=IF(R70="",0,IFERROR(XLOOKUP(R70,'Live Medal Table'!$B$2:$B$94,'Live Medal Table'!$I$2:$I$94,0),0))} -> 5 | X70: =U70*3*T70 -> 0 | Y70: =V70*2*T70 -> 12 | Z70: =W70*1*T70 -> 30 | AA70: =X70+Y70+Z70 -> 42 | AB70: {=IF(R70="",FALSE,IFERROR(AND(ISNUMBER(MATCH(R70,'Live Medal Table'!$B$2:$B$94,0)),XLOOKUP(R70,'Live Medal Table'!$B$2:$B$94,Countries!$I$2:$I$72,FALSE)),FALSE))} -> FALSE
N71: {=IFERROR(IF(INDEX(Entries!$C$2:$C$47,9)="","",INDEX(Entries!$Q$2:$Q$47,9)),"")} -> Sean_McAteer_SMAC | O71: {=IF(N71="","",IFERROR(INDEX(Entries!$E$2:$E$47,9),""))} -> SMAC | P71: =IF(N71="","","Tier5_Pick1") -> Tier5_Pick1 | Q71: =IF(N71="","",5) -> 5 | R71: {=IF(N71="","",IFERROR(INDEX(Entries!$J$2:$J$47,9),""))} -> Poland | S71: {=IF(R71="","",IFERROR(XLOOKUP(R71,'Live Medal Table'!$B$2:$B$94,'Live Medal Table'!$C$2:$C$94,"???"),"???"))} -> POL | T71: {=IF(R71="",0,IFERROR(XLOOKUP(R71,'Live Medal Table'!$B$2:$B$94,'Live Medal Table'!$F$2:$F$94,0),0))} -> 10 | U71: {=IF(R71="",0,IFERROR(XLOOKUP(R71,'Live Medal Table'!$B$2:$B$94,'Live Medal Table'!$G$2:$G$94,0),0))} -> 0 | V71: {=IF(R71="",0,IFERROR(XLOOKUP(R71,'Live Medal Table'!$B$2:$B$94,'Live Medal Table'!$H$2:$H$94,0),0))} -> 3 | W71: {=IF(R71="",0,IFERROR(XLOOKUP(R71,'Live Medal Table'!$B$2:$B$94,'Live Medal Table'!$I$2:$I$94,0),0))} -> 1 | X71: =U71*3*T71 -> 0 | Y71: =V71*2*T71 -> 60 | Z71: =W71*1*T71 -> 10 | AA71: =X71+Y71+Z71 -> 70 | AB71: {=IF(R71="",FALSE,IFERROR(AND(ISNUMBER(MATCH(R71,'Live Medal Table'!$B$2:$B$94,0)),XLOOKUP(R71,'Live Medal Table'!$B$2:$B$94,Countries!$I$2:$I$72,FALSE)),FALSE))} -> FALSE
N72: {=IFERROR(IF(INDEX(Entries!$C$2:$C$47,9)="","",INDEX(Entries!$Q$2:$Q$47,9)),"")} -> Sean_McAteer_SMAC | O72: {=IF(N72="","",IFERROR(INDEX(Entries!$E$2:$E$47,9),""))} -> SMAC | P72: =IF(N72="","","Tier6_Pick1") -> Tier6_Pick1 | Q72: =IF(N72="","",6) -> 6 | R72: {=IF(N72="","",IFERROR(INDEX(Entries!$O$2:$O$47,9),""))} -> Spain | S72: {=IF(R72="","",IFERROR(XLOOKUP(R72,'Live Medal Table'!$B$2:$B$94,'Live Medal Table'!$C$2:$C$94,"???"),"???"))} -> ESP | T72: {=IF(R72="",0,IFERROR(XLOOKUP(R72,'Live Medal Table'!$B$2:$B$94,'Live Medal Table'!$F$2:$F$94,0),0))} -> 20 | U72: {=IF(R72="",0,IFERROR(XLOOKUP(R72,'Live Medal Table'!$B$2:$B$94,'Live Medal Table'!$G$2:$G$94,0),0))} -> 1 | V72: {=IF(R72="",0,IFERROR(XLOOKUP(R72,'Live Medal Table'!$B$2:$B$94,'Live Medal Table'!$H$2:$H$94,0),0))} -> 0 | W72: {=IF(R72="",0,IFERROR(XLOOKUP(R72,'Live Medal Table'!$B$2:$B$94,'Live Medal Table'!$I$2:$I$94,0),0))} -> 2 | X72: =U72*3*T72 -> 60 | Y72: =V72*2*T72 -> 0 | Z72: =W72*1*T72 -> 40 | AA72: =X72+Y72+Z72 -> 100 | AB72: {=IF(R72="",FALSE,IFERROR(AND(ISNUMBER(MATCH(R72,'Live Medal Table'!$B$2:$B$94,0)),XLOOKUP(R72,'Live Medal Table'!$B$2:$B$94,Countries!$I$2:$I$72,FALSE)),FALSE))} -> FALSE
N73: {=IFERROR(IF(INDEX(Entries!$C$2:$C$47,9)="","",INDEX(Entries!$Q$2:$Q$47,9)),"")} -> Sean_McAteer_SMAC | O73: {=IF(N73="","",IFERROR(INDEX(Entries!$E$2:$E$47,9),""))} -> SMAC | P73: =IF(N73="","","Tier6_Pick2") -> Tier6_Pick2 | Q73: =IF(N73="","",6) -> 6 | R73: {=IF(N73="","",IFERROR(INDEX(Entries!$P$2:$P$47,9),""))} -> Ukraine | S73: {=IF(R73="","",IFERROR(XLOOKUP(R73,'Live Medal Table'!$B$2:$B$94,'Live Medal Table'!$C$2:$C$94,"???"),"???"))} -> UKR | T73: {=IF(R73="",0,IFERROR(XLOOKUP(R73,'Live Medal Table'!$B$2:$B$94,'Live Medal Table'!$F$2:$F$94,0),0))} -> 20 | U73: {=IF(R73="",0,IFERROR(XLOOKUP(R73,'Live Medal Table'!$B$2:$B$94,'Live Medal Table'!$G$2:$G$94,0),0))} -> 0 | V73: {=IF(R73="",0,IFERROR(XLOOKUP(R73,'Live Medal Table'!$B$2:$B$94,'Live Medal Table'!$H$2:$H$94,0),0))} -> 0 | W73: {=IF(R73="",0,IFERROR(XLOOKUP(R73,'Live Medal Table'!$B$2:$B$94,'Live Medal Table'!$I$2:$I$94,0),0))} -> 0 | X73: =U73*3*T73 -> 0 | Y73: =V73*2*T73 -> 0 | Z73: =W73*1*T73 -> 0 | AA73: =X73+Y73+Z73 -> 0 | AB73: {=IF(R73="",FALSE,IFERROR(AND(ISNUMBER(MATCH(R73,'Live Medal Table'!$B$2:$B$94,0)),XLOOKUP(R73,'Live Medal Table'!$B$2:$B$94,Countries!$I$2:$I$72,FALSE)),FALSE))} -> FALSE
N74: {=IFERROR(IF(INDEX(Entries!$C$2:$C$47,10)="","",INDEX(Entries!$Q$2:$Q$47,10)),"")} -> Patrick_Doherty_Pat Doherty | O74: {=IF(N74="","",IFERROR(INDEX(Entries!$E$2:$E$47,10),""))} -> Pat Doherty | P74: =IF(N74="","","Tier1_Pick1") -> Tier1_Pick1 | Q74: =IF(N74="","",1) -> 1 | R74: {=IF(N74="","",IFERROR(INDEX(Entries!$F$2:$F$47,10),""))} -> Norway | S74: {=IF(R74="","",IFERROR(XLOOKUP(R74,'Live Medal Table'!$B$2:$B$94,'Live Medal Table'!$C$2:$C$94,"???"),"???"))} -> NOR | T74: {=IF(R74="",0,IFERROR(XLOOKUP(R74,'Live Medal Table'!$B$2:$B$94,'Live Medal Table'!$F$2:$F$94,0),0))} -> 1 | U74: {=IF(R74="",0,IFERROR(XLOOKUP(R74,'Live Medal Table'!$B$2:$B$94,'Live Medal Table'!$G$2:$G$94,0),0))} -> 18 | V74: {=IF(R74="",0,IFERROR(XLOOKUP(R74,'Live Medal Table'!$B$2:$B$94,'Live Medal Table'!$H$2:$H$94,0),0))} -> 12 | W74: {=IF(R74="",0,IFERROR(XLOOKUP(R74,'Live Medal Table'!$B$2:$B$94,'Live Medal Table'!$I$2:$I$94,0),0))} -> 11 | X74: =U74*3*T74 -> 54 | Y74: =V74*2*T74 -> 24 | Z74: =W74*1*T74 -> 11 | AA74: =X74+Y74+Z74 -> 89 | AB74: {=IF(R74="",FALSE,IFERROR(AND(ISNUMBER(MATCH(R74,'Live Medal Table'!$B$2:$B$94,0)),XLOOKUP(R74,'Live Medal Table'!$B$2:$B$94,Countries!$I$2:$I$72,FALSE)),FALSE))} -> FALSE
N75: {=IFERROR(IF(INDEX(Entries!$C$2:$C$47,10)="","",INDEX(Entries!$Q$2:$Q$47,10)),"")} -> Patrick_Doherty_Pat Doherty | O75: {=IF(N75="","",IFERROR(INDEX(Entries!$E$2:$E$47,10),""))} -> Pat Doherty | P75: =IF(N75="","","Tier2_Pick1") -> Tier2_Pick1 | Q75: =IF(N75="","",2) -> 2 | R75: {=IF(N75="","",IFERROR(INDEX(Entries!$M$2:$M$47,10),""))} -> Netherlands | S75: {=IF(R75="","",IFERROR(XLOOKUP(R75,'Live Medal Table'!$B$2:$B$94,'Live Medal Table'!$C$2:$C$94,"???"),"???"))} -> NED | T75: {=IF(R75="",0,IFERROR(XLOOKUP(R75,'Live Medal Table'!$B$2:$B$94,'Live Medal Table'!$F$2:$F$94,0),0))} -> 2 | U75: {=IF(R75="",0,IFERROR(XLOOKUP(R75,'Live Medal Table'!$B$2:$B$94,'Live Medal Table'!$G$2:$G$94,0),0))} -> 10 | V75: {=IF(R75="",0,IFERROR(XLOOKUP(R75,'Live Medal Table'!$B$2:$B$94,'Live Medal Table'!$H$2:$H$94,0),0))} -> 7 | W75: {=IF(R75="",0,IFERROR(XLOOKUP(R75,'Live Medal Table'!$B$2:$B$94,'Live Medal Table'!$I$2:$I$94,0),0))} -> 3 | X75: =U75*3*T75 -> 60 | Y75: =V75*2*T75 -> 28 | Z75: =W75*1*T75 -> 6 | AA75: =X75+Y75+Z75 -> 94 | AB75: {=IF(R75="",FALSE,IFERROR(AND(ISNUMBER(MATCH(R75,'Live Medal Table'!$B$2:$B$94,0)),XLOOKUP(R75,'Live Medal Table'!$B$2:$B$94,Countries!$I$2:$I$72,FALSE)),FALSE))} -> FALSE
N76: {=IFERROR(IF(INDEX(Entries!$C$2:$C$47,10)="","",INDEX(Entries!$Q$2:$Q$47,10)),"")} -> Patrick_Doherty_Pat Doherty | O76: {=IF(N76="","",IFERROR(INDEX(Entries!$E$2:$E$47,10),""))} -> Pat Doherty | P76: =IF(N76="","","Tier2_Pick2") -> Tier2_Pick2 | Q76: =IF(N76="","",2) -> 2 | R76: {=IF(N76="","",IFERROR(INDEX(Entries!$N$2:$N$47,10),""))} -> Switzerland | S76: {=IF(R76="","",IFERROR(XLOOKUP(R76,'Live Medal Table'!$B$2:$B$94,'Live Medal Table'!$C$2:$C$94,"???"),"???"))} -> SUI | T76: {=IF(R76="",0,IFERROR(XLOOKUP(R76,'Live Medal Table'!$B$2:$B$94,'Live Medal Table'!$F$2:$F$94,0),0))} -> 2 | U76: {=IF(R76="",0,IFERROR(XLOOKUP(R76,'Live Medal Table'!$B$2:$B$94,'Live Medal Table'!$G$2:$G$94,0),0))} -> 6 | V76: {=IF(R76="",0,IFERROR(XLOOKUP(R76,'Live Medal Table'!$B$2:$B$94,'Live Medal Table'!$H$2:$H$94,0),0))} -> 9 | W76: {=IF(R76="",0,IFERROR(XLOOKUP(R76,'Live Medal Table'!$B$2:$B$94,'Live Medal Table'!$I$2:$I$94,0),0))} -> 8 | X76: =U76*3*T76 -> 36 | Y76: =V76*2*T76 -> 36 | Z76: =W76*1*T76 -> 16 | AA76: =X76+Y76+Z76 -> 88 | AB76: {=IF(R76="",FALSE,IFERROR(AND(ISNUMBER(MATCH(R76,'Live Medal Table'!$B$2:$B$94,0)),XLOOKUP(R76,'Live Medal Table'!$B$2:$B$94,Countries!$I$2:$I$72,FALSE)),FALSE))} -> FALSE
N77: {=IFERROR(IF(INDEX(Entries!$C$2:$C$47,10)="","",INDEX(Entries!$Q$2:$Q$47,10)),"")} -> Patrick_Doherty_Pat Doherty | O77: {=IF(N77="","",IFERROR(INDEX(Entries!$E$2:$E$47,10),""))} -> Pat Doherty | P77: =IF(N77="","","Tier3_Pick1") -> Tier3_Pick1 | Q77: =IF(N77="","",3) -> 3 | R77: {=IF(N77="","",IFERROR(INDEX(Entries!$H$2:$H$47,10),""))} -> Italy | S77: {=IF(R77="","",IFERROR(XLOOKUP(R77,'Live Medal Table'!$B$2:$B$94,'Live Medal Table'!$C$2:$C$94,"???"),"???"))} -> ITA | T77: {=IF(R77="",0,IFERROR(XLOOKUP(R77,'Live Medal Table'!$B$2:$B$94,'Live Medal Table'!$F$2:$F$94,0),0))} -> 3 | U77: {=IF(R77="",0,IFERROR(XLOOKUP(R77,'Live Medal Table'!$B$2:$B$94,'Live Medal Table'!$G$2:$G$94,0),0))} -> 10 | V77: {=IF(R77="",0,IFERROR(XLOOKUP(R77,'Live Medal Table'!$B$2:$B$94,'Live Medal Table'!$H$2:$H$94,0),0))} -> 6 | W77: {=IF(R77="",0,IFERROR(XLOOKUP(R77,'Live Medal Table'!$B$2:$B$94,'Live Medal Table'!$I$2:$I$94,0),0))} -> 14 | X77: =U77*3*T77 -> 90 | Y77: =V77*2*T77 -> 36 | Z77: =W77*1*T77 -> 42 | AA77: =X77+Y77+Z77 -> 168 | AB77: {=IF(R77="",FALSE,IFERROR(AND(ISNUMBER(MATCH(R77,'Live Medal Table'!$B$2:$B$94,0)),XLOOKUP(R77,'Live Medal Table'!$B$2:$B$94,Countries!$I$2:$I$72,FALSE)),FALSE))} -> FALSE
N78: {=IFERROR(IF(INDEX(Entries!$C$2:$C$47,10)="","",INDEX(Entries!$Q$2:$Q$47,10)),"")} -> Patrick_Doherty_Pat Doherty | O78: {=IF(N78="","",IFERROR(INDEX(Entries!$E$2:$E$47,10),""))} -> Pat Doherty | P78: =IF(N78="","","Tier4_Pick1") -> Tier4_Pick1 | Q78: =IF(N78="","",4) -> 4 | R78: {=IF(N78="","",IFERROR(INDEX(Entries!$I$2:$I$47,10),""))} -> Finland | S78: {=IF(R78="","",IFERROR(XLOOKUP(R78,'Live Medal Table'!$B$2:$B$94,'Live Medal Table'!$C$2:$C$94,"???"),"???"))} -> FIN | T78: {=IF(R78="",0,IFERROR(XLOOKUP(R78,'Live Medal Table'!$B$2:$B$94,'Live Medal Table'!$F$2:$F$94,0),0))} -> 6 | U78: {=IF(R78="",0,IFERROR(XLOOKUP(R78,'Live Medal Table'!$B$2:$B$94,'Live Medal Table'!$G$2:$G$94,0),0))} -> 0 | V78: {=IF(R78="",0,IFERROR(XLOOKUP(R78,'Live Medal Table'!$B$2:$B$94,'Live Medal Table'!$H$2:$H$94,0),0))} -> 1 | W78: {=IF(R78="",0,IFERROR(XLOOKUP(R78,'Live Medal Table'!$B$2:$B$94,'Live Medal Table'!$I$2:$I$94,0),0))} -> 5 | X78: =U78*3*T78 -> 0 | Y78: =V78*2*T78 -> 12 | Z78: =W78*1*T78 -> 30 | AA78: =X78+Y78+Z78 -> 42 | AB78: {=IF(R78="",FALSE,IFERROR(AND(ISNUMBER(MATCH(R78,'Live Medal Table'!$B$2:$B$94,0)),XLOOKUP(R78,'Live Medal Table'!$B$2:$B$94,Countries!$I$2:$I$72,FALSE)),FALSE))} -> FALSE
N79: {=IFERROR(IF(INDEX(Entries!$C$2:$C$47,10)="","",INDEX(Entries!$Q$2:$Q$47,10)),"")} -> Patrick_Doherty_Pat Doherty | O79: {=IF(N79="","",IFERROR(INDEX(Entries!$E$2:$E$47,10),""))} -> Pat Doherty | P79: =IF(N79="","","Tier5_Pick1") -> Tier5_Pick1 | Q79: =IF(N79="","",5) -> 5 | R79: {=IF(N79="","",IFERROR(INDEX(Entries!$J$2:$J$47,10),""))} -> Great Britain | S79: {=IF(R79="","",IFERROR(XLOOKUP(R79,'Live Medal Table'!$B$2:$B$94,'Live Medal Table'!$C$2:$C$94,"???"),"???"))} -> GBR | T79: {=IF(R79="",0,IFERROR(XLOOKUP(R79,'Live Medal Table'!$B$2:$B$94,'Live Medal Table'!$F$2:$F$94,0),0))} -> 10 | U79: {=IF(R79="",0,IFERROR(XLOOKUP(R79,'Live Medal Table'!$B$2:$B$94,'Live Medal Table'!$G$2:$G$94,0),0))} -> 3 | V79: {=IF(R79="",0,IFERROR(XLOOKUP(R79,'Live Medal Table'!$B$2:$B$94,'Live Medal Table'!$H$2:$H$94,0),0))} -> 1 | W79: {=IF(R79="",0,IFERROR(XLOOKUP(R79,'Live Medal Table'!$B$2:$B$94,'Live Medal Table'!$I$2:$I$94,0),0))} -> 1 | X79: =U79*3*T79 -> 90 | Y79: =V79*2*T79 -> 20 | Z79: =W79*1*T79 -> 10 | AA79: =X79+Y79+Z79 -> 120 | AB79: {=IF(R79="",FALSE,IFERROR(AND(ISNUMBER(MATCH(R79,'Live Medal Table'!$B$2:$B$94,0)),XLOOKUP(R79,'Live Medal Table'!$B$2:$B$94,Countries!$I$2:$I$72,FALSE)),FALSE))} -> FALSE
N80: {=IFERROR(IF(INDEX(Entries!$C$2:$C$47,10)="","",INDEX(Entries!$Q$2:$Q$47,10)),"")} -> Patrick_Doherty_Pat Doherty | O80: {=IF(N80="","",IFERROR(INDEX(Entries!$E$2:$E$47,10),""))} -> Pat Doherty | P80: =IF(N80="","","Tier6_Pick1") -> Tier6_Pick1 | Q80: =IF(N80="","",6) -> 6 | R80: {=IF(N80="","",IFERROR(INDEX(Entries!$O$2:$O$47,10),""))} -> Belgium | S80: {=IF(R80="","",IFERROR(XLOOKUP(R80,'Live Medal Table'!$B$2:$B$94,'Live Medal Table'!$C$2:$C$94,"???"),"???"))} -> BEL | T80: {=IF(R80="",0,IFERROR(XLOOKUP(R80,'Live Medal Table'!$B$2:$B$94,'Live Medal Table'!$F$2:$F$94,0),0))} -> 20 | U80: {=IF(R80="",0,IFERROR(XLOOKUP(R80,'Live Medal Table'!$B$2:$B$94,'Live Medal Table'!$G$2:$G$94,0),0))} -> 0 | V80: {=IF(R80="",0,IFERROR(XLOOKUP(R80,'Live Medal Table'!$B$2:$B$94,'Live Medal Table'!$H$2:$H$94,0),0))} -> 0 | W80: {=IF(R80="",0,IFERROR(XLOOKUP(R80,'Live Medal Table'!$B$2:$B$94,'Live Medal Table'!$I$2:$I$94,0),0))} -> 1 | X80: =U80*3*T80 -> 0 | Y80: =V80*2*T80 -> 0 | Z80: =W80*1*T80 -> 20 | AA80: =X80+Y80+Z80 -> 20 | AB80: {=IF(R80="",FALSE,IFERROR(AND(ISNUMBER(MATCH(R80,'Live Medal Table'!$B$2:$B$94,0)),XLOOKUP(R80,'Live Medal Table'!$B$2:$B$94,Countries!$I$2:$I$72,FALSE)),FALSE))} -> FALSE
N81: {=IFERROR(IF(INDEX(Entries!$C$2:$C$47,10)="","",INDEX(Entries!$Q$2:$Q$47,10)),"")} -> Patrick_Doherty_Pat Doherty | O81: {=IF(N81="","",IFERROR(INDEX(Entries!$E$2:$E$47,10),""))} -> Pat Doherty | P81: =IF(N81="","","Tier6_Pick2") -> Tier6_Pick2 | Q81: =IF(N81="","",6) -> 6 | R81: {=IF(N81="","",IFERROR(INDEX(Entries!$P$2:$P$47,10),""))} -> Hungary | S81: {=IF(R81="","",IFERROR(XLOOKUP(R81,'Live Medal Table'!$B$2:$B$94,'Live Medal Table'!$C$2:$C$94,"???"),"???"))} -> HUN | T81: {=IF(R81="",0,IFERROR(XLOOKUP(R81,'Live Medal Table'!$B$2:$B$94,'Live Medal Table'!$F$2:$F$94,0),0))} -> 20 | U81: {=IF(R81="",0,IFERROR(XLOOKUP(R81,'Live Medal Table'!$B$2:$B$94,'Live Medal Table'!$G$2:$G$94,0),0))} -> 0 | V81: {=IF(R81="",0,IFERROR(XLOOKUP(R81,'Live Medal Table'!$B$2:$B$94,'Live Medal Table'!$H$2:$H$94,0),0))} -> 0 | W81: {=IF(R81="",0,IFERROR(XLOOKUP(R81,'Live Medal Table'!$B$2:$B$94,'Live Medal Table'!$I$2:$I$94,0),0))} -> 0 | X81: =U81*3*T81 -> 0 | Y81: =V81*2*T81 -> 0 | Z81: =W81*1*T81 -> 0 | AA81: =X81+Y81+Z81 -> 0 | AB81: {=IF(R81="",FALSE,IFERROR(AND(ISNUMBER(MATCH(R81,'Live Medal Table'!$B$2:$B$94,0)),XLOOKUP(R81,'Live Medal Table'!$B$2:$B$94,Countries!$I$2:$I$72,FALSE)),FALSE))} -> FALSE
N82: {=IFERROR(IF(INDEX(Entries!$C$2:$C$47,11)="","",INDEX(Entries!$Q$2:$Q$47,11)),"")} -> Jack_Rebman_Reb | O82: {=IF(N82="","",IFERROR(INDEX(Entries!$E$2:$E$47,11),""))} -> Reb | P82: =IF(N82="","","Tier1_Pick1") -> Tier1_Pick1 | Q82: =IF(N82="","",1) -> 1 | R82: {=IF(N82="","",IFERROR(INDEX(Entries!$F$2:$F$47,11),""))} -> Germany | S82: {=IF(R82="","",IFERROR(XLOOKUP(R82,'Live Medal Table'!$B$2:$B$94,'Live Medal Table'!$C$2:$C$94,"???"),"???"))} -> GER | T82: {=IF(R82="",0,IFERROR(XLOOKUP(R82,'Live Medal Table'!$B$2:$B$94,'Live Medal Table'!$F$2:$F$94,0),0))} -> 1 | U82: {=IF(R82="",0,IFERROR(XLOOKUP(R82,'Live Medal Table'!$B$2:$B$94,'Live Medal Table'!$G$2:$G$94,0),0))} -> 8 | V82: {=IF(R82="",0,IFERROR(XLOOKUP(R82,'Live Medal Table'!$B$2:$B$94,'Live Medal Table'!$H$2:$H$94,0),0))} -> 10 | W82: {=IF(R82="",0,IFERROR(XLOOKUP(R82,'Live Medal Table'!$B$2:$B$94,'Live Medal Table'!$I$2:$I$94,0),0))} -> 8 | X82: =U82*3*T82 -> 24 | Y82: =V82*2*T82 -> 20 | Z82: =W82*1*T82 -> 8 | AA82: =X82+Y82+Z82 -> 52 | AB82: {=IF(R82="",FALSE,IFERROR(AND(ISNUMBER(MATCH(R82,'Live Medal Table'!$B$2:$B$94,0)),XLOOKUP(R82,'Live Medal Table'!$B$2:$B$94,Countries!$I$2:$I$72,FALSE)),FALSE))} -> FALSE
N83: {=IFERROR(IF(INDEX(Entries!$C$2:$C$47,11)="","",INDEX(Entries!$Q$2:$Q$47,11)),"")} -> Jack_Rebman_Reb | O83: {=IF(N83="","",IFERROR(INDEX(Entries!$E$2:$E$47,11),""))} -> Reb | P83: =IF(N83="","","Tier2_Pick1") -> Tier2_Pick1 | Q83: =IF(N83="","",2) -> 2 | R83: {=IF(N83="","",IFERROR(INDEX(Entries!$M$2:$M$47,11),""))} -> Netherlands | S83: {=IF(R83="","",IFERROR(XLOOKUP(R83,'Live Medal Table'!$B$2:$B$94,'Live Medal Table'!$C$2:$C$94,"???"),"???"))} -> NED | T83: {=IF(R83="",0,IFERROR(XLOOKUP(R83,'Live Medal Table'!$B$2:$B$94,'Live Medal Table'!$F$2:$F$94,0),0))} -> 2 | U83: {=IF(R83="",0,IFERROR(XLOOKUP(R83,'Live Medal Table'!$B$2:$B$94,'Live Medal Table'!$G$2:$G$94,0),0))} -> 10 | V83: {=IF(R83="",0,IFERROR(XLOOKUP(R83,'Live Medal Table'!$B$2:$B$94,'Live Medal Table'!$H$2:$H$94,0),0))} -> 7 | W83: {=IF(R83="",0,IFERROR(XLOOKUP(R83,'Live Medal Table'!$B$2:$B$94,'Live Medal Table'!$I$2:$I$94,0),0))} -> 3 | X83: =U83*3*T83 -> 60 | Y83: =V83*2*T83 -> 28 | Z83: =W83*1*T83 -> 6 | AA83: =X83+Y83+Z83 -> 94 | AB83: {=IF(R83="",FALSE,IFERROR(AND(ISNUMBER(MATCH(R83,'Live Medal Table'!$B$2:$B$94,0)),XLOOKUP(R83,'Live Medal Table'!$B$2:$B$94,Countries!$I$2:$I$72,FALSE)),FALSE))} -> FALSE
N84: {=IFERROR(IF(INDEX(Entries!$C$2:$C$47,11)="","",INDEX(Entries!$Q$2:$Q$47,11)),"")} -> Jack_Rebman_Reb | O84: {=IF(N84="","",IFERROR(INDEX(Entries!$E$2:$E$47,11),""))} -> Reb | P84: =IF(N84="","","Tier2_Pick2") -> Tier2_Pick2 | Q84: =IF(N84="","",2) -> 2 | R84: {=IF(N84="","",IFERROR(INDEX(Entries!$N$2:$N$47,11),""))} -> Sweden | S84: {=IF(R84="","",IFERROR(XLOOKUP(R84,'Live Medal Table'!$B$2:$B$94,'Live Medal Table'!$C$2:$C$94,"???"),"???"))} -> SWE | T84: {=IF(R84="",0,IFERROR(XLOOKUP(R84,'Live Medal Table'!$B$2:$B$94,'Live Medal Table'!$F$2:$F$94,0),0))} -> 2 | U84: {=IF(R84="",0,IFERROR(XLOOKUP(R84,'Live Medal Table'!$B$2:$B$94,'Live Medal Table'!$G$2:$G$94,0),0))} -> 8 | V84: {=IF(R84="",0,IFERROR(XLOOKUP(R84,'Live Medal Table'!$B$2:$B$94,'Live Medal Table'!$H$2:$H$94,0),0))} -> 6 | W84: {=IF(R84="",0,IFERROR(XLOOKUP(R84,'Live Medal Table'!$B$2:$B$94,'Live Medal Table'!$I$2:$I$94,0),0))} -> 4 | X84: =U84*3*T84 -> 48 | Y84: =V84*2*T84 -> 24 | Z84: =W84*1*T84 -> 8 | AA84: =X84+Y84+Z84 -> 80 | AB84: {=IF(R84="",FALSE,IFERROR(AND(ISNUMBER(MATCH(R84,'Live Medal Table'!$B$2:$B$94,0)),XLOOKUP(R84,'Live Medal Table'!$B$2:$B$94,Countries!$I$2:$I$72,FALSE)),FALSE))} -> FALSE
N85: {=IFERROR(IF(INDEX(Entries!$C$2:$C$47,11)="","",INDEX(Entries!$Q$2:$Q$47,11)),"")} -> Jack_Rebman_Reb | O85: {=IF(N85="","",IFERROR(INDEX(Entries!$E$2:$E$47,11),""))} -> Reb | P85: =IF(N85="","","Tier3_Pick1") -> Tier3_Pick1 | Q85: =IF(N85="","",3) -> 3 | R85: {=IF(N85="","",IFERROR(INDEX(Entries!$H$2:$H$47,11),""))} -> Italy | S85: {=IF(R85="","",IFERROR(XLOOKUP(R85,'Live Medal Table'!$B$2:$B$94,'Live Medal Table'!$C$2:$C$94,"???"),"???"))} -> ITA | T85: {=IF(R85="",0,IFERROR(XLOOKUP(R85,'Live Medal Table'!$B$2:$B$94,'Live Medal Table'!$F$2:$F$94,0),0))} -> 3 | U85: {=IF(R85="",0,IFERROR(XLOOKUP(R85,'Live Medal Table'!$B$2:$B$94,'Live Medal Table'!$G$2:$G$94,0),0))} -> 10 | V85: {=IF(R85="",0,IFERROR(XLOOKUP(R85,'Live Medal Table'!$B$2:$B$94,'Live Medal Table'!$H$2:$H$94,0),0))} -> 6 | W85: {=IF(R85="",0,IFERROR(XLOOKUP(R85,'Live Medal Table'!$B$2:$B$94,'Live Medal Table'!$I$2:$I$94,0),0))} -> 14 | X85: =U85*3*T85 -> 90 | Y85: =V85*2*T85 -> 36 | Z85: =W85*1*T85 -> 42 | AA85: =X85+Y85+Z85 -> 168 | AB85: {=IF(R85="",FALSE,IFERROR(AND(ISNUMBER(MATCH(R85,'Live Medal Table'!$B$2:$B$94,0)),XLOOKUP(R85,'Live Medal Table'!$B$2:$B$94,Countries!$I$2:$I$72,FALSE)),FALSE))} -> FALSE
N86: {=IFERROR(IF(INDEX(Entries!$C$2:$C$47,11)="","",INDEX(Entries!$Q$2:$Q$47,11)),"")} -> Jack_Rebman_Reb | O86: {=IF(N86="","",IFERROR(INDEX(Entries!$E$2:$E$47,11),""))} -> Reb | P86: =IF(N86="","","Tier4_Pick1") -> Tier4_Pick1 | Q86: =IF(N86="","",4) -> 4 | R86: {=IF(N86="","",IFERROR(INDEX(Entries!$I$2:$I$47,11),""))} -> Czech Republic | S86: {=IF(R86="","",IFERROR(XLOOKUP(R86,'Live Medal Table'!$B$2:$B$94,'Live Medal Table'!$C$2:$C$94,"???"),"???"))} -> CZE | T86: {=IF(R86="",0,IFERROR(XLOOKUP(R86,'Live Medal Table'!$B$2:$B$94,'Live Medal Table'!$F$2:$F$94,0),0))} -> 6 | U86: {=IF(R86="",0,IFERROR(XLOOKUP(R86,'Live Medal Table'!$B$2:$B$94,'Live Medal Table'!$G$2:$G$94,0),0))} -> 2 | V86: {=IF(R86="",0,IFERROR(XLOOKUP(R86,'Live Medal Table'!$B$2:$B$94,'Live Medal Table'!$H$2:$H$94,0),0))} -> 2 | W86: {=IF(R86="",0,IFERROR(XLOOKUP(R86,'Live Medal Table'!$B$2:$B$94,'Live Medal Table'!$I$2:$I$94,0),0))} -> 1 | X86: =U86*3*T86 -> 36 | Y86: =V86*2*T86 -> 24 | Z86: =W86*1*T86 -> 6 | AA86: =X86+Y86+Z86 -> 66 | AB86: {=IF(R86="",FALSE,IFERROR(AND(ISNUMBER(MATCH(R86,'Live Medal Table'!$B$2:$B$94,0)),XLOOKUP(R86,'Live Medal Table'!$B$2:$B$94,Countries!$I$2:$I$72,FALSE)),FALSE))} -> FALSE
N87: {=IFERROR(IF(INDEX(Entries!$C$2:$C$47,11)="","",INDEX(Entries!$Q$2:$Q$47,11)),"")} -> Jack_Rebman_Reb | O87: {=IF(N87="","",IFERROR(INDEX(Entries!$E$2:$E$47,11),""))} -> Reb | P87: =IF(N87="","","Tier5_Pick1") -> Tier5_Pick1 | Q87: =IF(N87="","",5) -> 5 | R87: {=IF(N87="","",IFERROR(INDEX(Entries!$J$2:$J$47,11),""))} -> Great Britain | S87: {=IF(R87="","",IFERROR(XLOOKUP(R87,'Live Medal Table'!$B$2:$B$94,'Live Medal Table'!$C$2:$C$94,"???"),"???"))} -> GBR | T87: {=IF(R87="",0,IFERROR(XLOOKUP(R87,'Live Medal Table'!$B$2:$B$94,'Live Medal Table'!$F$2:$F$94,0),0))} -> 10 | U87: {=IF(R87="",0,IFERROR(XLOOKUP(R87,'Live Medal Table'!$B$2:$B$94,'Live Medal Table'!$G$2:$G$94,0),0))} -> 3 | V87: {=IF(R87="",0,IFERROR(XLOOKUP(R87,'Live Medal Table'!$B$2:$B$94,'Live Medal Table'!$H$2:$H$94,0),0))} -> 1 | W87: {=IF(R87="",0,IFERROR(XLOOKUP(R87,'Live Medal Table'!$B$2:$B$94,'Live Medal Table'!$I$2:$I$94,0),0))} -> 1 | X87: =U87*3*T87 -> 90 | Y87: =V87*2*T87 -> 20 | Z87: =W87*1*T87 -> 10 | AA87: =X87+Y87+Z87 -> 120 | AB87: {=IF(R87="",FALSE,IFERROR(AND(ISNUMBER(MATCH(R87,'Live Medal Table'!$B$2:$B$94,0)),XLOOKUP(R87,'Live Medal Table'!$B$2:$B$94,Countries!$I$2:$I$72,FALSE)),FALSE))} -> FALSE
N88: {=IFERROR(IF(INDEX(Entries!$C$2:$C$47,11)="","",INDEX(Entries!$Q$2:$Q$47,11)),"")} -> Jack_Rebman_Reb | O88: {=IF(N88="","",IFERROR(INDEX(Entries!$E$2:$E$47,11),""))} -> Reb | P88: =IF(N88="","","Tier6_Pick1") -> Tier6_Pick1 | Q88: =IF(N88="","",6) -> 6 | R88: {=IF(N88="","",IFERROR(INDEX(Entries!$O$2:$O$47,11),""))} -> Denmark | S88: {=IF(R88="","",IFERROR(XLOOKUP(R88,'Live Medal Table'!$B$2:$B$94,'Live Medal Table'!$C$2:$C$94,"???"),"???"))} -> DEN | T88: {=IF(R88="",0,IFERROR(XLOOKUP(R88,'Live Medal Table'!$B$2:$B$94,'Live Medal Table'!$F$2:$F$94,0),0))} -> 20 | U88: {=IF(R88="",0,IFERROR(XLOOKUP(R88,'Live Medal Table'!$B$2:$B$94,'Live Medal Table'!$G$2:$G$94,0),0))} -> 0 | V88: {=IF(R88="",0,IFERROR(XLOOKUP(R88,'Live Medal Table'!$B$2:$B$94,'Live Medal Table'!$H$2:$H$94,0),0))} -> 1 | W88: {=IF(R88="",0,IFERROR(XLOOKUP(R88,'Live Medal Table'!$B$2:$B$94,'Live Medal Table'!$I$2:$I$94,0),0))} -> 0 | X88: =U88*3*T88 -> 0 | Y88: =V88*2*T88 -> 40 | Z88: =W88*1*T88 -> 0 | AA88: =X88+Y88+Z88 -> 40 | AB88: {=IF(R88="",FALSE,IFERROR(AND(ISNUMBER(MATCH(R88,'Live Medal Table'!$B$2:$B$94,0)),XLOOKUP(R88,'Live Medal Table'!$B$2:$B$94,Countries!$I$2:$I$72,FALSE)),FALSE))} -> FALSE
N89: {=IFERROR(IF(INDEX(Entries!$C$2:$C$47,11)="","",INDEX(Entries!$Q$2:$Q$47,11)),"")} -> Jack_Rebman_Reb | O89: {=IF(N89="","",IFERROR(INDEX(Entries!$E$2:$E$47,11),""))} -> Reb | P89: =IF(N89="","","Tier6_Pick2") -> Tier6_Pick2 | Q89: =IF(N89="","",6) -> 6 | R89: {=IF(N89="","",IFERROR(INDEX(Entries!$P$2:$P$47,11),""))} -> Kazakhstan | S89: {=IF(R89="","",IFERROR(XLOOKUP(R89,'Live Medal Table'!$B$2:$B$94,'Live Medal Table'!$C$2:$C$94,"???"),"???"))} -> KAZ | T89: {=IF(R89="",0,IFERROR(XLOOKUP(R89,'Live Medal Table'!$B$2:$B$94,'Live Medal Table'!$F$2:$F$94,0),0))} -> 20 | U89: {=IF(R89="",0,IFERROR(XLOOKUP(R89,'Live Medal Table'!$B$2:$B$94,'Live Medal Table'!$G$2:$G$94,0),0))} -> 1 | V89: {=IF(R89="",0,IFERROR(XLOOKUP(R89,'Live Medal Table'!$B$2:$B$94,'Live Medal Table'!$H$2:$H$94,0),0))} -> 0 | W89: {=IF(R89="",0,IFERROR(XLOOKUP(R89,'Live Medal Table'!$B$2:$B$94,'Live Medal Table'!$I$2:$I$94,0),0))} -> 0 | X89: =U89*3*T89 -> 60 | Y89: =V89*2*T89 -> 0 | Z89: =W89*1*T89 -> 0 | AA89: =X89+Y89+Z89 -> 60 | AB89: {=IF(R89="",FALSE,IFERROR(AND(ISNUMBER(MATCH(R89,'Live Medal Table'!$B$2:$B$94,0)),XLOOKUP(R89,'Live Medal Table'!$B$2:$B$94,Countries!$I$2:$I$72,FALSE)),FALSE))} -> FALSE
N90: {=IFERROR(IF(INDEX(Entries!$C$2:$C$47,12)="","",INDEX(Entries!$Q$2:$Q$47,12)),"")} -> Max_Sirianni_Siri | O90: {=IF(N90="","",IFERROR(INDEX(Entries!$E$2:$E$47,12),""))} -> Siri | P90: =IF(N90="","","Tier1_Pick1") -> Tier1_Pick1 | Q90: =IF(N90="","",1) -> 1 | R90: {=IF(N90="","",IFERROR(INDEX(Entries!$F$2:$F$47,12),""))} -> United States | S90: {=IF(R90="","",IFERROR(XLOOKUP(R90,'Live Medal Table'!$B$2:$B$94,'Live Medal Table'!$C$2:$C$94,"???"),"???"))} -> USA | T90: {=IF(R90="",0,IFERROR(XLOOKUP(R90,'Live Medal Table'!$B$2:$B$94,'Live Medal Table'!$F$2:$F$94,0),0))} -> 1 | U90: {=IF(R90="",0,IFERROR(XLOOKUP(R90,'Live Medal Table'!$B$2:$B$94,'Live Medal Table'!$G$2:$G$94,0),0))} -> 12 | V90: {=IF(R90="",0,IFERROR(XLOOKUP(R90,'Live Medal Table'!$B$2:$B$94,'Live Medal Table'!$H$2:$H$94,0),0))} -> 12 | W90: {=IF(R90="",0,IFERROR(XLOOKUP(R90,'Live Medal Table'!$B$2:$B$94,'Live Medal Table'!$I$2:$I$94,0),0))} -> 9 | X90: =U90*3*T90 -> 36 | Y90: =V90*2*T90 -> 24 | Z90: =W90*1*T90 -> 9 | AA90: =X90+Y90+Z90 -> 69 | AB90: {=IF(R90="",FALSE,IFERROR(AND(ISNUMBER(MATCH(R90,'Live Medal Table'!$B$2:$B$94,0)),XLOOKUP(R90,'Live Medal Table'!$B$2:$B$94,Countries!$I$2:$I$72,FALSE)),FALSE))} -> FALSE
N91: {=IFERROR(IF(INDEX(Entries!$C$2:$C$47,12)="","",INDEX(Entries!$Q$2:$Q$47,12)),"")} -> Max_Sirianni_Siri | O91: {=IF(N91="","",IFERROR(INDEX(Entries!$E$2:$E$47,12),""))} -> Siri | P91: =IF(N91="","","Tier2_Pick1") -> Tier2_Pick1 | Q91: =IF(N91="","",2) -> 2 | R91: {=IF(N91="","",IFERROR(INDEX(Entries!$M$2:$M$47,12),""))} -> Netherlands | S91: {=IF(R91="","",IFERROR(XLOOKUP(R91,'Live Medal Table'!$B$2:$B$94,'Live Medal Table'!$C$2:$C$94,"???"),"???"))} -> NED | T91: {=IF(R91="",0,IFERROR(XLOOKUP(R91,'Live Medal Table'!$B$2:$B$94,'Live Medal Table'!$F$2:$F$94,0),0))} -> 2 | U91: {=IF(R91="",0,IFERROR(XLOOKUP(R91,'Live Medal Table'!$B$2:$B$94,'Live Medal Table'!$G$2:$G$94,0),0))} -> 10 | V91: {=IF(R91="",0,IFERROR(XLOOKUP(R91,'Live Medal Table'!$B$2:$B$94,'Live Medal Table'!$H$2:$H$94,0),0))} -> 7 | W91: {=IF(R91="",0,IFERROR(XLOOKUP(R91,'Live Medal Table'!$B$2:$B$94,'Live Medal Table'!$I$2:$I$94,0),0))} -> 3 | X91: =U91*3*T91 -> 60 | Y91: =V91*2*T91 -> 28 | Z91: =W91*1*T91 -> 6 | AA91: =X91+Y91+Z91 -> 94 | AB91: {=IF(R91="",FALSE,IFERROR(AND(ISNUMBER(MATCH(R91,'Live Medal Table'!$B$2:$B$94,0)),XLOOKUP(R91,'Live Medal Table'!$B$2:$B$94,Countries!$I$2:$I$72,FALSE)),FALSE))} -> FALSE
N92: {=IFERROR(IF(INDEX(Entries!$C$2:$C$47,12)="","",INDEX(Entries!$Q$2:$Q$47,12)),"")} -> Max_Sirianni_Siri | O92: {=IF(N92="","",IFERROR(INDEX(Entries!$E$2:$E$47,12),""))} -> Siri | P92: =IF(N92="","","Tier2_Pick2") -> Tier2_Pick2 | Q92: =IF(N92="","",2) -> 2 | R92: {=IF(N92="","",IFERROR(INDEX(Entries!$N$2:$N$47,12),""))} -> Switzerland | S92: {=IF(R92="","",IFERROR(XLOOKUP(R92,'Live Medal Table'!$B$2:$B$94,'Live Medal Table'!$C$2:$C$94,"???"),"???"))} -> SUI | T92: {=IF(R92="",0,IFERROR(XLOOKUP(R92,'Live Medal Table'!$B$2:$B$94,'Live Medal Table'!$F$2:$F$94,0),0))} -> 2 | U92: {=IF(R92="",0,IFERROR(XLOOKUP(R92,'Live Medal Table'!$B$2:$B$94,'Live Medal Table'!$G$2:$G$94,0),0))} -> 6 | V92: {=IF(R92="",0,IFERROR(XLOOKUP(R92,'Live Medal Table'!$B$2:$B$94,'Live Medal Table'!$H$2:$H$94,0),0))} -> 9 | W92: {=IF(R92="",0,IFERROR(XLOOKUP(R92,'Live Medal Table'!$B$2:$B$94,'Live Medal Table'!$I$2:$I$94,0),0))} -> 8 | X92: =U92*3*T92 -> 36 | Y92: =V92*2*T92 -> 36 | Z92: =W92*1*T92 -> 16 | AA92: =X92+Y92+Z92 -> 88 | AB92: {=IF(R92="",FALSE,IFERROR(AND(ISNUMBER(MATCH(R92,'Live Medal Table'!$B$2:$B$94,0)),XLOOKUP(R92,'Live Medal Table'!$B$2:$B$94,Countries!$I$2:$I$72,FALSE)),FALSE))} -> FALSE
N93: {=IFERROR(IF(INDEX(Entries!$C$2:$C$47,12)="","",INDEX(Entries!$Q$2:$Q$47,12)),"")} -> Max_Sirianni_Siri | O93: {=IF(N93="","",IFERROR(INDEX(Entries!$E$2:$E$47,12),""))} -> Siri | P93: =IF(N93="","","Tier3_Pick1") -> Tier3_Pick1 | Q93: =IF(N93="","",3) -> 3 | R93: {=IF(N93="","",IFERROR(INDEX(Entries!$H$2:$H$47,12),""))} -> China | S93: {=IF(R93="","",IFERROR(XLOOKUP(R93,'Live Medal Table'!$B$2:$B$94,'Live Medal Table'!$C$2:$C$94,"???"),"???"))} -> CHN | T93: {=IF(R93="",0,IFERROR(XLOOKUP(R93,'Live Medal Table'!$B$2:$B$94,'Live Medal Table'!$F$2:$F$94,0),0))} -> 3 | U93: {=IF(R93="",0,IFERROR(XLOOKUP(R93,'Live Medal Table'!$B$2:$B$94,'Live Medal Table'!$G$2:$G$94,0),0))} -> 5 | V93: {=IF(R93="",0,IFERROR(XLOOKUP(R93,'Live Medal Table'!$B$2:$B$94,'Live Medal Table'!$H$2:$H$94,0),0))} -> 4 | W93: {=IF(R93="",0,IFERROR(XLOOKUP(R93,'Live Medal Table'!$B$2:$B$94,'Live Medal Table'!$I$2:$I$94,0),0))} -> 6 | X93: =U93*3*T93 -> 45 | Y93: =V93*2*T93 -> 24 | Z93: =W93*1*T93 -> 18 | AA93: =X93+Y93+Z93 -> 87 | AB93: {=IF(R93="",FALSE,IFERROR(AND(ISNUMBER(MATCH(R93,'Live Medal Table'!$B$2:$B$94,0)),XLOOKUP(R93,'Live Medal Table'!$B$2:$B$94,Countries!$I$2:$I$72,FALSE)),FALSE))} -> FALSE
N94: {=IFERROR(IF(INDEX(Entries!$C$2:$C$47,12)="","",INDEX(Entries!$Q$2:$Q$47,12)),"")} -> Max_Sirianni_Siri | O94: {=IF(N94="","",IFERROR(INDEX(Entries!$E$2:$E$47,12),""))} -> Siri | P94: =IF(N94="","","Tier4_Pick1") -> Tier4_Pick1 | Q94: =IF(N94="","",4) -> 4 | R94: {=IF(N94="","",IFERROR(INDEX(Entries!$I$2:$I$47,12),""))} -> Finland | S94: {=IF(R94="","",IFERROR(XLOOKUP(R94,'Live Medal Table'!$B$2:$B$94,'Live Medal Table'!$C$2:$C$94,"???"),"???"))} -> FIN | T94: {=IF(R94="",0,IFERROR(XLOOKUP(R94,'Live Medal Table'!$B$2:$B$94,'Live Medal Table'!$F$2:$F$94,0),0))} -> 6 | U94: {=IF(R94="",0,IFERROR(XLOOKUP(R94,'Live Medal Table'!$B$2:$B$94,'Live Medal Table'!$G$2:$G$94,0),0))} -> 0 | V94: {=IF(R94="",0,IFERROR(XLOOKUP(R94,'Live Medal Table'!$B$2:$B$94,'Live Medal Table'!$H$2:$H$94,0),0))} -> 1 | W94: {=IF(R94="",0,IFERROR(XLOOKUP(R94,'Live Medal Table'!$B$2:$B$94,'Live Medal Table'!$I$2:$I$94,0),0))} -> 5 | X94: =U94*3*T94 -> 0 | Y94: =V94*2*T94 -> 12 | Z94: =W94*1*T94 -> 30 | AA94: =X94+Y94+Z94 -> 42 | AB94: {=IF(R94="",FALSE,IFERROR(AND(ISNUMBER(MATCH(R94,'Live Medal Table'!$B$2:$B$94,0)),XLOOKUP(R94,'Live Medal Table'!$B$2:$B$94,Countries!$I$2:$I$72,FALSE)),FALSE))} -> FALSE
N95: {=IFERROR(IF(INDEX(Entries!$C$2:$C$47,12)="","",INDEX(Entries!$Q$2:$Q$47,12)),"")} -> Max_Sirianni_Siri | O95: {=IF(N95="","",IFERROR(INDEX(Entries!$E$2:$E$47,12),""))} -> Siri | P95: =IF(N95="","","Tier5_Pick1") -> Tier5_Pick1 | Q95: =IF(N95="","",5) -> 5 | R95: {=IF(N95="","",IFERROR(INDEX(Entries!$J$2:$J$47,12),""))} -> Poland | S95: {=IF(R95="","",IFERROR(XLOOKUP(R95,'Live Medal Table'!$B$2:$B$94,'Live Medal Table'!$C$2:$C$94,"???"),"???"))} -> POL | T95: {=IF(R95="",0,IFERROR(XLOOKUP(R95,'Live Medal Table'!$B$2:$B$94,'Live Medal Table'!$F$2:$F$94,0),0))} -> 10 | U95: {=IF(R95="",0,IFERROR(XLOOKUP(R95,'Live Medal Table'!$B$2:$B$94,'Live Medal Table'!$G$2:$G$94,0),0))} -> 0 | V95: {=IF(R95="",0,IFERROR(XLOOKUP(R95,'Live Medal Table'!$B$2:$B$94,'Live Medal Table'!$H$2:$H$94,0),0))} -> 3 | W95: {=IF(R95="",0,IFERROR(XLOOKUP(R95,'Live Medal Table'!$B$2:$B$94,'Live Medal Table'!$I$2:$I$94,0),0))} -> 1 | X95: =U95*3*T95 -> 0 | Y95: =V95*2*T95 -> 60 | Z95: =W95*1*T95 -> 10 | AA95: =X95+Y95+Z95 -> 70 | AB95: {=IF(R95="",FALSE,IFERROR(AND(ISNUMBER(MATCH(R95,'Live Medal Table'!$B$2:$B$94,0)),XLOOKUP(R95,'Live Medal Table'!$B$2:$B$94,Countries!$I$2:$I$72,FALSE)),FALSE))} -> FALSE
N96: {=IFERROR(IF(INDEX(Entries!$C$2:$C$47,12)="","",INDEX(Entries!$Q$2:$Q$47,12)),"")} -> Max_Sirianni_Siri | O96: {=IF(N96="","",IFERROR(INDEX(Entries!$E$2:$E$47,12),""))} -> Siri | P96: =IF(N96="","","Tier6_Pick1") -> Tier6_Pick1 | Q96: =IF(N96="","",6) -> 6 | R96: {=IF(N96="","",IFERROR(INDEX(Entries!$O$2:$O$47,12),""))} -> New Zealand | S96: {=IF(R96="","",IFERROR(XLOOKUP(R96,'Live Medal Table'!$B$2:$B$94,'Live Medal Table'!$C$2:$C$94,"???"),"???"))} -> NZL | T96: {=IF(R96="",0,IFERROR(XLOOKUP(R96,'Live Medal Table'!$B$2:$B$94,'Live Medal Table'!$F$2:$F$94,0),0))} -> 20 | U96: {=IF(R96="",0,IFERROR(XLOOKUP(R96,'Live Medal Table'!$B$2:$B$94,'Live Medal Table'!$G$2:$G$94,0),0))} -> 0 | V96: {=IF(R96="",0,IFERROR(XLOOKUP(R96,'Live Medal Table'!$B$2:$B$94,'Live Medal Table'!$H$2:$H$94,0),0))} -> 2 | W96: {=IF(R96="",0,IFERROR(XLOOKUP(R96,'Live Medal Table'!$B$2:$B$94,'Live Medal Table'!$I$2:$I$94,0),0))} -> 1 | X96: =U96*3*T96 -> 0 | Y96: =V96*2*T96 -> 80 | Z96: =W96*1*T96 -> 20 | AA96: =X96+Y96+Z96 -> 100 | AB96: {=IF(R96="",FALSE,IFERROR(AND(ISNUMBER(MATCH(R96,'Live Medal Table'!$B$2:$B$94,0)),XLOOKUP(R96,'Live Medal Table'!$B$2:$B$94,Countries!$I$2:$I$72,FALSE)),FALSE))} -> FALSE
N97: {=IFERROR(IF(INDEX(Entries!$C$2:$C$47,12)="","",INDEX(Entries!$Q$2:$Q$47,12)),"")} -> Max_Sirianni_Siri | O97: {=IF(N97="","",IFERROR(INDEX(Entries!$E$2:$E$47,12),""))} -> Siri | P97: =IF(N97="","","Tier6_Pick2") -> Tier6_Pick2 | Q97: =IF(N97="","",6) -> 6 | R97: {=IF(N97="","",IFERROR(INDEX(Entries!$P$2:$P$47,12),""))} -> Ukraine | S97: {=IF(R97="","",IFERROR(XLOOKUP(R97,'Live Medal Table'!$B$2:$B$94,'Live Medal Table'!$C$2:$C$94,"???"),"???"))} -> UKR | T97: {=IF(R97="",0,IFERROR(XLOOKUP(R97,'Live Medal Table'!$B$2:$B$94,'Live Medal Table'!$F$2:$F$94,0),0))} -> 20 | U97: {=IF(R97="",0,IFERROR(XLOOKUP(R97,'Live Medal Table'!$B$2:$B$94,'Live Medal Table'!$G$2:$G$94,0),0))} -> 0 | V97: {=IF(R97="",0,IFERROR(XLOOKUP(R97,'Live Medal Table'!$B$2:$B$94,'Live Medal Table'!$H$2:$H$94,0),0))} -> 0 | W97: {=IF(R97="",0,IFERROR(XLOOKUP(R97,'Live Medal Table'!$B$2:$B$94,'Live Medal Table'!$I$2:$I$94,0),0))} -> 0 | X97: =U97*3*T97 -> 0 | Y97: =V97*2*T97 -> 0 | Z97: =W97*1*T97 -> 0 | AA97: =X97+Y97+Z97 -> 0 | AB97: {=IF(R97="",FALSE,IFERROR(AND(ISNUMBER(MATCH(R97,'Live Medal Table'!$B$2:$B$94,0)),XLOOKUP(R97,'Live Medal Table'!$B$2:$B$94,Countries!$I$2:$I$72,FALSE)),FALSE))} -> FALSE
N98: {=IFERROR(IF(INDEX(Entries!$C$2:$C$47,13)="","",INDEX(Entries!$Q$2:$Q$47,13)),"")} -> Ellis_Johnson_SilkMaster420 | O98: {=IF(N98="","",IFERROR(INDEX(Entries!$E$2:$E$47,13),""))} -> SilkMaster420 | P98: =IF(N98="","","Tier1_Pick1") -> Tier1_Pick1 | Q98: =IF(N98="","",1) -> 1 | R98: {=IF(N98="","",IFERROR(INDEX(Entries!$F$2:$F$47,13),""))} -> Norway | S98: {=IF(R98="","",IFERROR(XLOOKUP(R98,'Live Medal Table'!$B$2:$B$94,'Live Medal Table'!$C$2:$C$94,"???"),"???"))} -> NOR | T98: {=IF(R98="",0,IFERROR(XLOOKUP(R98,'Live Medal Table'!$B$2:$B$94,'Live Medal Table'!$F$2:$F$94,0),0))} -> 1 | U98: {=IF(R98="",0,IFERROR(XLOOKUP(R98,'Live Medal Table'!$B$2:$B$94,'Live Medal Table'!$G$2:$G$94,0),0))} -> 18 | V98: {=IF(R98="",0,IFERROR(XLOOKUP(R98,'Live Medal Table'!$B$2:$B$94,'Live Medal Table'!$H$2:$H$94,0),0))} -> 12 | W98: {=IF(R98="",0,IFERROR(XLOOKUP(R98,'Live Medal Table'!$B$2:$B$94,'Live Medal Table'!$I$2:$I$94,0),0))} -> 11 | X98: =U98*3*T98 -> 54 | Y98: =V98*2*T98 -> 24 | Z98: =W98*1*T98 -> 11 | AA98: =X98+Y98+Z98 -> 89 | AB98: {=IF(R98="",FALSE,IFERROR(AND(ISNUMBER(MATCH(R98,'Live Medal Table'!$B$2:$B$94,0)),XLOOKUP(R98,'Live Medal Table'!$B$2:$B$94,Countries!$I$2:$I$72,FALSE)),FALSE))} -> FALSE
N99: {=IFERROR(IF(INDEX(Entries!$C$2:$C$47,13)="","",INDEX(Entries!$Q$2:$Q$47,13)),"")} -> Ellis_Johnson_SilkMaster420 | O99: {=IF(N99="","",IFERROR(INDEX(Entries!$E$2:$E$47,13),""))} -> SilkMaster420 | P99: =IF(N99="","","Tier2_Pick1") -> Tier2_Pick1 | Q99: =IF(N99="","",2) -> 2 | R99: {=IF(N99="","",IFERROR(INDEX(Entries!$M$2:$M$47,13),""))} -> Netherlands | S99: {=IF(R99="","",IFERROR(XLOOKUP(R99,'Live Medal Table'!$B$2:$B$94,'Live Medal Table'!$C$2:$C$94,"???"),"???"))} -> NED | T99: {=IF(R99="",0,IFERROR(XLOOKUP(R99,'Live Medal Table'!$B$2:$B$94,'Live Medal Table'!$F$2:$F$94,0),0))} -> 2 | U99: {=IF(R99="",0,IFERROR(XLOOKUP(R99,'Live Medal Table'!$B$2:$B$94,'Live Medal Table'!$G$2:$G$94,0),0))} -> 10 | V99: {=IF(R99="",0,IFERROR(XLOOKUP(R99,'Live Medal Table'!$B$2:$B$94,'Live Medal Table'!$H$2:$H$94,0),0))} -> 7 | W99: {=IF(R99="",0,IFERROR(XLOOKUP(R99,'Live Medal Table'!$B$2:$B$94,'Live Medal Table'!$I$2:$I$94,0),0))} -> 3 | X99: =U99*3*T99 -> 60 | Y99: =V99*2*T99 -> 28 | Z99: =W99*1*T99 -> 6 | AA99: =X99+Y99+Z99 -> 94 | AB99: {=IF(R99="",FALSE,IFERROR(AND(ISNUMBER(MATCH(R99,'Live Medal Table'!$B$2:$B$94,0)),XLOOKUP(R99,'Live Medal Table'!$B$2:$B$94,Countries!$I$2:$I$72,FALSE)),FALSE))} -> FALSE
N100: {=IFERROR(IF(INDEX(Entries!$C$2:$C$47,13)="","",INDEX(Entries!$Q$2:$Q$47,13)),"")} -> Ellis_Johnson_SilkMaster420 | O100: {=IF(N100="","",IFERROR(INDEX(Entries!$E$2:$E$47,13),""))} -> SilkMaster420 | P100: =IF(N100="","","Tier2_Pick2") -> Tier2_Pick2 | Q100: =IF(N100="","",2) -> 2 | R100: {=IF(N100="","",IFERROR(INDEX(Entries!$N$2:$N$47,13),""))} -> Sweden | S100: {=IF(R100="","",IFERROR(XLOOKUP(R100,'Live Medal Table'!$B$2:$B$94,'Live Medal Table'!$C$2:$C$94,"???"),"???"))} -> SWE | T100: {=IF(R100="",0,IFERROR(XLOOKUP(R100,'Live Medal Table'!$B$2:$B$94,'Live Medal Table'!$F$2:$F$94,0),0))} -> 2 | U100: {=IF(R100="",0,IFERROR(XLOOKUP(R100,'Live Medal Table'!$B$2:$B$94,'Live Medal Table'!$G$2:$G$94,0),0))} -> 8 | V100: {=IF(R100="",0,IFERROR(XLOOKUP(R100,'Live Medal Table'!$B$2:$B$94,'Live Medal Table'!$H$2:$H$94,0),0))} -> 6 | W100: {=IF(R100="",0,IFERROR(XLOOKUP(R100,'Live Medal Table'!$B$2:$B$94,'Live Medal Table'!$I$2:$I$94,0),0))} -> 4 | X100: =U100*3*T100 -> 48 | Y100: =V100*2*T100 -> 24 | Z100: =W100*1*T100 -> 8 | AA100: =X100+Y100+Z100 -> 80 | AB100: {=IF(R100="",FALSE,IFERROR(AND(ISNUMBER(MATCH(R100,'Live Medal Table'!$B$2:$B$94,0)),XLOOKUP(R100,'Live Medal Table'!$B$2:$B$94,Countries!$I$2:$I$72,FALSE)),FALSE))} -> FALSE
...

Sheet Live Medal Table
B1: Country | C1: IOC | D1: WikipediaName | E1: Tier | F1: Multiplier | G1: Gold | H1: Silver | I1: Bronze | J1: Total | K1: Points | L1: Flag | N1: CountryName | O1: IOC | P1: WikipediaName | Q1: Tier | R1: Multiplier | X1: flag | Y1: ISO
B2: {=SORT(N2:X94,10,FALSE)} -> Italy | C2: ITA | D2: Italy | E2: 3 | F2: 3 | G2: 10 | H2: 6 | I2: 14 | J2: 30 | K2: 168 | N2: Norway | O2: NOR | P2: Norway | Q2: 1 | R2: 1 | S2: {=IFERROR(XLOOKUP(P2,MedalImport!G:G,MedalImport!C:C,0),0)} -> 18 | T2: {=IFERROR(XLOOKUP(P2,MedalImport!G:G,MedalImport!D:D,0),0)} -> 12 | U2: {=IFERROR(XLOOKUP(P2,MedalImport!G:G,MedalImport!E:E,0),0)} -> 11 | V2: =S2+T2+U2 -> 41 | W2: =(S2*3+T2*2+U2*1)*R2 -> 89 | X2: =IMAGE("https://flagcdn.com/w40/"&Y2&".png") | Y2: =VLOOKUP(O2, { "ALB","al";"AND","ad";"ARG","ar";"ARM","am";"AUS","au";"AUT","at";"AZE","az"; "BEL","be";"BEN","bj";"BIH","ba";"BOL","bo";"BRA","br";"BUL","bg"; "CAN","ca";"CHI","cl";"CHN","cn";"COL","co";"CRO","hr";"CYP","cy";"CZE","cz"; "DEN","dk";"ECU","ec";"ERI","er";"ESP","es";"EST","ee"; "FIN","fi";"FRA","fr"; "GBR","gb";"GBS","gw";"GEO","ge";"GER","de";"GRE","gr"; "HAI","ht";"HKG","hk";"HUN","hu"; "IND","in";"IRI","ir";"IRL","ie";"ISL","is";"ISR","il";"ITA","it"; "JAM","jm";"JPN","jp"; "KAZ","kz";"KEN","ke";"KGZ","kg";"KOR","kr";"KOS","xk";"KSA","sa"; "LAT","lv";"LBN","lb";"LIE","li";"LTU","lt";"LUX","lu"; "MAD","mg";"MAR","ma";"MAS","my";"MDA","md";"MEX","mx";"MGL","mn";"MKD","mk";"MLT","mt";"MNE","me";"MON","mc"; "NED","nl";"NGR","ng";"NOR","no";"NZL","nz"; "PAK","pk";"PER","pe";"PHI","ph";"POL","pl";"POR","pt";"PUR","pr"; "ROU","ro";"RSA","za"; "SGP","sg";"SLO","si";"SMR","sm";"SRB","rs";"SUI","ch";"SVK","sk";"SWE","se"; "THA","th";"TPE","tw";"TTO","tt";"TUR","tr"; "UAE","ae";"UKR","ua";"URU","uy";"USA","us";"UZB","uz"; "VEN","ve" },2,FALSE) -> no | Z2: Return to Leaderboard
B3: Australia | C3: AUS | D3: Australia | E3: 5 | F3: 10 | G3: 3 | H3: 2 | I3: 1 | J3: 6 | K3: 140 | N3: United States | O3: USA | P3: United States | Q3: 1 | R3: 1 | S3: {=IFERROR(XLOOKUP(P3,MedalImport!G:G,MedalImport!C:C,0),0)} -> 12 | T3: {=IFERROR(XLOOKUP(P3,MedalImport!G:G,MedalImport!D:D,0),0)} -> 12 | U3: {=IFERROR(XLOOKUP(P3,MedalImport!G:G,MedalImport!E:E,0),0)} -> 9 | V3: =S3+T3+U3 -> 33 | W3: =(S3*3+T3*2+U3*1)*R3 -> 69 | X3: =IMAGE("https://flagcdn.com/w40/"&Y3&".png") | Y3: =VLOOKUP(O3, { "ALB","al";"AND","ad";"ARG","ar";"ARM","am";"AUS","au";"AUT","at";"AZE","az"; "BEL","be";"BEN","bj";"BIH","ba";"BOL","bo";"BRA","br";"BUL","bg"; "CAN","ca";"CHI","cl";"CHN","cn";"COL","co";"CRO","hr";"CYP","cy";"CZE","cz"; "DEN","dk";"ECU","ec";"ERI","er";"ESP","es";"EST","ee"; "FIN","fi";"FRA","fr"; "GBR","gb";"GBS","gw";"GEO","ge";"GER","de";"GRE","gr"; "HAI","ht";"HKG","hk";"HUN","hu"; "IND","in";"IRI","ir";"IRL","ie";"ISL","is";"ISR","il";"ITA","it"; "JAM","jm";"JPN","jp"; "KAZ","kz";"KEN","ke";"KGZ","kg";"KOR","kr";"KOS","xk";"KSA","sa"; "LAT","lv";"LBN","lb";"LIE","li";"LTU","lt";"LUX","lu"; "MAD","mg";"MAR","ma";"MAS","my";"MDA","md";"MEX","mx";"MGL","mn";"MKD","mk";"MLT","mt";"MNE","me";"MON","mc"; "NED","nl";"NGR","ng";"NOR","no";"NZL","nz"; "PAK","pk";"PER","pe";"PHI","ph";"POL","pl";"POR","pt";"PUR","pr"; "ROU","ro";"RSA","za"; "SGP","sg";"SLO","si";"SMR","sm";"SRB","rs";"SUI","ch";"SVK","sk";"SWE","se"; "THA","th";"TPE","tw";"TTO","tt";"TUR","tr"; "UAE","ae";"UKR","ua";"URU","uy";"USA","us";"UZB","uz"; "VEN","ve" },2,FALSE) -> us | Z3: {=IMAGE("https://flagcdn.com/w160/" & XLOOKUP('Live Medal Table'!B3, 'Live Medal Table'!$N$2:$N$94, 'Live Medal Table'!$Y$2:$Y$94) & ".png")} | AA3: {=IMAGE("https://flagcdn.com/w160/" & XLOOKUP('Live Medal Table'!B2, 'Live Medal Table'!$N$2:$N$94, 'Live Medal Table'!$Y$2:$Y$94) & ".png")} | AB3: {=IMAGE("https://flagcdn.com/w160/" & XLOOKUP('Live Medal Table'!B4, 'Live Medal Table'!$N$2:$N$94, 'Live Medal Table'!$Y$2:$Y$94) & ".png")}
B4: Japan | C4: JPN | D4: Japan | E4: 3 | F4: 3 | G4: 5 | H4: 7 | I4: 12 | J4: 24 | K4: 123 | N4: Germany | O4: GER | P4: Germany | Q4: 1 | R4: 1 | S4: {=IFERROR(XLOOKUP(P4,MedalImport!G:G,MedalImport!C:C,0),0)} -> 8 | T4: {=IFERROR(XLOOKUP(P4,MedalImport!G:G,MedalImport!D:D,0),0)} -> 10 | U4: {=IFERROR(XLOOKUP(P4,MedalImport!G:G,MedalImport!E:E,0),0)} -> 8 | V4: =S4+T4+U4 -> 26 | W4: =(S4*3+T4*2+U4*1)*R4 -> 52 | X4: =IMAGE("https://flagcdn.com/w40/"&Y4&".png") | Y4: =VLOOKUP(O4, { "ALB","al";"AND","ad";"ARG","ar";"ARM","am";"AUS","au";"AUT","at";"AZE","az"; "BEL","be";"BEN","bj";"BIH","ba";"BOL","bo";"BRA","br";"BUL","bg"; "CAN","ca";"CHI","cl";"CHN","cn";"COL","co";"CRO","hr";"CYP","cy";"CZE","cz"; "DEN","dk";"ECU","ec";"ERI","er";"ESP","es";"EST","ee"; "FIN","fi";"FRA","fr"; "GBR","gb";"GBS","gw";"GEO","ge";"GER","de";"GRE","gr"; "HAI","ht";"HKG","hk";"HUN","hu"; "IND","in";"IRI","ir";"IRL","ie";"ISL","is";"ISR","il";"ITA","it"; "JAM","jm";"JPN","jp"; "KAZ","kz";"KEN","ke";"KGZ","kg";"KOR","kr";"KOS","xk";"KSA","sa"; "LAT","lv";"LBN","lb";"LIE","li";"LTU","lt";"LUX","lu"; "MAD","mg";"MAR","ma";"MAS","my";"MDA","md";"MEX","mx";"MGL","mn";"MKD","mk";"MLT","mt";"MNE","me";"MON","mc"; "NED","nl";"NGR","ng";"NOR","no";"NZL","nz"; "PAK","pk";"PER","pe";"PHI","ph";"POL","pl";"POR","pt";"PUR","pr"; "ROU","ro";"RSA","za"; "SGP","sg";"SLO","si";"SMR","sm";"SRB","rs";"SUI","ch";"SVK","sk";"SWE","se"; "THA","th";"TPE","tw";"TTO","tt";"TUR","tr"; "UAE","ae";"UKR","ua";"URU","uy";"USA","us";"UZB","uz"; "VEN","ve" },2,FALSE) -> de
B5: Great Britain | C5: GBR | D5: Great Britain | E5: 5 | F5: 10 | G5: 3 | H5: 1 | I5: 1 | J5: 5 | K5: 120 | N5: Canada | O5: CAN | P5: Canada | Q5: 1 | R5: 1 | S5: {=IFERROR(XLOOKUP(P5,MedalImport!G:G,MedalImport!C:C,0),0)} -> 5 | T5: {=IFERROR(XLOOKUP(P5,MedalImport!G:G,MedalImport!D:D,0),0)} -> 7 | U5: {=IFERROR(XLOOKUP(P5,MedalImport!G:G,MedalImport!E:E,0),0)} -> 9 | V5: =S5+T5+U5 -> 21 | W5: =(S5*3+T5*2+U5*1)*R5 -> 38 | X5: =IMAGE("https://flagcdn.com/w40/"&Y5&".png") | Y5: =VLOOKUP(O5, { "ALB","al";"AND","ad";"ARG","ar";"ARM","am";"AUS","au";"AUT","at";"AZE","az"; "BEL","be";"BEN","bj";"BIH","ba";"BOL","bo";"BRA","br";"BUL","bg"; "CAN","ca";"CHI","cl";"CHN","cn";"COL","co";"CRO","hr";"CYP","cy";"CZE","cz"; "DEN","dk";"ECU","ec";"ERI","er";"ESP","es";"EST","ee"; "FIN","fi";"FRA","fr"; "GBR","gb";"GBS","gw";"GEO","ge";"GER","de";"GRE","gr"; "HAI","ht";"HKG","hk";"HUN","hu"; "IND","in";"IRI","ir";"IRL","ie";"ISL","is";"ISR","il";"ITA","it"; "JAM","jm";"JPN","jp"; "KAZ","kz";"KEN","ke";"KGZ","kg";"KOR","kr";"KOS","xk";"KSA","sa"; "LAT","lv";"LBN","lb";"LIE","li";"LTU","lt";"LUX","lu"; "MAD","mg";"MAR","ma";"MAS","my";"MDA","md";"MEX","mx";"MGL","mn";"MKD","mk";"MLT","mt";"MNE","me";"MON","mc"; "NED","nl";"NGR","ng";"NOR","no";"NZL","nz"; "PAK","pk";"PER","pe";"PHI","ph";"POL","pl";"POR","pt";"PUR","pr"; "ROU","ro";"RSA","za"; "SGP","sg";"SLO","si";"SMR","sm";"SRB","rs";"SUI","ch";"SVK","sk";"SWE","se"; "THA","th";"TPE","tw";"TTO","tt";"TUR","tr"; "UAE","ae";"UKR","ua";"URU","uy";"USA","us";"UZB","uz"; "VEN","ve" },2,FALSE) -> ca
B6: New Zealand | C6: NZL | D6: New Zealand | E6: 6 | F6: 20 | G6: 0 | H6: 2 | I6: 1 | J6: 3 | K6: 100 | N6: Netherlands | O6: NED | P6: Netherlands | Q6: 2 | R6: 2 | S6: {=IFERROR(XLOOKUP(P6,MedalImport!G:G,MedalImport!C:C,0),0)} -> 10 | T6: {=IFERROR(XLOOKUP(P6,MedalImport!G:G,MedalImport!D:D,0),0)} -> 7 | U6: {=IFERROR(XLOOKUP(P6,MedalImport!G:G,MedalImport!E:E,0),0)} -> 3 | V6: =S6+T6+U6 -> 20 | W6: =(S6*3+T6*2+U6*1)*R6 -> 94 | X6: =IMAGE("https://flagcdn.com/w40/"&Y6&".png") | Y6: =VLOOKUP(O6, { "ALB","al";"AND","ad";"ARG","ar";"ARM","am";"AUS","au";"AUT","at";"AZE","az"; "BEL","be";"BEN","bj";"BIH","ba";"BOL","bo";"BRA","br";"BUL","bg"; "CAN","ca";"CHI","cl";"CHN","cn";"COL","co";"CRO","hr";"CYP","cy";"CZE","cz"; "DEN","dk";"ECU","ec";"ERI","er";"ESP","es";"EST","ee"; "FIN","fi";"FRA","fr"; "GBR","gb";"GBS","gw";"GEO","ge";"GER","de";"GRE","gr"; "HAI","ht";"HKG","hk";"HUN","hu"; "IND","in";"IRI","ir";"IRL","ie";"ISL","is";"ISR","il";"ITA","it"; "JAM","jm";"JPN","jp"; "KAZ","kz";"KEN","ke";"KGZ","kg";"KOR","kr";"KOS","xk";"KSA","sa"; "LAT","lv";"LBN","lb";"LIE","li";"LTU","lt";"LUX","lu"; "MAD","mg";"MAR","ma";"MAS","my";"MDA","md";"MEX","mx";"MGL","mn";"MKD","mk";"MLT","mt";"MNE","me";"MON","mc"; "NED","nl";"NGR","ng";"NOR","no";"NZL","nz"; "PAK","pk";"PER","pe";"PHI","ph";"POL","pl";"POR","pt";"PUR","pr"; "ROU","ro";"RSA","za"; "SGP","sg";"SLO","si";"SMR","sm";"SRB","rs";"SUI","ch";"SVK","sk";"SWE","se"; "THA","th";"TPE","tw";"TTO","tt";"TUR","tr"; "UAE","ae";"UKR","ua";"URU","uy";"USA","us";"UZB","uz"; "VEN","ve" },2,FALSE) -> nl
B7: Spain | C7: ESP | D7: Spain | E7: 6 | F7: 20 | G7: 1 | H7: 0 | I7: 2 | J7: 3 | K7: 100 | N7: Austria | O7: AUT | P7: Austria | Q7: 2 | R7: 2 | S7: {=IFERROR(XLOOKUP(P7,MedalImport!G:G,MedalImport!C:C,0),0)} -> 5 | T7: {=IFERROR(XLOOKUP(P7,MedalImport!G:G,MedalImport!D:D,0),0)} -> 8 | U7: {=IFERROR(XLOOKUP(P7,MedalImport!G:G,MedalImport!E:E,0),0)} -> 5 | V7: =S7+T7+U7 -> 18 | W7: =(S7*3+T7*2+U7*1)*R7 -> 72 | X7: =IMAGE("https://flagcdn.com/w40/"&Y7&".png") | Y7: =VLOOKUP(O7, { "ALB","al";"AND","ad";"ARG","ar";"ARM","am";"AUS","au";"AUT","at";"AZE","az"; "BEL","be";"BEN","bj";"BIH","ba";"BOL","bo";"BRA","br";"BUL","bg"; "CAN","ca";"CHI","cl";"CHN","cn";"COL","co";"CRO","hr";"CYP","cy";"CZE","cz"; "DEN","dk";"ECU","ec";"ERI","er";"ESP","es";"EST","ee"; "FIN","fi";"FRA","fr"; "GBR","gb";"GBS","gw";"GEO","ge";"GER","de";"GRE","gr"; "HAI","ht";"HKG","hk";"HUN","hu"; "IND","in";"IRI","ir";"IRL","ie";"ISL","is";"ISR","il";"ITA","it"; "JAM","jm";"JPN","jp"; "KAZ","kz";"KEN","ke";"KGZ","kg";"KOR","kr";"KOS","xk";"KSA","sa"; "LAT","lv";"LBN","lb";"LIE","li";"LTU","lt";"LUX","lu"; "MAD","mg";"MAR","ma";"MAS","my";"MDA","md";"MEX","mx";"MGL","mn";"MKD","mk";"MLT","mt";"MNE","me";"MON","mc"; "NED","nl";"NGR","ng";"NOR","no";"NZL","nz"; "PAK","pk";"PER","pe";"PHI","ph";"POL","pl";"POR","pt";"PUR","pr"; "ROU","ro";"RSA","za"; "SGP","sg";"SLO","si";"SMR","sm";"SRB","rs";"SUI","ch";"SVK","sk";"SWE","se"; "THA","th";"TPE","tw";"TTO","tt";"TUR","tr"; "UAE","ae";"UKR","ua";"URU","uy";"USA","us";"UZB","uz"; "VEN","ve" },2,FALSE) -> at
B8: France | C8: FRA | D8: France | E8: 2 | F8: 2 | G8: 8 | H8: 9 | I8: 6 | J8: 23 | K8: 96 | N8: France | O8: FRA | P8: France | Q8: 2 | R8: 2 | S8: {=IFERROR(XLOOKUP(P8,MedalImport!G:G,MedalImport!C:C,0),0)} -> 8 | T8: {=IFERROR(XLOOKUP(P8,MedalImport!G:G,MedalImport!D:D,0),0)} -> 9 | U8: {=IFERROR(XLOOKUP(P8,MedalImport!G:G,MedalImport!E:E,0),0)} -> 6 | V8: =S8+T8+U8 -> 23 | W8: =(S8*3+T8*2+U8*1)*R8 -> 96 | X8: =IMAGE("https://flagcdn.com/w40/"&Y8&".png") | Y8: =VLOOKUP(O8, { "ALB","al";"AND","ad";"ARG","ar";"ARM","am";"AUS","au";"AUT","at";"AZE","az"; "BEL","be";"BEN","bj";"BIH","ba";"BOL","bo";"BRA","br";"BUL","bg"; "CAN","ca";"CHI","cl";"CHN","cn";"COL","co";"CRO","hr";"CYP","cy";"CZE","cz"; "DEN","dk";"ECU","ec";"ERI","er";"ESP","es";"EST","ee"; "FIN","fi";"FRA","fr"; "GBR","gb";"GBS","gw";"GEO","ge";"GER","de";"GRE","gr"; "HAI","ht";"HKG","hk";"HUN","hu"; "IND","in";"IRI","ir";"IRL","ie";"ISL","is";"ISR","il";"ITA","it"; "JAM","jm";"JPN","jp"; "KAZ","kz";"KEN","ke";"KGZ","kg";"KOR","kr";"KOS","xk";"KSA","sa"; "LAT","lv";"LBN","lb";"LIE","li";"LTU","lt";"LUX","lu"; "MAD","mg";"MAR","ma";"MAS","my";"MDA","md";"MEX","mx";"MGL","mn";"MKD","mk";"MLT","mt";"MNE","me";"MON","mc"; "NED","nl";"NGR","ng";"NOR","no";"NZL","nz"; "PAK","pk";"PER","pe";"PHI","ph";"POL","pl";"POR","pt";"PUR","pr"; "ROU","ro";"RSA","za"; "SGP","sg";"SLO","si";"SMR","sm";"SRB","rs";"SUI","ch";"SVK","sk";"SWE","se"; "THA","th";"TPE","tw";"TTO","tt";"TUR","tr"; "UAE","ae";"UKR","ua";"URU","uy";"USA","us";"UZB","uz"; "VEN","ve" },2,FALSE) -> fr
B9: Netherlands | C9: NED | D9: Netherlands | E9: 2 | F9: 2 | G9: 10 | H9: 7 | I9: 3 | J9: 20 | K9: 94 | N9: Switzerland | O9: SUI | P9: Switzerland | Q9: 2 | R9: 2 | S9: {=IFERROR(XLOOKUP(P9,MedalImport!G:G,MedalImport!C:C,0),0)} -> 6 | T9: {=IFERROR(XLOOKUP(P9,MedalImport!G:G,MedalImport!D:D,0),0)} -> 9 | U9: {=IFERROR(XLOOKUP(P9,MedalImport!G:G,MedalImport!E:E,0),0)} -> 8 | V9: =S9+T9+U9 -> 23 | W9: =(S9*3+T9*2+U9*1)*R9 -> 88 | X9: =IMAGE("https://flagcdn.com/w40/"&Y9&".png") | Y9: =VLOOKUP(O9, { "ALB","al";"AND","ad";"ARG","ar";"ARM","am";"AUS","au";"AUT","at";"AZE","az"; "BEL","be";"BEN","bj";"BIH","ba";"BOL","bo";"BRA","br";"BUL","bg"; "CAN","ca";"CHI","cl";"CHN","cn";"COL","co";"CRO","hr";"CYP","cy";"CZE","cz"; "DEN","dk";"ECU","ec";"ERI","er";"ESP","es";"EST","ee"; "FIN","fi";"FRA","fr"; "GBR","gb";"GBS","gw";"GEO","ge";"GER","de";"GRE","gr"; "HAI","ht";"HKG","hk";"HUN","hu"; "IND","in";"IRI","ir";"IRL","ie";"ISL","is";"ISR","il";"ITA","it"; "JAM","jm";"JPN","jp"; "KAZ","kz";"KEN","ke";"KGZ","kg";"KOR","kr";"KOS","xk";"KSA","sa"; "LAT","lv";"LBN","lb";"LIE","li";"LTU","lt";"LUX","lu"; "MAD","mg";"MAR","ma";"MAS","my";"MDA","md";"MEX","mx";"MGL","mn";"MKD","mk";"MLT","mt";"MNE","me";"MON","mc"; "NED","nl";"NGR","ng";"NOR","no";"NZL","nz"; "PAK","pk";"PER","pe";"PHI","ph";"POL","pl";"POR","pt";"PUR","pr"; "ROU","ro";"RSA","za"; "SGP","sg";"SLO","si";"SMR","sm";"SRB","rs";"SUI","ch";"SVK","sk";"SWE","se"; "THA","th";"TPE","tw";"TTO","tt";"TUR","tr"; "UAE","ae";"UKR","ua";"URU","uy";"USA","us";"UZB","uz"; "VEN","ve" },2,FALSE) -> ch
B10: Norway | C10: NOR | D10: Norway | E10: 1 | F10: 1 | G10: 18 | H10: 12 | I10: 11 | J10: 41 | K10: 89 | N10: Sweden | O10: SWE | P10: Sweden | Q10: 2 | R10: 2 | S10: {=IFERROR(XLOOKUP(P10,MedalImport!G:G,MedalImport!C:C,0),0)} -> 8 | T10: {=IFERROR(XLOOKUP(P10,MedalImport!G:G,MedalImport!D:D,0),0)} -> 6 | U10: {=IFERROR(XLOOKUP(P10,MedalImport!G:G,MedalImport!E:E,0),0)} -> 4 | V10: =S10+T10+U10 -> 18 | W10: =(S10*3+T10*2+U10*1)*R10 -> 80 | X10: =IMAGE("https://flagcdn.com/w40/"&Y10&".png") | Y10: =VLOOKUP(O10, { "ALB","al";"AND","ad";"ARG","ar";"ARM","am";"AUS","au";"AUT","at";"AZE","az"; "BEL","be";"BEN","bj";"BIH","ba";"BOL","bo";"BRA","br";"BUL","bg"; "CAN","ca";"CHI","cl";"CHN","cn";"COL","co";"CRO","hr";"CYP","cy";"CZE","cz"; "DEN","dk";"ECU","ec";"ERI","er";"ESP","es";"EST","ee"; "FIN","fi";"FRA","fr"; "GBR","gb";"GBS","gw";"GEO","ge";"GER","de";"GRE","gr"; "HAI","ht";"HKG","hk";"HUN","hu"; "IND","in";"IRI","ir";"IRL","ie";"ISL","is";"ISR","il";"ITA","it"; "JAM","jm";"JPN","jp"; "KAZ","kz";"KEN","ke";"KGZ","kg";"KOR","kr";"KOS","xk";"KSA","sa"; "LAT","lv";"LBN","lb";"LIE","li";"LTU","lt";"LUX","lu"; "MAD","mg";"MAR","ma";"MAS","my";"MDA","md";"MEX","mx";"MGL","mn";"MKD","mk";"MLT","mt";"MNE","me";"MON","mc"; "NED","nl";"NGR","ng";"NOR","no";"NZL","nz"; "PAK","pk";"PER","pe";"PHI","ph";"POL","pl";"POR","pt";"PUR","pr"; "ROU","ro";"RSA","za"; "SGP","sg";"SLO","si";"SMR","sm";"SRB","rs";"SUI","ch";"SVK","sk";"SWE","se"; "THA","th";"TPE","tw";"TTO","tt";"TUR","tr"; "UAE","ae";"UKR","ua";"URU","uy";"USA","us";"UZB","uz"; "VEN","ve" },2,FALSE) -> se
B11: Switzerland | C11: SUI | D11: Switzerland | E11: 2 | F11: 2 | G11: 6 | H11: 9 | I11: 8 | J11: 23 | K11: 88 | N11: South Korea | O11: KOR | P11: South Korea | Q11: 2 | R11: 2 | S11: {=IFERROR(XLOOKUP(P11,MedalImport!G:G,MedalImport!C:C,0),0)} -> 3 | T11: {=IFERROR(XLOOKUP(P11,MedalImport!G:G,MedalImport!D:D,0),0)} -> 4 | U11: {=IFERROR(XLOOKUP(P11,MedalImport!G:G,MedalImport!E:E,0),0)} -> 3 | V11: =S11+T11+U11 -> 10 | W11: =(S11*3+T11*2+U11*1)*R11 -> 40 | X11: =IMAGE("https://flagcdn.com/w40/"&Y11&".png") | Y11: =VLOOKUP(O11, { "ALB","al";"AND","ad";"ARG","ar";"ARM","am";"AUS","au";"AUT","at";"AZE","az"; "BEL","be";"BEN","bj";"BIH","ba";"BOL","bo";"BRA","br";"BUL","bg"; "CAN","ca";"CHI","cl";"CHN","cn";"COL","co";"CRO","hr";"CYP","cy";"CZE","cz"; "DEN","dk";"ECU","ec";"ERI","er";"ESP","es";"EST","ee"; "FIN","fi";"FRA","fr"; "GBR","gb";"GBS","gw";"GEO","ge";"GER","de";"GRE","gr"; "HAI","ht";"HKG","hk";"HUN","hu"; "IND","in";"IRI","ir";"IRL","ie";"ISL","is";"ISR","il";"ITA","it"; "JAM","jm";"JPN","jp"; "KAZ","kz";"KEN","ke";"KGZ","kg";"KOR","kr";"KOS","xk";"KSA","sa"; "LAT","lv";"LBN","lb";"LIE","li";"LTU","lt";"LUX","lu"; "MAD","mg";"MAR","ma";"MAS","my";"MDA","md";"MEX","mx";"MGL","mn";"MKD","mk";"MLT","mt";"MNE","me";"MON","mc"; "NED","nl";"NGR","ng";"NOR","no";"NZL","nz"; "PAK","pk";"PER","pe";"PHI","ph";"POL","pl";"POR","pt";"PUR","pr"; "ROU","ro";"RSA","za"; "SGP","sg";"SLO","si";"SMR","sm";"SRB","rs";"SUI","ch";"SVK","sk";"SWE","se"; "THA","th";"TPE","tw";"TTO","tt";"TUR","tr"; "UAE","ae";"UKR","ua";"URU","uy";"USA","us";"UZB","uz"; "VEN","ve" },2,FALSE) -> kr
B12: China | C12: CHN | D12: China | E12: 3 | F12: 3 | G12: 5 | H12: 4 | I12: 6 | J12: 15 | K12: 87 | N12: Japan | O12: JPN | P12: Japan | Q12: 3 | R12: 3 | S12: {=IFERROR(XLOOKUP(P12,MedalImport!G:G,MedalImport!C:C,0),0)} -> 5 | T12: {=IFERROR(XLOOKUP(P12,MedalImport!G:G,MedalImport!D:D,0),0)} -> 7 | U12: {=IFERROR(XLOOKUP(P12,MedalImport!G:G,MedalImport!E:E,0),0)} -> 12 | V12: =S12+T12+U12 -> 24 | W12: =(S12*3+T12*2+U12*1)*R12 -> 123 | X12: =IMAGE("https://flagcdn.com/w40/"&Y12&".png") | Y12: =VLOOKUP(O12, { "ALB","al";"AND","ad";"ARG","ar";"ARM","am";"AUS","au";"AUT","at";"AZE","az"; "BEL","be";"BEN","bj";"BIH","ba";"BOL","bo";"BRA","br";"BUL","bg"; "CAN","ca";"CHI","cl";"CHN","cn";"COL","co";"CRO","hr";"CYP","cy";"CZE","cz"; "DEN","dk";"ECU","ec";"ERI","er";"ESP","es";"EST","ee"; "FIN","fi";"FRA","fr"; "GBR","gb";"GBS","gw";"GEO","ge";"GER","de";"GRE","gr"; "HAI","ht";"HKG","hk";"HUN","hu"; "IND","in";"IRI","ir";"IRL","ie";"ISL","is";"ISR","il";"ITA","it"; "JAM","jm";"JPN","jp"; "KAZ","kz";"KEN","ke";"KGZ","kg";"KOR","kr";"KOS","xk";"KSA","sa"; "LAT","lv";"LBN","lb";"LIE","li";"LTU","lt";"LUX","lu"; "MAD","mg";"MAR","ma";"MAS","my";"MDA","md";"MEX","mx";"MGL","mn";"MKD","mk";"MLT","mt";"MNE","me";"MON","mc"; "NED","nl";"NGR","ng";"NOR","no";"NZL","nz"; "PAK","pk";"PER","pe";"PHI","ph";"POL","pl";"POR","pt";"PUR","pr"; "ROU","ro";"RSA","za"; "SGP","sg";"SLO","si";"SMR","sm";"SRB","rs";"SUI","ch";"SVK","sk";"SWE","se"; "THA","th";"TPE","tw";"TTO","tt";"TUR","tr"; "UAE","ae";"UKR","ua";"URU","uy";"USA","us";"UZB","uz"; "VEN","ve" },2,FALSE) -> jp
B13: Sweden | C13: SWE | D13: Sweden | E13: 2 | F13: 2 | G13: 8 | H13: 6 | I13: 4 | J13: 18 | K13: 80 | N13: Italy | O13: ITA | P13: Italy | Q13: 3 | R13: 3 | S13: {=IFERROR(XLOOKUP(P13,MedalImport!G:G,MedalImport!C:C,0),0)} -> 10 | T13: {=IFERROR(XLOOKUP(P13,MedalImport!G:G,MedalImport!D:D,0),0)} -> 6 | U13: {=IFERROR(XLOOKUP(P13,MedalImport!G:G,MedalImport!E:E,0),0)} -> 14 | V13: =S13+T13+U13 -> 30 | W13: =(S13*3+T13*2+U13*1)*R13 -> 168 | X13: =IMAGE("https://flagcdn.com/w40/"&Y13&".png") | Y13: =VLOOKUP(O13, { "ALB","al";"AND","ad";"ARG","ar";"ARM","am";"AUS","au";"AUT","at";"AZE","az"; "BEL","be";"BEN","bj";"BIH","ba";"BOL","bo";"BRA","br";"BUL","bg"; "CAN","ca";"CHI","cl";"CHN","cn";"COL","co";"CRO","hr";"CYP","cy";"CZE","cz"; "DEN","dk";"ECU","ec";"ERI","er";"ESP","es";"EST","ee"; "FIN","fi";"FRA","fr"; "GBR","gb";"GBS","gw";"GEO","ge";"GER","de";"GRE","gr"; "HAI","ht";"HKG","hk";"HUN","hu"; "IND","in";"IRI","ir";"IRL","ie";"ISL","is";"ISR","il";"ITA","it"; "JAM","jm";"JPN","jp"; "KAZ","kz";"KEN","ke";"KGZ","kg";"KOR","kr";"KOS","xk";"KSA","sa"; "LAT","lv";"LBN","lb";"LIE","li";"LTU","lt";"LUX","lu"; "MAD","mg";"MAR","ma";"MAS","my";"MDA","md";"MEX","mx";"MGL","mn";"MKD","mk";"MLT","mt";"MNE","me";"MON","mc"; "NED","nl";"NGR","ng";"NOR","no";"NZL","nz"; "PAK","pk";"PER","pe";"PHI","ph";"POL","pl";"POR","pt";"PUR","pr"; "ROU","ro";"RSA","za"; "SGP","sg";"SLO","si";"SMR","sm";"SRB","rs";"SUI","ch";"SVK","sk";"SWE","se"; "THA","th";"TPE","tw";"TTO","tt";"TUR","tr"; "UAE","ae";"UKR","ua";"URU","uy";"USA","us";"UZB","uz"; "VEN","ve" },2,FALSE) -> it
B14: Austria | C14: AUT | D14: Austria | E14: 2 | F14: 2 | G14: 5 | H14: 8 | I14: 5 | J14: 18 | K14: 72 | N14: China | O14: CHN | P14: China | Q14: 3 | R14: 3 | S14: {=IFERROR(XLOOKUP(P14,MedalImport!G:G,MedalImport!C:C,0),0)} -> 5 | T14: {=IFERROR(XLOOKUP(P14,MedalImport!G:G,MedalImport!D:D,0),0)} -> 4 | U14: {=IFERROR(XLOOKUP(P14,MedalImport!G:G,MedalImport!E:E,0),0)} -> 6 | V14: =S14+T14+U14 -> 15 | W14: =(S14*3+T14*2+U14*1)*R14 -> 87 | X14: =IMAGE("https://flagcdn.com/w40/"&Y14&".png") | Y14: =VLOOKUP(O14, { "ALB","al";"AND","ad";"ARG","ar";"ARM","am";"AUS","au";"AUT","at";"AZE","az"; "BEL","be";"BEN","bj";"BIH","ba";"BOL","bo";"BRA","br";"BUL","bg"; "CAN","ca";"CHI","cl";"CHN","cn";"COL","co";"CRO","hr";"CYP","cy";"CZE","cz"; "DEN","dk";"ECU","ec";"ERI","er";"ESP","es";"EST","ee"; "FIN","fi";"FRA","fr"; "GBR","gb";"GBS","gw";"GEO","ge";"GER","de";"GRE","gr"; "HAI","ht";"HKG","hk";"HUN","hu"; "IND","in";"IRI","ir";"IRL","ie";"ISL","is";"ISR","il";"ITA","it"; "JAM","jm";"JPN","jp"; "KAZ","kz";"KEN","ke";"KGZ","kg";"KOR","kr";"KOS","xk";"KSA","sa"; "LAT","lv";"LBN","lb";"LIE","li";"LTU","lt";"LUX","lu"; "MAD","mg";"MAR","ma";"MAS","my";"MDA","md";"MEX","mx";"MGL","mn";"MKD","mk";"MLT","mt";"MNE","me";"MON","mc"; "NED","nl";"NGR","ng";"NOR","no";"NZL","nz"; "PAK","pk";"PER","pe";"PHI","ph";"POL","pl";"POR","pt";"PUR","pr"; "ROU","ro";"RSA","za"; "SGP","sg";"SLO","si";"SMR","sm";"SRB","rs";"SUI","ch";"SVK","sk";"SWE","se"; "THA","th";"TPE","tw";"TTO","tt";"TUR","tr"; "UAE","ae";"UKR","ua";"URU","uy";"USA","us";"UZB","uz"; "VEN","ve" },2,FALSE) -> cn
B15: Poland | C15: POL | D15: Poland | E15: 5 | F15: 10 | G15: 0 | H15: 3 | I15: 1 | J15: 4 | K15: 70 | N15: Finland | O15: FIN | P15: Finland | Q15: 4 | R15: 6 | S15: {=IFERROR(XLOOKUP(P15,MedalImport!G:G,MedalImport!C:C,0),0)} -> 0 | T15: {=IFERROR(XLOOKUP(P15,MedalImport!G:G,MedalImport!D:D,0),0)} -> 1 | U15: {=IFERROR(XLOOKUP(P15,MedalImport!G:G,MedalImport!E:E,0),0)} -> 5 | V15: =S15+T15+U15 -> 6 | W15: =(S15*3+T15*2+U15*1)*R15 -> 42 | X15: =IMAGE("https://flagcdn.com/w40/"&Y15&".png") | Y15: =VLOOKUP(O15, { "ALB","al";"AND","ad";"ARG","ar";"ARM","am";"AUS","au";"AUT","at";"AZE","az"; "BEL","be";"BEN","bj";"BIH","ba";"BOL","bo";"BRA","br";"BUL","bg"; "CAN","ca";"CHI","cl";"CHN","cn";"COL","co";"CRO","hr";"CYP","cy";"CZE","cz"; "DEN","dk";"ECU","ec";"ERI","er";"ESP","es";"EST","ee"; "FIN","fi";"FRA","fr"; "GBR","gb";"GBS","gw";"GEO","ge";"GER","de";"GRE","gr"; "HAI","ht";"HKG","hk";"HUN","hu"; "IND","in";"IRI","ir";"IRL","ie";"ISL","is";"ISR","il";"ITA","it"; "JAM","jm";"JPN","jp"; "KAZ","kz";"KEN","ke";"KGZ","kg";"KOR","kr";"KOS","xk";"KSA","sa"; "LAT","lv";"LBN","lb";"LIE","li";"LTU","lt";"LUX","lu"; "MAD","mg";"MAR","ma";"MAS","my";"MDA","md";"MEX","mx";"MGL","mn";"MKD","mk";"MLT","mt";"MNE","me";"MON","mc"; "NED","nl";"NGR","ng";"NOR","no";"NZL","nz"; "PAK","pk";"PER","pe";"PHI","ph";"POL","pl";"POR","pt";"PUR","pr"; "ROU","ro";"RSA","za"; "SGP","sg";"SLO","si";"SMR","sm";"SRB","rs";"SUI","ch";"SVK","sk";"SWE","se"; "THA","th";"TPE","tw";"TTO","tt";"TUR","tr"; "UAE","ae";"UKR","ua";"URU","uy";"USA","us";"UZB","uz"; "VEN","ve" },2,FALSE) -> fi
... B94: Venezuela | C94: VEN | D94: Venezuela | E94: 6 | F94: 20 | G94: 0 | H94: 0 | I94: 0 | J94: 0 | K94: 0 | N94: Venezuela | O94: VEN | P94: Venezuela | Q94: 6 | R94: 20 | S94: {=IFERROR(XLOOKUP(P94,MedalImport!G:G,MedalImport!C:C,0),0)} -> 0 | T94: {=IFERROR(XLOOKUP(P94,MedalImport!G:G,MedalImport!D:D,0),0)} -> 0 | U94: {=IFERROR(XLOOKUP(P94,MedalImport!G:G,MedalImport!E:E,0),0)} -> 0 | V94: =S94+T94+U94 -> 0 | W94: =(S94*3+T94*2+U94*1)*R94 -> 0 | X94: =IMAGE("https://flagcdn.com/w40/"&Y94&".png") | Y94: =VLOOKUP(O94, { "ALB","al";"AND","ad";"ARG","ar";"ARM","am";"AUS","au";"AUT","at";"AZE","az"; "BEL","be";"BEN","bj";"BIH","ba";"BOL","bo";"BRA","br";"BUL","bg"; "CAN","ca";"CHI","cl";"CHN","cn";"COL","co";"CRO","hr";"CYP","cy";"CZE","cz"; "DEN","dk";"ECU","ec";"ERI","er";"ESP","es";"EST","ee"; "FIN","fi";"FRA","fr"; "GBR","gb";"GBS","gw";"GEO","ge";"GER","de";"GRE","gr"; "HAI","ht";"HKG","hk";"HUN","hu"; "IND","in";"IRI","ir";"IRL","ie";"ISL","is";"ISR","il";"ITA","it"; "JAM","jm";"JPN","jp"; "KAZ","kz";"KEN","ke";"KGZ","kg";"KOR","kr";"KOS","xk";"KSA","sa"; "LAT","lv";"LBN","lb";"LIE","li";"LTU","lt";"LUX","lu"; "MAD","mg";"MAR","ma";"MAS","my";"MDA","md";"MEX","mx";"MGL","mn";"MKD","mk";"MLT","mt";"MNE","me";"MON","mc"; "NED","nl";"NGR","ng";"NOR","no";"NZL","nz"; "PAK","pk";"PER","pe";"PHI","ph";"POL","pl";"POR","pt";"PUR","pr"; "ROU","ro";"RSA","za"; "SGP","sg";"SLO","si";"SMR","sm";"SRB","rs";"SUI","ch";"SVK","sk";"SWE","se"; "THA","th";"TPE","tw";"TTO","tt";"TUR","tr"; "UAE","ae";"UKR","ua";"URU","uy";"USA","us";"UZB","uz"; "VEN","ve" },2,FALSE) -> ve

Sheet Stats

Sheet Entries
A1: Timestamp | B1: Email | C1: FirstName | D1: LastName | E1: DisplayName | F1: Tier1_Pick1 | G1: Tier2_Raw | H1: Tier3_Pick1 | I1: Tier4_Pick1 | J1: Tier5_Pick1 | K1: Tier6_Raw | L1: USA_TOTAL | M1: Tier2_Pick1 | N1: Tier2_Pick2 | O1: Tier6_Pick1 | P1: Tier6_Pick2 | Q1: PlayerID | R1: ValidationStatus | S1: ValidationDetails
A2: 46059.586 | B2: bhagstrom0@gmail.com | C2: Brad | D2: Hagstrom | E2: King Towsk | F2: Norway | G2: Austria, Netherlands | H2: Italy | I2: Finland | J2: Australia | K2: New Zealand (17), Ukraine (45) | L2: 27 | M2: =IF(G2="","",TRIM(LEFT(G2,FIND(",",G2)-1))) -> Austria | N2: =IF(G2="","",TRIM(MID(G2,FIND(",",G2)+1,100))) -> Netherlands | O2: =IF(K2="","",IFERROR(TRIM(LEFT(SUBSTITUTE(TRIM(LEFT(K2,FIND(",",K2&",")-1)),"⚪",""),FIND(" (",SUBSTITUTE(TRIM(LEFT(K2,FIND(",",K2&",")-1)),"⚪","")&" (")-1)),TRIM(SUBSTITUTE(TRIM(LEFT(K2,FIND(",",K2&",")-1)),"⚪","")))) -> New Zealand | P2: =IF(K2="","",IFERROR(TRIM(LEFT(SUBSTITUTE(TRIM(MID(K2,FIND(",",K2)+1,100)),"⚪",""),FIND(" (",SUBSTITUTE(TRIM(MID(K2,FIND(",",K2)+1,100)),"⚪","")&" (")-1)),TRIM(SUBSTITUTE(TRIM(MID(K2,FIND(",",K2)+1,100)),"⚪","")))) -> Ukraine | Q2: =IF(C2="","",C2&"_"&D2&"_"&E2) -> Brad_Hagstrom_King Towsk | R2: =IF(C2="","",IF(AND(F2<>"",M2<>"",N2<>"",H2<>"",I2<>"",J2<>"",O2<>"",P2<>""),"OK","INCOMPLETE")) -> OK | S2: =IF(C2="","",IF(R2="INCOMPLETE","Missing picks","Valid")) -> Valid
A3: 46050.793 | B3: wyatteisen33@gmail.com | C3: Wyatt | D3: Eisen | E3: Wyatt | F3: Canada | G3: Austria, Netherlands | H3: China | I3: Czech Republic | J3: Australia | K3: Croatia (14), Ukraine (45) | L3: 27 | M3: =IF(G3="","",TRIM(LEFT(G3,FIND(",",G3)-1))) -> Austria | N3: =IF(G3="","",TRIM(MID(G3,FIND(",",G3)+1,100))) -> Netherlands | O3: =IF(K3="","",IFERROR(TRIM(LEFT(SUBSTITUTE(TRIM(LEFT(K3,FIND(",",K3&",")-1)),"⚪",""),FIND(" (",SUBSTITUTE(TRIM(LEFT(K3,FIND(",",K3&",")-1)),"⚪","")&" (")-1)),TRIM(SUBSTITUTE(TRIM(LEFT(K3,FIND(",",K3&",")-1)),"⚪","")))) -> Croatia | P3: =IF(K3="","",IFERROR(TRIM(LEFT(SUBSTITUTE(TRIM(MID(K3,FIND(",",K3)+1,100)),"⚪",""),FIND(" (",SUBSTITUTE(TRIM(MID(K3,FIND(",",K3)+1,100)),"⚪","")&" (")-1)),TRIM(SUBSTITUTE(TRIM(MID(K3,FIND(",",K3)+1,100)),"⚪","")))) -> Ukraine | Q3: =IF(C3="","",C3&"_"&D3&"_"&E3) -> Wyatt_Eisen_Wyatt | R3: =IF(C3="","",IF(AND(F3<>"",M3<>"",N3<>"",H3<>"",I3<>"",J3<>"",O3<>"",P3<>""),"OK","INCOMPLETE")) -> OK | S3: =IF(C3="","",IF(R3="INCOMPLETE","Missing picks","Valid")) -> Valid
A4: 46050.9 | B4: jackjansen21@gmail.com | C4: Jack | D4: Jansen | E4: Jack Jansen | F4: Norway | G4: Netherlands, Sweden | H4: Japan | I4: Czech Republic | J4: Poland | K4: Belgium (30), ⚪ Denmark (43) | L4: 52 | M4: =IF(G4="","",TRIM(LEFT(G4,FIND(",",G4)-1))) -> Netherlands | N4: =IF(G4="","",TRIM(MID(G4,FIND(",",G4)+1,100))) -> Sweden | O4: =IF(K4="","",IFERROR(TRIM(LEFT(SUBSTITUTE(TRIM(LEFT(K4,FIND(",",K4&",")-1)),"⚪",""),FIND(" (",SUBSTITUTE(TRIM(LEFT(K4,FIND(",",K4&",")-1)),"⚪","")&" (")-1)),TRIM(SUBSTITUTE(TRIM(LEFT(K4,FIND(",",K4&",")-1)),"⚪","")))) -> Belgium | P4: =IF(K4="","",IFERROR(TRIM(LEFT(SUBSTITUTE(TRIM(MID(K4,FIND(",",K4)+1,100)),"⚪",""),FIND(" (",SUBSTITUTE(TRIM(MID(K4,FIND(",",K4)+1,100)),"⚪","")&" (")-1)),TRIM(SUBSTITUTE(TRIM(MID(K4,FIND(",",K4)+1,100)),"⚪","")))) -> Denmark | Q4: =IF(C4="","",C4&"_"&D4&"_"&E4) -> Jack_Jansen_Jack Jansen | R4: =IF(C4="","",IF(AND(F4<>"",M4<>"",N4<>"",H4<>"",I4<>"",J4<>"",O4<>"",P4<>""),"OK","INCOMPLETE")) -> OK | S4: =IF(C4="","",IF(R4="INCOMPLETE","Missing picks","Valid")) -> Valid
A5: 46051.383 | B5: kaufmannc19@gmail.com | C5: Charlie | D5: Kaufmann | E5: Charlie | F5: Norway | G5: Austria, Sweden | H5: Japan | I5: Czech Republic | J5: Australia | K5: ⚪ Chile (4), ⚪ Chinese Taipei (8) | L5: 29 | M5: =IF(G5="","",TRIM(LEFT(G5,FIND(",",G5)-1))) -> Austria | N5: =IF(G5="","",TRIM(MID(G5,FIND(",",G5)+1,100))) -> Sweden | O5: =IF(K5="","",IFERROR(TRIM(LEFT(SUBSTITUTE(TRIM(LEFT(K5,FIND(",",K5&",")-1)),"⚪",""),FIND(" (",SUBSTITUTE(TRIM(LEFT(K5,FIND(",",K5&",")-1)),"⚪","")&" (")-1)),TRIM(SUBSTITUTE(TRIM(LEFT(K5,FIND(",",K5&",")-1)),"⚪","")))) -> Chile | P5: =IF(K5="","",IFERROR(TRIM(LEFT(SUBSTITUTE(TRIM(MID(K5,FIND(",",K5)+1,100)),"⚪",""),FIND(" (",SUBSTITUTE(TRIM(MID(K5,FIND(",",K5)+1,100)),"⚪","")&" (")-1)),TRIM(SUBSTITUTE(TRIM(MID(K5,FIND(",",K5)+1,100)),"⚪","")))) -> Chinese Taipei | Q5: =IF(C5="","",C5&"_"&D5&"_"&E5) -> Charlie_Kaufmann_Charlie | R5: =IF(C5="","",IF(AND(F5<>"",M5<>"",N5<>"",H5<>"",I5<>"",J5<>"",O5<>"",P5<>""),"OK","INCOMPLETE")) -> OK | S5: =IF(C5="","",IF(R5="INCOMPLETE","Missing picks","Valid")) -> Valid
A6: 46051.412 | B6: jkmurph6@gmail.com | C6: John | D6: Murphy | E6: Murph | F6: Norway | G6: Netherlands, Switzerland | H6: Japan | I6: Finland | J6: Great Britain | K6: Belgium (30), Spain (20) | L6: 25 | M6: =IF(G6="","",TRIM(LEFT(G6,FIND(",",G6)-1))) -> Netherlands | N6: =IF(G6="","",TRIM(MID(G6,FIND(",",G6)+1,100))) -> Switzerland | O6: =IF(K6="","",IFERROR(TRIM(LEFT(SUBSTITUTE(TRIM(LEFT(K6,FIND(",",K6&",")-1)),"⚪",""),FIND(" (",SUBSTITUTE(TRIM(LEFT(K6,FIND(",",K6&",")-1)),"⚪","")&" (")-1)),TRIM(SUBSTITUTE(TRIM(LEFT(K6,FIND(",",K6&",")-1)),"⚪","")))) -> Belgium | P6: =IF(K6="","",IFERROR(TRIM(LEFT(SUBSTITUTE(TRIM(MID(K6,FIND(",",K6)+1,100)),"⚪",""),FIND(" (",SUBSTITUTE(TRIM(MID(K6,FIND(",",K6)+1,100)),"⚪","")&" (")-1)),TRIM(SUBSTITUTE(TRIM(MID(K6,FIND(",",K6)+1,100)),"⚪","")))) -> Spain | Q6: =IF(C6="","",C6&"_"&D6&"_"&E6) -> John_Murphy_Murph | R6: =IF(C6="","",IF(AND(F6<>"",M6<>"",N6<>"",H6<>"",I6<>"",J6<>"",O6<>"",P6<>""),"OK","INCOMPLETE")) -> OK | S6: =IF(C6="","",IF(R6="INCOMPLETE","Missing picks","Valid")) -> Valid
A7: 46051.419 | B7: jcccaputa@gmail.com | C7: Josh | D7: Caputa | E7: Josh’s Dawgs | F7: United States | G7: France, Sweden | H7: China | I7: Finland | J7: Poland | K7: Belgium (30), Ukraine (45) | L7: 200 | M7: =IF(G7="","",TRIM(LEFT(G7,FIND(",",G7)-1))) -> France | N7: =IF(G7="","",TRIM(MID(G7,FIND(",",G7)+1,100))) -> Sweden | O7: =IF(K7="","",IFERROR(TRIM(LEFT(SUBSTITUTE(TRIM(LEFT(K7,FIND(",",K7&",")-1)),"⚪",""),FIND(" (",SUBSTITUTE(TRIM(LEFT(K7,FIND(",",K7&",")-1)),"⚪","")&" (")-1)),TRIM(SUBSTITUTE(TRIM(LEFT(K7,FIND(",",K7&",")-1)),"⚪","")))) -> Belgium | P7: =IF(K7="","",IFERROR(TRIM(LEFT(SUBSTITUTE(TRIM(MID(K7,FIND(",",K7)+1,100)),"⚪",""),FIND(" (",SUBSTITUTE(TRIM(MID(K7,FIND(",",K7)+1,100)),"⚪","")&" (")-1)),TRIM(SUBSTITUTE(TRIM(MID(K7,FIND(",",K7)+1,100)),"⚪","")))) -> Ukraine | Q7: =IF(C7="","",C7&"_"&D7&"_"&E7) -> Josh_Caputa_Josh’s Dawgs | R7: =IF(C7="","",IF(AND(F7<>"",M7<>"",N7<>"",H7<>"",I7<>"",J7<>"",O7<>"",P7<>""),"OK","INCOMPLETE")) -> OK | S7: =IF(C7="","",IF(R7="INCOMPLETE","Missing picks","Valid")) -> Valid
A8: 46055.667 | B8: bengreenblatt3232@gmail.com | C8: Ben | D8: Greenblatt | E8: bgreen | F8: Norway | G8: Austria, Sweden | H8: Italy | I8: Finland | J8: Great Britain | K8: Estonia (34), Ukraine (45) | L8: 29 | M8: =IF(G8="","",TRIM(LEFT(G8,FIND(",",G8)-1))) -> Austria | N8: =IF(G8="","",TRIM(MID(G8,FIND(",",G8)+1,100))) -> Sweden | O8: =IF(K8="","",IFERROR(TRIM(LEFT(SUBSTITUTE(TRIM(LEFT(K8,FIND(",",K8&",")-1)),"⚪",""),FIND(" (",SUBSTITUTE(TRIM(LEFT(K8,FIND(",",K8&",")-1)),"⚪","")&" (")-1)),TRIM(SUBSTITUTE(TRIM(LEFT(K8,FIND(",",K8&",")-1)),"⚪","")))) -> Estonia | P8: =IF(K8="","",IFERROR(TRIM(LEFT(SUBSTITUTE(TRIM(MID(K8,FIND(",",K8)+1,100)),"⚪",""),FIND(" (",SUBSTITUTE(TRIM(MID(K8,FIND(",",K8)+1,100)),"⚪","")&" (")-1)),TRIM(SUBSTITUTE(TRIM(MID(K8,FIND(",",K8)+1,100)),"⚪","")))) -> Ukraine | Q8: =IF(C8="","",C8&"_"&D8&"_"&E8) -> Ben_Greenblatt_bgreen | R8: =IF(C8="","",IF(AND(F8<>"",M8<>"",N8<>"",H8<>"",I8<>"",J8<>"",O8<>"",P8<>""),"OK","INCOMPLETE")) -> OK | S8: =IF(C8="","",IF(R8="INCOMPLETE","Missing picks","Valid")) -> Valid
A9: 46055.719 | B9: kborst13@gmail.com | C9: Kyle | D9: Borst | E9: kborst13 | F9: Norway | G9: Austria, Netherlands | H9: China | I9: Finland | J9: Great Britain | K9: Belgium (30), Estonia (34) | L9: 47 | M9: =IF(G9="","",TRIM(LEFT(G9,FIND(",",G9)-1))) -> Austria | N9: =IF(G9="","",TRIM(MID(G9,FIND(",",G9)+1,100))) -> Netherlands | O9: =IF(K9="","",IFERROR(TRIM(LEFT(SUBSTITUTE(TRIM(LEFT(K9,FIND(",",K9&",")-1)),"⚪",""),FIND(" (",SUBSTITUTE(TRIM(LEFT(K9,FIND(",",K9&",")-1)),"⚪","")&" (")-1)),TRIM(SUBSTITUTE(TRIM(LEFT(K9,FIND(",",K9&",")-1)),"⚪","")))) -> Belgium | P9: =IF(K9="","",IFERROR(TRIM(LEFT(SUBSTITUTE(TRIM(MID(K9,FIND(",",K9)+1,100)),"⚪",""),FIND(" (",SUBSTITUTE(TRIM(MID(K9,FIND(",",K9)+1,100)),"⚪","")&" (")-1)),TRIM(SUBSTITUTE(TRIM(MID(K9,FIND(",",K9)+1,100)),"⚪","")))) -> Estonia | Q9: =IF(C9="","",C9&"_"&D9&"_"&E9) -> Kyle_Borst_kborst13 | R9: =IF(C9="","",IF(AND(F9<>"",M9<>"",N9<>"",H9<>"",I9<>"",J9<>"",O9<>"",P9<>""),"OK","INCOMPLETE")) -> OK | S9: =IF(C9="","",IF(R9="INCOMPLETE","Missing picks","Valid")) -> Valid
A10: 46055.741 | B10: seanmac514@gmail.com | C10: Sean | D10: McAteer | E10: SMAC | F10: Norway | G10: Netherlands, Switzerland | H10: Italy | I10: Finland | J10: Poland | K10: Spain (20), Ukraine (45) | L10: 27 | M10: =IF(G10="","",TRIM(LEFT(G10,FIND(",",G10)-1))) -> Netherlands | N10: =IF(G10="","",TRIM(MID(G10,FIND(",",G10)+1,100))) -> Switzerland | O10: =IF(K10="","",IFERROR(TRIM(LEFT(SUBSTITUTE(TRIM(LEFT(K10,FIND(",",K10&",")-1)),"⚪",""),FIND(" (",SUBSTITUTE(TRIM(LEFT(K10,FIND(",",K10&",")-1)),"⚪","")&" (")-1)),TRIM(SUBSTITUTE(TRIM(LEFT(K10,FIND(",",K10&",")-1)),"⚪","")))) -> Spain | P10: =IF(K10="","",IFERROR(TRIM(LEFT(SUBSTITUTE(TRIM(MID(K10,FIND(",",K10)+1,100)),"⚪",""),FIND(" (",SUBSTITUTE(TRIM(MID(K10,FIND(",",K10)+1,100)),"⚪","")&" (")-1)),TRIM(SUBSTITUTE(TRIM(MID(K10,FIND(",",K10)+1,100)),"⚪","")))) -> Ukraine | Q10: =IF(C10="","",C10&"_"&D10&"_"&E10) -> Sean_McAteer_SMAC | R10: =IF(C10="","",IF(AND(F10<>"",M10<>"",N10<>"",H10<>"",I10<>"",J10<>"",O10<>"",P10<>""),"OK","INCOMPLETE")) -> OK | S10: =IF(C10="","",IF(R10="INCOMPLETE","Missing picks","Valid")) -> Valid
A11: 46056.353 | B11: patrickdoherty23@gmail.com | C11: Patrick | D11: Doherty | E11: Pat Doherty | F11: Norway | G11: Netherlands, Switzerland | H11: Italy | I11: Finland | J11: Great Britain | K11: Belgium (30), Hungary (16) | L11: 52 | M11: =IF(G11="","",TRIM(LEFT(G11,FIND(",",G11)-1))) -> Netherlands | N11: =IF(G11="","",TRIM(MID(G11,FIND(",",G11)+1,100))) -> Switzerland | O11: =IF(K11="","",IFERROR(TRIM(LEFT(SUBSTITUTE(TRIM(LEFT(K11,FIND(",",K11&",")-1)),"⚪",""),FIND(" (",SUBSTITUTE(TRIM(LEFT(K11,FIND(",",K11&",")-1)),"⚪","")&" (")-1)),TRIM(SUBSTITUTE(TRIM(LEFT(K11,FIND(",",K11&",")-1)),"⚪","")))) -> Belgium | P11: =IF(K11="","",IFERROR(TRIM(LEFT(SUBSTITUTE(TRIM(MID(K11,FIND(",",K11)+1,100)),"⚪",""),FIND(" (",SUBSTITUTE(TRIM(MID(K11,FIND(",",K11)+1,100)),"⚪","")&" (")-1)),TRIM(SUBSTITUTE(TRIM(MID(K11,FIND(",",K11)+1,100)),"⚪","")))) -> Hungary | Q11: =IF(C11="","",C11&"_"&D11&"_"&E11) -> Patrick_Doherty_Pat Doherty | R11: =IF(C11="","",IF(AND(F11<>"",M11<>"",N11<>"",H11<>"",I11<>"",J11<>"",O11<>"",P11<>""),"OK","INCOMPLETE")) -> OK | S11: =IF(C11="","",IF(R11="INCOMPLETE","Missing picks","Valid")) -> Valid
A12: 46056.44 | B12: jtreb6@gmail.com | C12: Jack | D12: Rebman | E12: Reb | F12: Germany | G12: Netherlands, Sweden | H12: Italy | I12: Czech Republic | J12: Great Britain | K12: ⚪ Denmark (43), Kazakhstan (40) | L12: 65 | M12: =IF(G12="","",TRIM(LEFT(G12,FIND(",",G12)-1))) -> Netherlands | N12: =IF(G12="","",TRIM(MID(G12,FIND(",",G12)+1,100))) -> Sweden | O12: =IF(K12="","",IFERROR(TRIM(LEFT(SUBSTITUTE(TRIM(LEFT(K12,FIND(",",K12&",")-1)),"⚪",""),FIND(" (",SUBSTITUTE(TRIM(LEFT(K12,FIND(",",K12&",")-1)),"⚪","")&" (")-1)),TRIM(SUBSTITUTE(TRIM(LEFT(K12,FIND(",",K12&",")-1)),"⚪","")))) -> Denmark | P12: =IF(K12="","",IFERROR(TRIM(LEFT(SUBSTITUTE(TRIM(MID(K12,FIND(",",K12)+1,100)),"⚪",""),FIND(" (",SUBSTITUTE(TRIM(MID(K12,FIND(",",K12)+1,100)),"⚪","")&" (")-1)),TRIM(SUBSTITUTE(TRIM(MID(K12,FIND(",",K12)+1,100)),"⚪","")))) -> Kazakhstan | Q12: =IF(C12="","",C12&"_"&D12&"_"&E12) -> Jack_Rebman_Reb | R12: =IF(C12="","",IF(AND(F12<>"",M12<>"",N12<>"",H12<>"",I12<>"",J12<>"",O12<>"",P12<>""),"OK","INCOMPLETE")) -> OK | S12: =IF(C12="","",IF(R12="INCOMPLETE","Missing picks","Valid")) -> Valid
