Workbook
Name GoldPoints: Config!$B$4
Name LeagueName: Config!$B$2
Name SilverPoints: Config!$B$5
Name BronzePoints: Config!$B$6

Sheet Leaderboard
A1: 🏆 LEADERBOARD
D2: USA Actual Medals: | E2: {=IFERROR(XLOOKUP("United States",Medals!$B$2:$B$51,Medals!$D$2:$D$51,0)+XLOOKUP("United States",Medals!$B$2:$B$51,Medals!$E$2:$E$51,0)+XLOOKUP("United States",Medals!$B$2:$B$51,Medals!$F$2:$F$51,0),0)} -> 21
A3: Rank | B3: Player | C3: Total Pts | D3: USA Guess | E3: Diff | F3: Countries Picked
A4: =IF(B4="","",RANK(C4,$C$4:$C$53,0)+SUMPRODUCT(($C$4:$C$53=C4)*($E$4:$E$53<E4))) -> #ERROR! | B4: {=IFERROR(INDEX(Entries!$E$2:$E$51,ROW()-3)&"","")} -> Brad Hagstrom | C4: =IF(B4="","",SUMIF(Scores!$B$2:$B$401,B4,Scores!$N$2:$N$401)) -> 296 | D4: {=IF(B4="","",IFERROR(INDEX(Entries!$L$2:$L$51,ROW()-3),0))} -> 12 | E4: =IF(B4="","",ABS(D4-[USA_TOTAL_CELL])) -> #ERROR! | F4: {=IF(B4="","",INDEX(Entries!$F$2:$F$51,ROW()-3)&", "&INDEX(Entries!$M$2:$M$51,ROW()-3)&", "&INDEX(Entries!$N$2:$N$51,ROW()-3)&", "&INDEX(Entries!$H$2:$H$51,ROW()-3)&", "&INDEX(Entries!$I$2:$I$51,ROW()-3)&", "&INDEX(Entries!$J$2:$J$51,ROW()-3)&", "&INDEX(Entries!$O$2:$O$51,ROW()-3)&", "&INDEX(Entries!$P$2:$P$51,ROW()-3))} -> United States, France, South Korea, China, Finland, Great Britain, Belgium, âšª Benin
A5: =IF(B5="","",RANK(C5,$C$4:$C$52,0)+SUMPRODUCT(($C$4:$C$52=C5)*((#REF!<#REF!)+(#REF!=#REF!)*(#REF!<#REF!)+(#REF!=#REF!)*(#REF!=#REF!)*(#REF!<#REF!)))) | B5: {=IFERROR(INDEX(Entries!$E$2:$E$48,3)&"","")} | C5: =IF(B5="","",SUMIF(Scores!$B$2:$B$401,B5,Scores!$N$2:$N$401)) | D5: {=IF(B5="","",IFERROR(INDEX(Entries!$L$2:$L$48,3),0))} | E5: {=IF(B5="","",IFERROR(INDEX(#REF!,3),0))} | F5: =IFERROR(__xludf.DUMMYFUNCTION("IF(B5="""","""",TEXTJOIN("", "",TRUE,FILTER(Scores!$E$2:$E$401,Scores!$B$2:$B$401=B5)))"),"")
A6: =IF(B6="","",RANK(C6,$C$4:$C$52,0)+SUMPRODUCT(($C$4:$C$52=C6)*((#REF!<#REF!)+(#REF!=#REF!)*(#REF!<#REF!)+(#REF!=#REF!)*(#REF!=#REF!)*(#REF!<#REF!)))) | B6: {=IFERROR(INDEX(Entries!$E$2:$E$48,4)&"","")} | C6: =IF(B6="","",SUMIF(Scores!$B$2:$B$401,B6,Scores!$N$2:$N$401)) | D6: {=IF(B6="","",IFERROR(INDEX(Entries!$L$2:$L$48,4),0))} | E6: {=IF(B6="","",IFERROR(INDEX(#REF!,4),0))}
A7: =IF(B7="","",RANK(C7,$C$4:$C$52,0)+SUMPRODUCT(($C$4:$C$52=C7)*((#REF!<#REF!)+(#REF!=#REF!)*(#REF!<#REF!)+(#REF!=#REF!)*(#REF!=#REF!)*(#REF!<#REF!)))) | B7: {=IFERROR(INDEX(Entries!$E$2:$E$48,5)&"","")} | C7: =IF(B7="","",SUMIF(Scores!$B$2:$B$401,B7,Scores!$N$2:$N$401)) | D7: {=IF(B7="","",IFERROR(INDEX(Entries!$L$2:$L$48,5),0))} | E7: {=IF(B7="","",IFERROR(INDEX(#REF!,5),0))}
A8: =IF(B8="","",RANK(C8,$C$4:$C$52,0)+SUMPRODUCT(($C$4:$C$52=C8)*((#REF!<#REF!)+(#REF!=#REF!)*(#REF!<#REF!)+(#REF!=#REF!)*(#REF!=#REF!)*(#REF!<#REF!)))) | B8: {=IFERROR(INDEX(Entries!$E$2:$E$48,6)&"","")} | C8: =IF(B8="","",SUMIF(Scores!$B$2:$B$401,B8,Scores!$N$2:$N$401)) | D8: {=IF(B8="","",IFERROR(INDEX(Entries!$L$2:$L$48,6),0))} | E8: {=IF(B8="","",IFERROR(INDEX(#REF!,6),0))}
A9: =IF(B9="","",RANK(C9,$C$4:$C$52,0)+SUMPRODUCT(($C$4:$C$52=C9)*((#REF!<#REF!)+(#REF!=#REF!)*(#REF!<#REF!)+(#REF!=#REF!)*(#REF!=#REF!)*(#REF!<#REF!)))) | B9: {=IFERROR(INDEX(Entries!$E$2:$E$48,7)&"","")} | C9: =IF(B9="","",SUMIF(Scores!$B$2:$B$401,B9,Scores!$N$2:$N$401)) | D9: {=IF(B9="","",IFERROR(INDEX(Entries!$L$2:$L$48,7),0))} | E9: {=IF(B9="","",IFERROR(INDEX(#REF!,7),0))}
A10: =IF(B10="","",RANK(C10,$C$4:$C$52,0)+SUMPRODUCT(($C$4:$C$52=C10)*((#REF!<#REF!)+(#REF!=#REF!)*(#REF!<#REF!)+(#REF!=#REF!)*(#REF!=#REF!)*(#REF!<#REF!)))) | B10: {=IFERROR(INDEX(Entries!$E$2:$E$48,8)&"","")} | C10: =IF(B10="","",SUMIF(Scores!$B$2:$B$401,B10,Scores!$N$2:$N$401)) | D10: {=IF(B10="","",IFERROR(INDEX(Entries!$L$2:$L$48,8),0))} | E10: {=IF(B10="","",IFERROR(INDEX(#REF!,8),0))}
A11: =IF(B11="","",RANK(C11,$C$4:$C$52,0)+SUMPRODUCT(($C$4:$C$52=C11)*((#REF!<#REF!)+(#REF!=#REF!)*(#REF!<#REF!)+(#REF!=#REF!)*(#REF!=#REF!)*(#REF!<#REF!)))) | B11: {=IFERROR(INDEX(Entries!$E$2:$E$48,9)&"","")} | C11: =IF(B11="","",SUMIF(Scores!$B$2:$B$401,B11,Scores!$N$2:$N$401)) | D11: {=IF(B11="","",IFERROR(INDEX(Entries!$L$2:$L$48,9),0))} | E11: {=IF(B11="","",IFERROR(INDEX(#REF!,9),0))}
A12: =IF(B12="","",RANK(C12,$C$4:$C$52,0)+SUMPRODUCT(($C$4:$C$52=C12)*((#REF!<#REF!)+(#REF!=#REF!)*(#REF!<#REF!)+(#REF!=#REF!)*(#REF!=#REF!)*(#REF!<#REF!)))) | B12: {=IFERROR(INDEX(Entries!$E$2:$E$48,10)&"","")} | C12: =IF(B12="","",SUMIF(Scores!$B$2:$B$401,B12,Scores!$N$2:$N$401)) | D12: {=IF(B12="","",IFERROR(INDEX(Entries!$L$2:$L$48,10),0))} | E12: {=IF(B12="","",IFERROR(INDEX(#REF!,10),0))}
A13: =IF(B13="","",RANK(C13,$C$4:$C$52,0)+SUMPRODUCT(($C$4:$C$52=C13)*((#REF!<#REF!)+(#REF!=#REF!)*(#REF!<#REF!)+(#REF!=#REF!)*(#REF!=#REF!)*(#REF!<#REF!)))) | B13: {=IFERROR(INDEX(Entries!$E$2:$E$48,11)&"","")} | C13: =IF(B13="","",SUMIF(Scores!$B$2:$B$401,B13,Scores!$N$2:$N$401)) | D13: {=IF(B13="","",IFERROR(INDEX(Entries!$L$2:$L$48,11),0))} | E13: {=IF(B13="","",IFERROR(INDEX(#REF!,11),0))}
A14: =IF(B14="","",RANK(C14,$C$4:$C$52,0)+SUMPRODUCT(($C$4:$C$52=C14)*((#REF!<#REF!)+(#REF!=#REF!)*(#REF!<#REF!)+(#REF!=#REF!)*(#REF!=#REF!)*(#REF!<#REF!)))) | B14: {=IFERROR(INDEX(Entries!$E$2:$E$48,12)&"","")} | C14: =IF(B14="","",SUMIF(Scores!$B$2:$B$401,B14,Scores!$N$2:$N$401)) | D14: {=IF(B14="","",IFERROR(INDEX(Entries!$L$2:$L$48,12),0))} | E14: {=IF(B14="","",IFERROR(INDEX(#REF!,12),0))}
A15: =IF(B15="","",RANK(C15,$C$4:$C$52,0)+SUMPRODUCT(($C$4:$C$52=C15)*((#REF!<#REF!)+(#REF!=#REF!)*(#REF!<#REF!)+(#REF!=#REF!)*(#REF!=#REF!)*(#REF!<#REF!)))) | B15: {=IFERROR(INDEX(Entries!$E$2:$E$48,13)&"","")} | C15: =IF(B15="","",SUMIF(Scores!$B$2:$B$401,B15,Scores!$N$2:$N$401)) | D15: {=IF(B15="","",IFERROR(INDEX(Entries!$L$2:$L$48,13),0))} | E15: {=IF(B15="","",IFERROR(INDEX(#REF!,13),0))}
A16: =IF(B16="","",RANK(C16,$C$4:$C$52,0)+SUMPRODUCT(($C$4:$C$52=C16)*((#REF!<#REF!)+(#REF!=#REF!)*(#REF!<#REF!)+(#REF!=#REF!)*(#REF!=#REF!)*(#REF!<#REF!)))) | B16: {=IFERROR(INDEX(Entries!$E$2:$E$48,14)&"","")} | C16: =IF(B16="","",SUMIF(Scores!$B$2:$B$401,B16,Scores!$N$2:$N$401)) | D16: {=IF(B16="","",IFERROR(INDEX(Entries!$L$2:$L$48,14),0))} | E16: {=IF(B16="","",IFERROR(INDEX(#REF!,14),0))}
A17: =IF(B17="","",RANK(C17,$C$4:$C$52,0)+SUMPRODUCT(($C$4:$C$52=C17)*((#REF!<#REF!)+(#REF!=#REF!)*(#REF!<#REF!)+(#REF!=#REF!)*(#REF!=#REF!)*(#REF!<#REF!)))) | B17: {=IFERROR(INDEX(Entries!$E$2:$E$48,15)&"","")} | C17: =IF(B17="","",SUMIF(Scores!$B$2:$B$401,B17,Scores!$N$2:$N$401)) | D17: {=IF(B17="","",IFERROR(INDEX(Entries!$L$2:$L$48,15),0))} | E17: {=IF(B17="","",IFERROR(INDEX(#REF!,15),0))}
A18: =IF(B18="","",RANK(C18,$C$4:$C$52,0)+SUMPRODUCT(($C$4:$C$52=C18)*((#REF!<#REF!)+(#REF!=#REF!)*(#REF!<#REF!)+(#REF!=#REF!)*(#REF!=#REF!)*(#REF!<#REF!)))) | B18: {=IFERROR(INDEX(Entries!$E$2:$E$48,16)&"","")} | C18: =IF(B18="","",SUMIF(Scores!$B$2:$B$401,B18,Scores!$N$2:$N$401)) | D18: {=IF(B18="","",IFERROR(INDEX(Entries!$L$2:$L$48,16),0))} | E18: {=IF(B18="","",IFERROR(INDEX(#REF!,16),0))}
A19: =IF(B19="","",RANK(C19,$C$4:$C$52,0)+SUMPRODUCT(($C$4:$C$52=C19)*((#REF!<#REF!)+(#REF!=#REF!)*(#REF!<#REF!)+(#REF!=#REF!)*(#REF!=#REF!)*(#REF!<#REF!)))) | B19: {=IFERROR(INDEX(Entries!$E$2:$E$48,17)&"","")} | C19: =IF(B19="","",SUMIF(Scores!$B$2:$B$401,B19,Scores!$N$2:$N$401)) | D19: {=IF(B19="","",IFERROR(INDEX(Entries!$L$2:$L$48,17),0))} | E19: {=IF(B19="","",IFERROR(INDEX(#REF!,17),0))}
A20: =IF(B20="","",RANK(C20,$C$4:$C$52,0)+SUMPRODUCT(($C$4:$C$52=C20)*((#REF!<#REF!)+(#REF!=#REF!)*(#REF!<#REF!)+(#REF!=#REF!)*(#REF!=#REF!)*(#REF!<#REF!)))) | B20: {=IFERROR(INDEX(Entries!$E$2:$E$48,18)&"","")} | C20: =IF(B20="","",SUMIF(Scores!$B$2:$B$401,B20,Scores!$N$2:$N$401)) | D20: {=IF(B20="","",IFERROR(INDEX(Entries!$L$2:$L$48,18),0))} | E20: {=IF(B20="","",IFERROR(INDEX(#REF!,18),0))}
A21: =IF(B21="","",RANK(C21,$C$4:$C$52,0)+SUMPRODUCT(($C$4:$C$52=C21)*((#REF!<#REF!)+(#REF!=#REF!)*(#REF!<#REF!)+(#REF!=#REF!)*(#REF!=#REF!)*(#REF!<#REF!)))) | B21: {=IFERROR(INDEX(Entries!$E$2:$E$48,19)&"","")} | C21: =IF(B21="","",SUMIF(Scores!$B$2:$B$401,B21,Scores!$N$2:$N$401)) | D21: {=IF(B21="","",IFERROR(INDEX(Entries!$L$2:$L$48,19),0))} | E21: {=IF(B21="","",IFERROR(INDEX(#REF!,19),0))}
A22: =IF(B22="","",RANK(C22,$C$4:$C$52,0)+SUMPRODUCT(($C$4:$C$52=C22)*((#REF!<#REF!)+(#REF!=#REF!)*(#REF!<#REF!)+(#REF!=#REF!)*(#REF!=#REF!)*(#REF!<#REF!)))) | B22: {=IFERROR(INDEX(Entries!$E$2:$E$48,20)&"","")} | C22: =IF(B22="","",SUMIF(Scores!$B$2:$B$401,B22,Scores!$N$2:$N$401)) | D22: {=IF(B22="","",IFERROR(INDEX(Entries!$L$2:$L$48,20),0))} | E22: {=IF(B22="","",IFERROR(INDEX(#REF!,20),0))}
A23: =IF(B23="","",RANK(C23,$C$4:$C$52,0)+SUMPRODUCT(($C$4:$C$52=C23)*((#REF!<#REF!)+(#REF!=#REF!)*(#REF!<#REF!)+(#REF!=#REF!)*(#REF!=#REF!)*(#REF!<#REF!)))) | B23: {=IFERROR(INDEX(Entries!$E$2:$E$48,21)&"","")} | C23: =IF(B23="","",SUMIF(Scores!$B$2:$B$401,B23,Scores!$N$2:$N$401)) | D23: {=IF(B23="","",IFERROR(INDEX(Entries!$L$2:$L$48,21),0))} | E23: {=IF(B23="","",IFERROR(INDEX(#REF!,21),0))}
A24: =IF(B24="","",RANK(C24,$C$4:$C$52,0)+SUMPRODUCT(($C$4:$C$52=C24)*((#REF!<#REF!)+(#REF!=#REF!)*(#REF!<#REF!)+(#REF!=#REF!)*(#REF!=#REF!)*(#REF!<#REF!)))) | B24: {=IFERROR(INDEX(Entries!$E$2:$E$48,22)&"","")} | C24: =IF(B24="","",SUMIF(Scores!$B$2:$B$401,B24,Scores!$N$2:$N$401)) | D24: {=IF(B24="","",IFERROR(INDEX(Entries!$L$2:$L$48,22),0))} | E24: {=IF(B24="","",IFERROR(INDEX(#REF!,22),0))}
A25: =IF(B25="","",RANK(C25,$C$4:$C$52,0)+SUMPRODUCT(($C$4:$C$52=C25)*((#REF!<#REF!)+(#REF!=#REF!)*(#REF!<#REF!)+(#REF!=#REF!)*(#REF!=#REF!)*(#REF!<#REF!)))) | B25: {=IFERROR(INDEX(Entries!$E$2:$E$48,23)&"","")} | C25: =IF(B25="","",SUMIF(Scores!$B$2:$B$401,B25,Scores!$N$2:$N$401)) | D25: {=IF(B25="","",IFERROR(INDEX(Entries!$L$2:$L$48,23),0))} | E25: {=IF(B25="","",IFERROR(INDEX(#REF!,23),0))}
A26: =IF(B26="","",RANK(C26,$C$4:$C$52,0)+SUMPRODUCT(($C$4:$C$52=C26)*((#REF!<#REF!)+(#REF!=#REF!)*(#REF!<#REF!)+(#REF!=#REF!)*(#REF!=#REF!)*(#REF!<#REF!)))) | B26: {=IFERROR(INDEX(Entries!$E$2:$E$48,24)&"","")} | C26: =IF(B26="","",SUMIF(Scores!$B$2:$B$401,B26,Scores!$N$2:$N$401)) | D26: {=IF(B26="","",IFERROR(INDEX(Entries!$L$2:$L$48,24),0))} | E26: {=IF(B26="","",IFERROR(INDEX(#REF!,24),0))}
A27: =IF(B27="","",RANK(C27,$C$4:$C$52,0)+SUMPRODUCT(($C$4:$C$52=C27)*((#REF!<#REF!)+(#REF!=#REF!)*(#REF!<#REF!)+(#REF!=#REF!)*(#REF!=#REF!)*(#REF!<#REF!)))) | B27: {=IFERROR(INDEX(Entries!$E$2:$E$48,25)&"","")} | C27: =IF(B27="","",SUMIF(Scores!$B$2:$B$401,B27,Scores!$N$2:$N$401)) | D27: {=IF(B27="","",IFERROR(INDEX(Entries!$L$2:$L$48,25),0))} | E27: {=IF(B27="","",IFERROR(INDEX(#REF!,25),0))}
A28: =IF(B28="","",RANK(C28,$C$4:$C$52,0)+SUMPRODUCT(($C$4:$C$52=C28)*((#REF!<#REF!)+(#REF!=#REF!)*(#REF!<#REF!)+(#REF!=#REF!)*(#REF!=#REF!)*(#REF!<#REF!)))) | B28: {=IFERROR(INDEX(Entries!$E$2:$E$48,26)&"","")} | C28: =IF(B28="","",SUMIF(Scores!$B$2:$B$401,B28,Scores!$N$2:$N$401)) | D28: {=IF(B28="","",IFERROR(INDEX(Entries!$L$2:$L$48,26),0))} | E28: {=IF(B28="","",IFERROR(INDEX(#REF!,26),0))}
A29: =IF(B29="","",RANK(C29,$C$4:$C$52,0)+SUMPRODUCT(($C$4:$C$52=C29)*((#REF!<#REF!)+(#REF!=#REF!)*(#REF!<#REF!)+(#REF!=#REF!)*(#REF!=#REF!)*(#REF!<#REF!)))) | B29: {=IFERROR(INDEX(Entries!$E$2:$E$48,27)&"","")} | C29: =IF(B29="","",SUMIF(Scores!$B$2:$B$401,B29,Scores!$N$2:$N$401)) | D29: {=IF(B29="","",IFERROR(INDEX(Entries!$L$2:$L$48,27),0))} | E29: {=IF(B29="","",IFERROR(INDEX(#REF!,27),0))}
A30: =IF(B30="","",RANK(C30,$C$4:$C$52,0)+SUMPRODUCT(($C$4:$C$52=C30)*((#REF!<#REF!)+(#REF!=#REF!)*(#REF!<#REF!)+(#REF!=#REF!)*(#REF!=#REF!)*(#REF!<#REF!)))) | B30: {=IFERROR(INDEX(Entries!$E$2:$E$48,28)&"","")} | C30: =IF(B30="","",SUMIF(Scores!$B$2:$B$401,B30,Scores!$N$2:$N$401)) | D30: {=IF(B30="","",IFERROR(INDEX(Entries!$L$2:$L$48,28),0))} | E30: {=IF(B30="","",IFERROR(INDEX(#REF!,28),0))}
A31: =IF(B31="","",RANK(C31,$C$4:$C$52,0)+SUMPRODUCT(($C$4:$C$52=C31)*((#REF!<#REF!)+(#REF!=#REF!)*(#REF!<#REF!)+(#REF!=#REF!)*(#REF!=#REF!)*(#REF!<#REF!)))) | B31: {=IFERROR(INDEX(Entries!$E$2:$E$48,29)&"","")} | C31: =IF(B31="","",SUMIF(Scores!$B$2:$B$401,B31,Scores!$N$2:$N$401)) | D31: {=IF(B31="","",IFERROR(INDEX(Entries!$L$2:$L$48,29),0))} | E31: {=IF(B31="","",IFERROR(INDEX(#REF!,29),0))}
A32: =IF(B32="","",RANK(C32,$C$4:$C$52,0)+SUMPRODUCT(($C$4:$C$52=C32)*((#REF!<#REF!)+(#REF!=#REF!)*(#REF!<#REF!)+(#REF!=#REF!)*(#REF!=#REF!)*(#REF!<#REF!)))) | B32: {=IFERROR(INDEX(Entries!$E$2:$E$48,30)&"","")} | C32: =IF(B32="","",SUMIF(Scores!$B$2:$B$401,B32,Scores!$N$2:$N$401)) | D32: {=IF(B32="","",IFERROR(INDEX(Entries!$L$2:$L$48,30),0))} | E32: {=IF(B32="","",IFERROR(INDEX(#REF!,30),0))}
A33: =IF(B33="","",RANK(C33,$C$4:$C$52,0)+SUMPRODUCT(($C$4:$C$52=C33)*((#REF!<#REF!)+(#REF!=#REF!)*(#REF!<#REF!)+(#REF!=#REF!)*(#REF!=#REF!)*(#REF!<#REF!)))) | B33: {=IFERROR(INDEX(Entries!$E$2:$E$48,31)&"","")} | C33: =IF(B33="","",SUMIF(Scores!$B$2:$B$401,B33,Scores!$N$2:$N$401)) | D33: {=IF(B33="","",IFERROR(INDEX(Entries!$L$2:$L$48,31),0))} | E33: {=IF(B33="","",IFERROR(INDEX(#REF!,31),0))}
A34: =IF(B34="","",RANK(C34,$C$4:$C$52,0)+SUMPRODUCT(($C$4:$C$52=C34)*((#REF!<#REF!)+(#REF!=#REF!)*(#REF!<#REF!)+(#REF!=#REF!)*(#REF!=#REF!)*(#REF!<#REF!)))) | B34: {=IFERROR(INDEX(Entries!$E$2:$E$48,32)&"","")} | C34: =IF(B34="","",SUMIF(Scores!$B$2:$B$401,B34,Scores!$N$2:$N$401)) | D34: {=IF(B34="","",IFERROR(INDEX(Entries!$L$2:$L$48,32),0))} | E34: {=IF(B34="","",IFERROR(INDEX(#REF!,32),0))}
A35: =IF(B35="","",RANK(C35,$C$4:$C$52,0)+SUMPRODUCT(($C$4:$C$52=C35)*((#REF!<#REF!)+(#REF!=#REF!)*(#REF!<#REF!)+(#REF!=#REF!)*(#REF!=#REF!)*(#REF!<#REF!)))) | B35: {=IFERROR(INDEX(Entries!$E$2:$E$48,33)&"","")} | C35: =IF(B35="","",SUMIF(Scores!$B$2:$B$401,B35,Scores!$N$2:$N$401)) | D35: {=IF(B35="","",IFERROR(INDEX(Entries!$L$2:$L$48,33),0))} | E35: {=IF(B35="","",IFERROR(INDEX(#REF!,33),0))}
A36: =IF(B36="","",RANK(C36,$C$4:$C$52,0)+SUMPRODUCT(($C$4:$C$52=C36)*((#REF!<#REF!)+(#REF!=#REF!)*(#REF!<#REF!)+(#REF!=#REF!)*(#REF!=#REF!)*(#REF!<#REF!)))) | B36: {=IFERROR(INDEX(Entries!$E$2:$E$48,34)&"","")} | C36: =IF(B36="","",SUMIF(Scores!$B$2:$B$401,B36,Scores!$N$2:$N$401)) | D36: {=IF(B36="","",IFERROR(INDEX(Entries!$L$2:$L$48,34),0))} | E36: {=IF(B36="","",IFERROR(INDEX(#REF!,34),0))}
A37: =IF(B37="","",RANK(C37,$C$4:$C$52,0)+SUMPRODUCT(($C$4:$C$52=C37)*((#REF!<#REF!)+(#REF!=#REF!)*(#REF!<#REF!)+(#REF!=#REF!)*(#REF!=#REF!)*(#REF!<#REF!)))) | B37: {=IFERROR(INDEX(Entries!$E$2:$E$48,35)&"","")} | C37: =IF(B37="","",SUMIF(Scores!$B$2:$B$401,B37,Scores!$N$2:$N$401)) | D37: {=IF(B37="","",IFERROR(INDEX(Entries!$L$2:$L$48,35),0))} | E37: {=IF(B37="","",IFERROR(INDEX(#REF!,35),0))}
A38: =IF(B38="","",RANK(C38,$C$4:$C$52,0)+SUMPRODUCT(($C$4:$C$52=C38)*((#REF!<#REF!)+(#REF!=#REF!)*(#REF!<#REF!)+(#REF!=#REF!)*(#REF!=#REF!)*(#REF!<#REF!)))) | B38: {=IFERROR(INDEX(Entries!$E$2:$E$48,36)&"","")} | C38: =IF(B38="","",SUMIF(Scores!$B$2:$B$401,B38,Scores!$N$2:$N$401)) | D38: {=IF(B38="","",IFERROR(INDEX(Entries!$L$2:$L$48,36),0))} | E38: {=IF(B38="","",IFERROR(INDEX(#REF!,36),0))}
A39: =IF(B39="","",RANK(C39,$C$4:$C$52,0)+SUMPRODUCT(($C$4:$C$52=C39)*((#REF!<#REF!)+(#REF!=#REF!)*(#REF!<#REF!)+(#REF!=#REF!)*(#REF!=#REF!)*(#REF!<#REF!)))) | B39: {=IFERROR(INDEX(Entries!$E$2:$E$48,37)&"","")} | C39: =IF(B39="","",SUMIF(Scores!$B$2:$B$401,B39,Scores!$N$2:$N$401)) | D39: {=IF(B39="","",IFERROR(INDEX(Entries!$L$2:$L$48,37),0))} | E39: {=IF(B39="","",IFERROR(INDEX(#REF!,37),0))}
A40: =IF(B40="","",RANK(C40,$C$4:$C$52,0)+SUMPRODUCT(($C$4:$C$52=C40)*((#REF!<#REF!)+(#REF!=#REF!)*(#REF!<#REF!)+(#REF!=#REF!)*(#REF!=#REF!)*(#REF!<#REF!)))) | B40: {=IFERROR(INDEX(Entries!$E$2:$E$48,38)&"","")} | C40: =IF(B40="","",SUMIF(Scores!$B$2:$B$401,B40,Scores!$N$2:$N$401)) | D40: {=IF(B40="","",IFERROR(INDEX(Entries!$L$2:$L$48,38),0))} | E40: {=IF(B40="","",IFERROR(INDEX(#REF!,38),0))}
A41: =IF(B41="","",RANK(C41,$C$4:$C$52,0)+SUMPRODUCT(($C$4:$C$52=C41)*((#REF!<#REF!)+(#REF!=#REF!)*(#REF!<#REF!)+(#REF!=#REF!)*(#REF!=#REF!)*(#REF!<#REF!)))) | B41: {=IFERROR(INDEX(Entries!$E$2:$E$48,39)&"","")} | C41: =IF(B41="","",SUMIF(Scores!$B$2:$B$401,B41,Scores!$N$2:$N$401)) | D41: {=IF(B41="","",IFERROR(INDEX(Entries!$L$2:$L$48,39),0))} | E41: {=IF(B41="","",IFERROR(INDEX(#REF!,39),0))}
A42: =IF(B42="","",RANK(C42,$C$4:$C$52,0)+SUMPRODUCT(($C$4:$C$52=C42)*((#REF!<#REF!)+(#REF!=#REF!)*(#REF!<#REF!)+(#REF!=#REF!)*(#REF!=#REF!)*(#REF!<#REF!)))) | B42: {=IFERROR(INDEX(Entries!$E$2:$E$48,40)&"","")} | C42: =IF(B42="","",SUMIF(Scores!$B$2:$B$401,B42,Scores!$N$2:$N$401)) | D42: {=IF(B42="","",IFERROR(INDEX(Entries!$L$2:$L$48,40),0))} | E42: {=IF(B42="","",IFERROR(INDEX(#REF!,40),0))}
A43: =IF(B43="","",RANK(C43,$C$4:$C$52,0)+SUMPRODUCT(($C$4:$C$52=C43)*((#REF!<#REF!)+(#REF!=#REF!)*(#REF!<#REF!)+(#REF!=#REF!)*(#REF!=#REF!)*(#REF!<#REF!)))) | B43: {=IFERROR(INDEX(Entries!$E$2:$E$48,41)&"","")} | C43: =IF(B43="","",SUMIF(Scores!$B$2:$B$401,B43,Scores!$N$2:$N$401)) | D43: {=IF(B43="","",IFERROR(INDEX(Entries!$L$2:$L$48,41),0))} | E43: {=IF(B43="","",IFERROR(INDEX(#REF!,41),0))}
A44: =IF(B44="","",RANK(C44,$C$4:$C$52,0)+SUMPRODUCT(($C$4:$C$52=C44)*((#REF!<#REF!)+(#REF!=#REF!)*(#REF!<#REF!)+(#REF!=#REF!)*(#REF!=#REF!)*(#REF!<#REF!)))) | B44: {=IFERROR(INDEX(Entries!$E$2:$E$48,42)&"","")} | C44: =IF(B44="","",SUMIF(Scores!$B$2:$B$401,B44,Scores!$N$2:$N$401)) | D44: {=IF(B44="","",IFERROR(INDEX(Entries!$L$2:$L$48,42),0))} | E44: {=IF(B44="","",IFERROR(INDEX(#REF!,42),0))}
A45: =IF(B45="","",RANK(C45,$C$4:$C$52,0)+SUMPRODUCT(($C$4:$C$52=C45)*((#REF!<#REF!)+(#REF!=#REF!)*(#REF!<#REF!)+(#REF!=#REF!)*(#REF!=#REF!)*(#REF!<#REF!)))) | B45: {=IFERROR(INDEX(Entries!$E$2:$E$48,43)&"","")} | C45: =IF(B45="","",SUMIF(Scores!$B$2:$B$401,B45,Scores!$N$2:$N$401)) | D45: {=IF(B45="","",IFERROR(INDEX(Entries!$L$2:$L$48,43),0))} | E45: {=IF(B45="","",IFERROR(INDEX(#REF!,43),0))}
A46: =IF(B46="","",RANK(C46,$C$4:$C$52,0)+SUMPRODUCT(($C$4:$C$52=C46)*((#REF!<#REF!)+(#REF!=#REF!)*(#REF!<#REF!)+(#REF!=#REF!)*(#REF!=#REF!)*(#REF!<#REF!)))) | B46: {=IFERROR(INDEX(Entries!$E$2:$E$48,44)&"","")} | C46: =IF(B46="","",SUMIF(Scores!$B$2:$B$401,B46,Scores!$N$2:$N$401)) | D46: {=IF(B46="","",IFERROR(INDEX(Entries!$L$2:$L$48,44),0))} | E46: {=IF(B46="","",IFERROR(INDEX(#REF!,44),0))}
A47: =IF(B47="","",RANK(C47,$C$4:$C$52,0)+SUMPRODUCT(($C$4:$C$52=C47)*((#REF!<#REF!)+(#REF!=#REF!)*(#REF!<#REF!)+(#REF!=#REF!)*(#REF!=#REF!)*(#REF!<#REF!)))) | B47: {=IFERROR(INDEX(Entries!$E$2:$E$48,45)&"","")} | C47: =IF(B47="","",SUMIF(Scores!$B$2:$B$401,B47,Scores!$N$2:$N$401)) | D47: {=IF(B47="","",IFERROR(INDEX(Entries!$L$2:$L$48,45),0))} | E47: {=IF(B47="","",IFERROR(INDEX(#REF!,45),0))}
A48: =IF(B48="","",RANK(C48,$C$4:$C$52,0)+SUMPRODUCT(($C$4:$C$52=C48)*((#REF!<#REF!)+(#REF!=#REF!)*(#REF!<#REF!)+(#REF!=#REF!)*(#REF!=#REF!)*(#REF!<#REF!)))) | B48: {=IFERROR(INDEX(Entries!$E$2:$E$48,46)&"","")} | C48: =IF(B48="","",SUMIF(Scores!$B$2:$B$401,B48,Scores!$N$2:$N$401)) | D48: {=IF(B48="","",IFERROR(INDEX(Entries!$L$2:$L$48,46),0))} | E48: {=IF(B48="","",IFERROR(INDEX(#REF!,46),0))}
A49: =IF(B49="","",RANK(C49,$C$4:$C$52,0)+SUMPRODUCT(($C$4:$C$52=C49)*((#REF!<#REF!)+(#REF!=#REF!)*(#REF!<#REF!)+(#REF!=#REF!)*(#REF!=#REF!)*(#REF!<#REF!)))) | B49: {=IFERROR(INDEX(Entries!$E$2:$E$48,47)&"","")} | C49: =IF(B49="","",SUMIF(Scores!$B$2:$B$401,B49,Scores!$N$2:$N$401)) | D49: {=IF(B49="","",IFERROR(INDEX(Entries!$L$2:$L$48,47),0))} | E49: {=IF(B49="","",IFERROR(INDEX(#REF!,47),0))}
A50: =IF(B50="","",RANK(C50,$C$4:$C$52,0)+SUMPRODUCT(($C$4:$C$52=C50)*((#REF!<#REF!)+(#REF!=#REF!)*(#REF!<#REF!)+(#REF!=#REF!)*(#REF!=#REF!)*(#REF!<#REF!)))) | B50: {=IFERROR(INDEX(Entries!$E$2:$E$48,48)&"","")} | C50: =IF(B50="","",SUMIF(Scores!$B$2:$B$401,B50,Scores!$N$2:$N$401)) | D50: {=IF(B50="","",IFERROR(INDEX(Entries!$L$2:$L$48,48),0))} | E50: {=IF(B50="","",IFERROR(INDEX(#REF!,48),0))}
A51: =IF(B51="","",RANK(C51,$C$4:$C$52,0)+SUMPRODUCT(($C$4:$C$52=C51)*((#REF!<#REF!)+(#REF!=#REF!)*(#REF!<#REF!)+(#REF!=#REF!)*(#REF!=#REF!)*(#REF!<#REF!)))) | B51: {=IFERROR(INDEX(Entries!$E$2:$E$48,49)&"","")} | C51: =IF(B51="","",SUMIF(Scores!$B$2:$B$401,B51,Scores!$N$2:$N$401)) | D51: {=IF(B51="","",IFERROR(INDEX(Entries!$L$2:$L$48,49),0))} | E51: {=IF(B51="","",IFERROR(INDEX(#REF!,49),0))}
A52: =IF(B52="","",RANK(C52,$C$4:$C$52,0)+SUMPRODUCT(($C$4:$C$52=C52)*((#REF!<#REF!)+(#REF!=#REF!)*(#REF!<#REF!)+(#REF!=#REF!)*(#REF!=#REF!)*(#REF!<#REF!)))) | B52: {=IFERROR(INDEX(Entries!$E$2:$E$48,50)&"","")} | C52: =IF(B52="","",SUMIF(Scores!$B$2:$B$401,B52,Scores!$N$2:$N$401)) | D52: {=IF(B52="","",IFERROR(INDEX(Entries!$L$2:$L$48,50),0))} | E52: {=IF(B52="","",IFERROR(INDEX(#REF!,50),0))}

Sheet Medals
A1: RawName | B1: CanonicalName | C1: IOC | D1: Gold | E1: Silver | F1: Bronze | G1: Total | H1: MappingStatus
A2: =IF(MedalImport!B3="","",MedalImport!B3) -> Norway | B2: {=IF(A2="","",LET(_xlpm.raw,A2,_xlpm.alias,XLOOKUP(_xlpm.raw,Aliases!$A$2:$A$50,Aliases!$B$2:$B$50,""),IF(_xlpm.alias<>"",_xlpm.alias,_xlpm.raw)))} -> Norway | C2: {=IF(B2="","",XLOOKUP(B2,Countries!$A$2:$A$72,Countries!$B$2:$B$72,"???"))} -> NOR | D2: =IF(A2="","",MedalImport!C3) -> 10 | E2: =IF(A2="","",MedalImport!D3) -> 8 | F2: =IF(A2="","",MedalImport!E3) -> 6 | G2: =IF(A2="","",D2+E2+F2) -> 24 | H2: {=IF(A2="","",LET(_xlpm.raw,A2,_xlpm.isExcluded,XLOOKUP(_xlpm.raw,Aliases!$A$2:$A$50,Aliases!$D$2:$D$50,FALSE),_xlpm.isMapped,ISNUMBER(MATCH(B2,Countries!$A$2:$A$72,0)),IF(_xlpm.isExcluded,"EXCLUDED",IF(_xlpm.isMapped,"OK","UNMAPPED"))))} -> OK
A3: =IF(MedalImport!B4="","",MedalImport!B4) -> Germany | B3: {=IF(A3="","",LET(_xlpm.raw,A3,_xlpm.alias,XLOOKUP(_xlpm.raw,Aliases!$A$2:$A$50,Aliases!$B$2:$B$50,""),IF(_xlpm.alias<>"",_xlpm.alias,_xlpm.raw)))} -> Germany | C3: {=IF(B3="","",XLOOKUP(B3,Countries!$A$2:$A$72,Countries!$B$2:$B$72,"???"))} -> GER | D3: =IF(A3="","",MedalImport!C4) -> 8 | E3: =IF(A3="","",MedalImport!D4) -> 7 | F3: =IF(A3="","",MedalImport!E4) -> 5 | G3: =IF(A3="","",D3+E3+F3) -> 20 | H3: {=IF(A3="","",LET(_xlpm.raw,A3,_xlpm.isExcluded,XLOOKUP(_xlpm.raw,Aliases!$A$2:$A$50,Aliases!$D$2:$D$50,FALSE),_xlpm.isMapped,ISNUMBER(MATCH(B3,Countries!$A$2:$A$72,0)),IF(_xlpm.isExcluded,"EXCLUDED",IF(_xlpm.isMapped,"OK","UNMAPPED"))))} -> OK
A4: =IF(MedalImport!B5="","",MedalImport!B5) -> United States | B4: {=IF(A4="","",LET(_xlpm.raw,A4,_xlpm.alias,XLOOKUP(_xlpm.raw,Aliases!$A$2:$A$50,Aliases!$B$2:$B$50,""),IF(_xlpm.alias<>"",_xlpm.alias,_xlpm.raw)))} -> United States | C4: {=IF(B4="","",XLOOKUP(B4,Countries!$A$2:$A$72,Countries!$B$2:$B$72,"???"))} -> USA | D4: =IF(A4="","",MedalImport!C5) -> 6 | E4: =IF(A4="","",MedalImport!D5) -> 8 | F4: =IF(A4="","",MedalImport!E5) -> 7 | G4: =IF(A4="","",D4+E4+F4) -> 21 | H4: {=IF(A4="","",LET(_xlpm.raw,A4,_xlpm.isExcluded,XLOOKUP(_xlpm.raw,Aliases!$A$2:$A$50,Aliases!$D$2:$D$50,FALSE),_xlpm.isMapped,ISNUMBER(MATCH(B4,Countries!$A$2:$A$72,0)),IF(_xlpm.isExcluded,"EXCLUDED",IF(_xlpm.isMapped,"OK","UNMAPPED"))))} -> OK
A5: =IF(MedalImport!B6="","",MedalImport!B6) -> Canada | B5: {=IF(A5="","",LET(_xlpm.raw,A5,_xlpm.alias,XLOOKUP(_xlpm.raw,Aliases!$A$2:$A$50,Aliases!$B$2:$B$50,""),IF(_xlpm.alias<>"",_xlpm.alias,_xlpm.raw)))} -> Canada | C5: {=IF(B5="","",XLOOKUP(B5,Countries!$A$2:$A$72,Countries!$B$2:$B$72,"???"))} -> CAN | D5: =IF(A5="","",MedalImport!C6) -> 5 | E5: =IF(A5="","",MedalImport!D6) -> 6 | F5: =IF(A5="","",MedalImport!E6) -> 8 | G5: =IF(A5="","",D5+E5+F5) -> 19 | H5: {=IF(A5="","",LET(_xlpm.raw,A5,_xlpm.isExcluded,XLOOKUP(_xlpm.raw,Aliases!$A$2:$A$50,Aliases!$D$2:$D$50,FALSE),_xlpm.isMapped,ISNUMBER(MATCH(B5,Countries!$A$2:$A$72,0)),IF(_xlpm.isExcluded,"EXCLUDED",IF(_xlpm.isMapped,"OK","UNMAPPED"))))} -> OK
A6: =IF(MedalImport!B7="","",MedalImport!B7) -> Netherlands | B6: {=IF(A6="","",LET(_xlpm.raw,A6,_xlpm.alias,XLOOKUP(_xlpm.raw,Aliases!$A$2:$A$50,Aliases!$B$2:$B$50,""),IF(_xlpm.alias<>"",_xlpm.alias,_xlpm.raw)))} -> Netherlands | C6: {=IF(B6="","",XLOOKUP(B6,Countries!$A$2:$A$72,Countries!$B$2:$B$72,"???"))} -> NED | D6: =IF(A6="","",MedalImport!C7) -> 7 | E6: =IF(A6="","",MedalImport!D7) -> 5 | F6: =IF(A6="","",MedalImport!E7) -> 3 | G6: =IF(A6="","",D6+E6+F6) -> 15 | H6: {=IF(A6="","",LET(_xlpm.raw,A6,_xlpm.isExcluded,XLOOKUP(_xlpm.raw,Aliases!$A$2:$A$50,Aliases!$D$2:$D$50,FALSE),_xlpm.isMapped,ISNUMBER(MATCH(B6,Countries!$A$2:$A$72,0)),IF(_xlpm.isExcluded,"EXCLUDED",IF(_xlpm.isMapped,"OK","UNMAPPED"))))} -> OK
A7: =IF(MedalImport!B8="","",MedalImport!B8) -> France | B7: {=IF(A7="","",LET(_xlpm.raw,A7,_xlpm.alias,XLOOKUP(_xlpm.raw,Aliases!$A$2:$A$50,Aliases!$B$2:$B$50,""),IF(_xlpm.alias<>"",_xlpm.alias,_xlpm.raw)))} -> France | C7: {=IF(B7="","",XLOOKUP(B7,Countries!$A$2:$A$72,Countries!$B$2:$B$72,"???"))} -> FRA | D7: =IF(A7="","",MedalImport!C8) -> 3 | E7: =IF(A7="","",MedalImport!D8) -> 4 | F7: =IF(A7="","",MedalImport!E8) -> 2 | G7: =IF(A7="","",D7+E7+F7) -> 9 | H7: {=IF(A7="","",LET(_xlpm.raw,A7,_xlpm.isExcluded,XLOOKUP(_xlpm.raw,Aliases!$A$2:$A$50,Aliases!$D$2:$D$50,FALSE),_xlpm.isMapped,ISNUMBER(MATCH(B7,Countries!$A$2:$A$72,0)),IF(_xlpm.isExcluded,"EXCLUDED",IF(_xlpm.isMapped,"OK","UNMAPPED"))))} -> OK
A8: =IF(MedalImport!B9="","",MedalImport!B9) -> Switzerland | B8: {=IF(A8="","",LET(_xlpm.raw,A8,_xlpm.alias,XLOOKUP(_xlpm.raw,Aliases!$A$2:$A$50,Aliases!$B$2:$B$50,""),IF(_xlpm.alias<>"",_xlpm.alias,_xlpm.raw)))} -> Switzerland | C8: {=IF(B8="","",XLOOKUP(B8,Countries!$A$2:$A$72,Countries!$B$2:$B$72,"???"))} -> SUI | D8: =IF(A8="","",MedalImport!C9) -> 4 | E8: =IF(A8="","",MedalImport!D9) -> 3 | F8: =IF(A8="","",MedalImport!E9) -> 5 | G8: =IF(A8="","",D8+E8+F8) -> 12 | H8: {=IF(A8="","",LET(_xlpm.raw,A8,_xlpm.isExcluded,XLOOKUP(_xlpm.raw,Aliases!$A$2:$A$50,Aliases!$D$2:$D$50,FALSE),_xlpm.isMapped,ISNUMBER(MATCH(B8,Countries!$A$2:$A$72,0)),IF(_xlpm.isExcluded,"EXCLUDED",IF(_xlpm.isMapped,"OK","UNMAPPED"))))} -> OK
A9: =IF(MedalImport!B10="","",MedalImport!B10) -> Austria | B9: {=IF(A9="","",LET(_xlpm.raw,A9,_xlpm.alias,XLOOKUP(_xlpm.raw,Aliases!$A$2:$A$50,Aliases!$B$2:$B$50,""),IF(_xlpm.alias<>"",_xlpm.alias,_xlpm.raw)))} -> Austria | C9: {=IF(B9="","",XLOOKUP(B9,Countries!$A$2:$A$72,Countries!$B$2:$B$72,"???"))} -> AUT | D9: =IF(A9="","",MedalImport!C10) -> 3 | E9: =IF(A9="","",MedalImport!D10) -> 5 | F9: =IF(A9="","",MedalImport!E10) -> 4 | G9: =IF(A9="","",D9+E9+F9) -> 12 | H9: {=IF(A9="","",LET(_xlpm.raw,A9,_xlpm.isExcluded,XLOOKUP(_xlpm.raw,Aliases!$A$2:$A$50,Aliases!$D$2:$D$50,FALSE),_xlpm.isMapped,ISNUMBER(MATCH(B9,Countries!$A$2:$A$72,0)),IF(_xlpm.isExcluded,"EXCLUDED",IF(_xlpm.isMapped,"OK","UNMAPPED"))))} -> OK
A10: =IF(MedalImport!B11="","",MedalImport!B11) -> Sweden | B10: {=IF(A10="","",LET(_xlpm.raw,A10,_xlpm.alias,XLOOKUP(_xlpm.raw,Aliases!$A$2:$A$50,Aliases!$B$2:$B$50,""),IF(_xlpm.alias<>"",_xlpm.alias,_xlpm.raw)))} -> Sweden | C10: {=IF(B10="","",XLOOKUP(B10,Countries!$A$2:$A$72,Countries!$B$2:$B$72,"???"))} -> SWE | D10: =IF(A10="","",MedalImport!C11) -> 4 | E10: =IF(A10="","",MedalImport!D11) -> 3 | F10: =IF(A10="","",MedalImport!E11) -> 3 | G10: =IF(A10="","",D10+E10+F10) -> 10 | H10: {=IF(A10="","",LET(_xlpm.raw,A10,_xlpm.isExcluded,XLOOKUP(_xlpm.raw,Aliases!$A$2:$A$50,Aliases!$D$2:$D$50,FALSE),_xlpm.isMapped,ISNUMBER(MATCH(B10,Countries!$A$2:$A$72,0)),IF(_xlpm.isExcluded,"EXCLUDED",IF(_xlpm.isMapped,"OK","UNMAPPED"))))} -> OK
A11: =IF(MedalImport!B12="","",MedalImport!B12) -> South Korea | B11: {=IF(A11="","",LET(_xlpm.raw,A11,_xlpm.alias,XLOOKUP(_xlpm.raw,Aliases!$A$2:$A$50,Aliases!$B$2:$B$50,""),IF(_xlpm.alias<>"",_xlpm.alias,_xlpm.raw)))} -> South Korea | C11: {=IF(B11="","",XLOOKUP(B11,Countries!$A$2:$A$72,Countries!$B$2:$B$72,"???"))} -> KOR | D11: =IF(A11="","",MedalImport!C12) -> 2 | E11: =IF(A11="","",MedalImport!D12) -> 3 | F11: =IF(A11="","",MedalImport!E12) -> 2 | G11: =IF(A11="","",D11+E11+F11) -> 7 | H11: {=IF(A11="","",LET(_xlpm.raw,A11,_xlpm.isExcluded,XLOOKUP(_xlpm.raw,Aliases!$A$2:$A$50,Aliases!$D$2:$D$50,FALSE),_xlpm.isMapped,ISNUMBER(MATCH(B11,Countries!$A$2:$A$72,0)),IF(_xlpm.isExcluded,"EXCLUDED",IF(_xlpm.isMapped,"OK","UNMAPPED"))))} -> OK
A12: =IF(MedalImport!B13="","",MedalImport!B13) -> China | B12: {=IF(A12="","",LET(_xlpm.raw,A12,_xlpm.alias,XLOOKUP(_xlpm.raw,Aliases!$A$2:$A$50,Aliases!$B$2:$B$50,""),IF(_xlpm.alias<>"",_xlpm.alias,_xlpm.raw)))} -> China | C12: {=IF(B12="","",XLOOKUP(B12,Countries!$A$2:$A$72,Countries!$B$2:$B$72,"???"))} -> CHN | D12: =IF(A12="","",MedalImport!C13) -> 3 | E12: =IF(A12="","",MedalImport!D13) -> 2 | F12: =IF(A12="","",MedalImport!E13) -> 4 | G12: =IF(A12="","",D12+E12+F12) -> 9 | H12: {=IF(A12="","",LET(_xlpm.raw,A12,_xlpm.isExcluded,XLOOKUP(_xlpm.raw,Aliases!$A$2:$A$50,Aliases!$D$2:$D$50,FALSE),_xlpm.isMapped,ISNUMBER(MATCH(B12,Countries!$A$2:$A$72,0)),IF(_xlpm.isExcluded,"EXCLUDED",IF(_xlpm.isMapped,"OK","UNMAPPED"))))} -> OK
A13: =IF(MedalImport!B14="","",MedalImport!B14) -> Japan | B13: {=IF(A13="","",LET(_xlpm.raw,A13,_xlpm.alias,XLOOKUP(_xlpm.raw,Aliases!$A$2:$A$50,Aliases!$B$2:$B$50,""),IF(_xlpm.alias<>"",_xlpm.alias,_xlpm.raw)))} -> Japan | C13: {=IF(B13="","",XLOOKUP(B13,Countries!$A$2:$A$72,Countries!$B$2:$B$72,"???"))} -> JPN | D13: =IF(A13="","",MedalImport!C14) -> 2 | E13: =IF(A13="","",MedalImport!D14) -> 4 | F13: =IF(A13="","",MedalImport!E14) -> 3 | G13: =IF(A13="","",D13+E13+F13) -> 9 | H13: {=IF(A13="","",LET(_xlpm.raw,A13,_xlpm.isExcluded,XLOOKUP(_xlpm.raw,Aliases!$A$2:$A$50,Aliases!$D$2:$D$50,FALSE),_xlpm.isMapped,ISNUMBER(MATCH(B13,Countries!$A$2:$A$72,0)),IF(_xlpm.isExcluded,"EXCLUDED",IF(_xlpm.isMapped,"OK","UNMAPPED"))))} -> OK
... A21: =IF(MedalImport!B22="","",MedalImport!B22) -> Hungary | B21: {=IF(A21="","",LET(_xlpm.raw,A21,_xlpm.alias,XLOOKUP(_xlpm.raw,Aliases!$A$2:$A$50,Aliases!$B$2:$B$50,""),IF(_xlpm.alias<>"",_xlpm.alias,_xlpm.raw)))} -> Hungary | C21: {=IF(B21="","",XLOOKUP(B21,Countries!$A$2:$A$72,Countries!$B$2:$B$72,"???"))} -> HUN | D21: =IF(A21="","",MedalImport!C22) -> 1 | E21: =IF(A21="","",MedalImport!D22) -> 0 | F21: =IF(A21="","",MedalImport!E22) -> 0 | G21: =IF(A21="","",D21+E21+F21) -> 1 | H21: {=IF(A21="","",LET(_xlpm.raw,A21,_xlpm.isExcluded,XLOOKUP(_xlpm.raw,Aliases!$A$2:$A$50,Aliases!$D$2:$D$50,FALSE),_xlpm.isMapped,ISNUMBER(MATCH(B21,Countries!$A$2:$A$72,0)),IF(_xlpm.isExcluded,"EXCLUDED",IF(_xlpm.isMapped,"OK","UNMAPPED"))))} -> OK
A22: =IF(MedalImport!B23="","",MedalImport!B23) | B22: =IF(A22="","",_xludf.LET(raw,A22,alias,_xludf.XLOOKUP(raw,Aliases!$A$2:$A$50,Aliases!$B$2:$B$50,""),IF(alias<>"",alias,raw))) | C22: =IF(B22="","",_xludf.XLOOKUP(B22,Countries!$A$2:$A$72,Countries!$B$2:$B$72,"???")) | D22: =IF(A22="","",MedalImport!C23) | E22: =IF(A22="","",MedalImport!D23) | F22: =IF(A22="","",MedalImport!E23) | G22: =IF(A22="","",D22+E22+F22) | H22: =IF(A22="","",_xludf.LET(raw,A22,isExcluded,_xludf.XLOOKUP(raw,Aliases!$A$2:$A$50,Aliases!$D$2:$D$50,FALSE),isMapped,ISNUMBER(MATCH(B22,Countries!$A$2:$A$72,0)),IF(isExcluded,"EXCLUDED",IF(isMapped,"OK","UNMAPPED"))))
A23: =IF(MedalImport!B24="","",MedalImport!B24) | B23: =IF(A23="","",_xludf.LET(raw,A23,alias,_xludf.XLOOKUP(raw,Aliases!$A$2:$A$50,Aliases!$B$2:$B$50,""),IF(alias<>"",alias,raw))) | C23: =IF(B23="","",_xludf.XLOOKUP(B23,Countries!$A$2:$A$72,Countries!$B$2:$B$72,"???")) | D23: =IF(A23="","",MedalImport!C24) | E23: =IF(A23="","",MedalImport!D24) | F23: =IF(A23="","",MedalImport!E24) | G23: =IF(A23="","",D23+E23+F23) | H23: =IF(A23="","",_xludf.LET(raw,A23,isExcluded,_xludf.XLOOKUP(raw,Aliases!$A$2:$A$50,Aliases!$D$2:$D$50,FALSE),isMapped,ISNUMBER(MATCH(B23,Countries!$A$2:$A$72,0)),IF(isExcluded,"EXCLUDED",IF(isMapped,"OK","UNMAPPED"))))
A24: =IF(MedalImport!B25="","",MedalImport!B25) | B24: =IF(A24="","",_xludf.LET(raw,A24,alias,_xludf.XLOOKUP(raw,Aliases!$A$2:$A$50,Aliases!$B$2:$B$50,""),IF(alias<>"",alias,raw))) | C24: =IF(B24="","",_xludf.XLOOKUP(B24,Countries!$A$2:$A$72,Countries!$B$2:$B$72,"???")) | D24: =IF(A24="","",MedalImport!C25) | E24: =IF(A24="","",MedalImport!D25) | F24: =IF(A24="","",MedalImport!E25) | G24: =IF(A24="","",D24+E24+F24) | H24: =IF(A24="","",_xludf.LET(raw,A24,isExcluded,_xludf.XLOOKUP(raw,Aliases!$A$2:$A$50,Aliases!$D$2:$D$50,FALSE),isMapped,ISNUMBER(MATCH(B24,Countries!$A$2:$A$72,0)),IF(isExcluded,"EXCLUDED",IF(isMapped,"OK","UNMAPPED"))))
A25: =IF(MedalImport!B26="","",MedalImport!B26) | B25: =IF(A25="","",_xludf.LET(raw,A25,alias,_xludf.XLOOKUP(raw,Aliases!$A$2:$A$50,Aliases!$B$2:$B$50,""),IF(alias<>"",alias,raw))) | C25: =IF(B25="","",_xludf.XLOOKUP(B25,Countries!$A$2:$A$72,Countries!$B$2:$B$72,"???")) | D25: =IF(A25="","",MedalImport!C26) | E25: =IF(A25="","",MedalImport!D26) | F25: =IF(A25="","",MedalImport!E26) | G25: =IF(A25="","",D25+E25+F25) | H25: =IF(A25="","",_xludf.LET(raw,A25,isExcluded,_xludf.XLOOKUP(raw,Aliases!$A$2:$A$50,Aliases!$D$2:$D$50,FALSE),isMapped,ISNUMBER(MATCH(B25,Countries!$A$2:$A$72,0)),IF(isExcluded,"EXCLUDED",IF(isMapped,"OK","UNMAPPED"))))
A26: =IF(MedalImport!B27="","",MedalImport!B27) | B26: =IF(A26="","",_xludf.LET(raw,A26,alias,_xludf.XLOOKUP(raw,Aliases!$A$2:$A$50,Aliases!$B$2:$B$50,""),IF(alias<>"",alias,raw))) | C26: =IF(B26="","",_xludf.XLOOKUP(B26,Countries!$A$2:$A$72,Countries!$B$2:$B$72,"???")) | D26: =IF(A26="","",MedalImport!C27) | E26: =IF(A26="","",MedalImport!D27) | F26: =IF(A26="","",MedalImport!E27) | G26: =IF(A26="","",D26+E26+F26) | H26: =IF(A26="","",_xludf.LET(raw,A26,isExcluded,_xludf.XLOOKUP(raw,Aliases!$A$2:$A$50,Aliases!$D$2:$D$50,FALSE),isMapped,ISNUMBER(MATCH(B26,Countries!$A$2:$A$72,0)),IF(isExcluded,"EXCLUDED",IF(isMapped,"OK","UNMAPPED"))))
A27: =IF(MedalImport!B28="","",MedalImport!B28) | B27: =IF(A27="","",_xludf.LET(raw,A27,alias,_xludf.XLOOKUP(raw,Aliases!$A$2:$A$50,Aliases!$B$2:$B$50,""),IF(alias<>"",alias,raw))) | C27: =IF(B27="","",_xludf.XLOOKUP(B27,Countries!$A$2:$A$72,Countries!$B$2:$B$72,"???")) | D27: =IF(A27="","",MedalImport!C28) | E27: =IF(A27="","",MedalImport!D28) | F27: =IF(A27="","",MedalImport!E28) | G27: =IF(A27="","",D27+E27+F27) | H27: =IF(A27="","",_xludf.LET(raw,A27,isExcluded,_xludf.XLOOKUP(raw,Aliases!$A$2:$A$50,Aliases!$D$2:$D$50,FALSE),isMapped,ISNUMBER(MATCH(B27,Countries!$A$2:$A$72,0)),IF(isExcluded,"EXCLUDED",IF(isMapped,"OK","UNMAPPED"))))
A28: =IF(MedalImport!B29="","",MedalImport!B29) | B28: =IF(A28="","",_xludf.LET(raw,A28,alias,_xludf.XLOOKUP(raw,Aliases!$A$2:$A$50,Aliases!$B$2:$B$50,""),IF(alias<>"",alias,raw))) | C28: =IF(B28="","",_xludf.XLOOKUP(B28,Countries!$A$2:$A$72,Countries!$B$2:$B$72,"???")) | D28: =IF(A28="","",MedalImport!C29) | E28: =IF(A28="","",MedalImport!D29) | F28: =IF(A28="","",MedalImport!E29) | G28: =IF(A28="","",D28+E28+F28) | H28: =IF(A28="","",_xludf.LET(raw,A28,isExcluded,_xludf.XLOOKUP(raw,Aliases!$A$2:$A$50,Aliases!$D$2:$D$50,FALSE),isMapped,ISNUMBER(MATCH(B28,Countries!$A$2:$A$72,0)),IF(isExcluded,"EXCLUDED",IF(isMapped,"OK","UNMAPPED"))))
A29: =IF(MedalImport!B30="","",MedalImport!B30) | B29: =IF(A29="","",_xludf.LET(raw,A29,alias,_xludf.XLOOKUP(raw,Aliases!$A$2:$A$50,Aliases!$B$2:$B$50,""),IF(alias<>"",alias,raw))) | C29: =IF(B29="","",_xludf.XLOOKUP(B29,Countries!$A$2:$A$72,Countries!$B$2:$B$72,"???")) | D29: =IF(A29="","",MedalImport!C30) | E29: =IF(A29="","",MedalImport!D30) | F29: =IF(A29="","",MedalImport!E30) | G29: =IF(A29="","",D29+E29+F29) | H29: =IF(A29="","",_xludf.LET(raw,A29,isExcluded,_xludf.XLOOKUP(raw,Aliases!$A$2:$A$50,Aliases!$D$2:$D$50,FALSE),isMapped,ISNUMBER(MATCH(B29,Countries!$A$2:$A$72,0)),IF(isExcluded,"EXCLUDED",IF(isMapped,"OK","UNMAPPED"))))
A30: =IF(MedalImport!B31="","",MedalImport!B31) | B30: =IF(A30="","",_xludf.LET(raw,A30,alias,_xludf.XLOOKUP(raw,Aliases!$A$2:$A$50,Aliases!$B$2:$B$50,""),IF(alias<>"",alias,raw))) | C30: =IF(B30="","",_xludf.XLOOKUP(B30,Countries!$A$2:$A$72,Countries!$B$2:$B$72,"???")) | D30: =IF(A30="","",MedalImport!C31) | E30: =IF(A30="","",MedalImport!D31) | F30: =IF(A30="","",MedalImport!E31) | G30: =IF(A30="","",D30+E30+F30) | H30: =IF(A30="","",_xludf.LET(raw,A30,isExcluded,_xludf.XLOOKUP(raw,Aliases!$A$2:$A$50,Aliases!$D$2:$D$50,FALSE),isMapped,ISNUMBER(MATCH(B30,Countries!$A$2:$A$72,0)),IF(isExcluded,"EXCLUDED",IF(isMapped,"OK","UNMAPPED"))))
A31: =IF(MedalImport!B32="","",MedalImport!B32) | B31: =IF(A31="","",_xludf.LET(raw,A31,alias,_xludf.XLOOKUP(raw,Aliases!$A$2:$A$50,Aliases!$B$2:$B$50,""),IF(alias<>"",alias,raw))) | C31: =IF(B31="","",_xludf.XLOOKUP(B31,Countries!$A$2:$A$72,Countries!$B$2:$B$72,"???")) | D31: =IF(A31="","",MedalImport!C32) | E31: =IF(A31="","",MedalImport!D32) | F31: =IF(A31="","",MedalImport!E32) | G31: =IF(A31="","",D31+E31+F31) | H31: =IF(A31="","",_xludf.LET(raw,A31,isExcluded,_xludf.XLOOKUP(raw,Aliases!$A$2:$A$50,Aliases!$D$2:$D$50,FALSE),isMapped,ISNUMBER(MATCH(B31,Countries!$A$2:$A$72,0)),IF(isExcluded,"EXCLUDED",IF(isMapped,"OK","UNMAPPED"))))
A32: =IF(MedalImport!B33="","",MedalImport!B33) | B32: =IF(A32="","",_xludf.LET(raw,A32,alias,_xludf.XLOOKUP(raw,Aliases!$A$2:$A$50,Aliases!$B$2:$B$50,""),IF(alias<>"",alias,raw))) | C32: =IF(B32="","",_xludf.XLOOKUP(B32,Countries!$A$2:$A$72,Countries!$B$2:$B$72,"???")) | D32: =IF(A32="","",MedalImport!C33) | E32: =IF(A32="","",MedalImport!D33) | F32: =IF(A32="","",MedalImport!E33) | G32: =IF(A32="","",D32+E32+F32) | H32: =IF(A32="","",_xludf.LET(raw,A32,isExcluded,_xludf.XLOOKUP(raw,Aliases!$A$2:$A$50,Aliases!$D$2:$D$50,FALSE),isMapped,ISNUMBER(MATCH(B32,Countries!$A$2:$A$72,0)),IF(isExcluded,"EXCLUDED",IF(isMapped,"OK","UNMAPPED"))))
A33: =IF(MedalImport!B34="","",MedalImport!B34) | B33: =IF(A33="","",_xludf.LET(raw,A33,alias,_xludf.XLOOKUP(raw,Aliases!$A$2:$A$50,Aliases!$B$2:$B$50,""),IF(alias<>"",alias,raw))) | C33: =IF(B33="","",_xludf.XLOOKUP(B33,Countries!$A$2:$A$72,Countries!$B$2:$B$72,"???")) | D33: =IF(A33="","",MedalImport!C34) | E33: =IF(A33="","",MedalImport!D34) | F33: =IF(A33="","",MedalImport!E34) | G33: =IF(A33="","",D33+E33+F33) | H33: =IF(A33="","",_xludf.LET(raw,A33,isExcluded,_xludf.XLOOKUP(raw,Aliases!$A$2:$A$50,Aliases!$D$2:$D$50,FALSE),isMapped,ISNUMBER(MATCH(B33,Countries!$A$2:$A$72,0)),IF(isExcluded,"EXCLUDED",IF(isMapped,"OK","UNMAPPED"))))
... A51: =IF(MedalImport!B52="","",MedalImport!B52) | B51: =IF(A51="","",_xludf.LET(raw,A51,alias,_xludf.XLOOKUP(raw,Aliases!$A$2:$A$50,Aliases!$B$2:$B$50,""),IF(alias<>"",alias,raw))) | C51: =IF(B51="","",_xludf.XLOOKUP(B51,Countries!$A$2:$A$72,Countries!$B$2:$B$72,"???")) | D51: =IF(A51="","",MedalImport!C52) | E51: =IF(A51="","",MedalImport!D52) | F51: =IF(A51="","",MedalImport!E52) | G51: =IF(A51="","",D51+E51+F51) | H51: =IF(A51="","",_xludf.LET(raw,A51,isExcluded,_xludf.XLOOKUP(raw,Aliases!$A$2:$A$50,Aliases!$D$2:$D$50,FALSE),isMapped,ISNUMBER(MATCH(B51,Countries!$A$2:$A$72,0)),IF(isExcluded,"EXCLUDED",IF(isMapped,"OK","UNMAPPED"))))

Sheet Entries
A1: Timestamp | B1: Email | C1: FirstName | D1: LastName | E1: DisplayName | F1: Tier1_Pick1 | G1: Tier2_Raw | H1: Tier3_Pick1 | I1: Tier4_Pick1 | J1: Tier5_Pick1 | K1: Tier6_Raw | L1: USA_TOTAL | M1: Tier2_Pick1 | N1: Tier2_Pick2 | O1: Tier6_Pick1 | P1: Tier6_Pick2 | Q1: PlayerID | R1: ValidationStatus | S1: ValidationDetails
A2: 46046.661 | B2: bhagstrom0@gmail.com | C2: Brad | D2: Hagstrom | E2: Brad Hagstrom | F2: United States | G2: France, South Korea | H2: China | I2: Finland | J2: Great Britain | K2: Belgium (30), âšª Benin (1) | L2: 12 | M2: =IF(G2="","",TRIM(LEFT(G2,FIND(",",G2)-1))) -> France | N2: =IF(G2="","",TRIM(MID(G2,FIND(",",G2)+1,100))) -> South Korea | O2: =IF(K2="","",IFERROR(TRIM(LEFT(SUBSTITUTE(TRIM(LEFT(K2,FIND(",",K2&",")-1)),"⚪",""),FIND(" (",SUBSTITUTE(TRIM(LEFT(K2,FIND(",",K2&",")-1)),"⚪","")&" (")-1)),TRIM(SUBSTITUTE(TRIM(LEFT(K2,FIND(",",K2&",")-1)),"⚪","")))) -> Belgium | P2: =IF(K2="","",IFERROR(TRIM(LEFT(SUBSTITUTE(TRIM(MID(K2,FIND(",",K2)+1,100)),"⚪",""),FIND(" (",SUBSTITUTE(TRIM(MID(K2,FIND(",",K2)+1,100)),"⚪","")&" (")-1)),TRIM(SUBSTITUTE(TRIM(MID(K2,FIND(",",K2)+1,100)),"⚪","")))) -> âšª Benin | Q2: =IF(C2="","",C2&"_"&D2&"_"&E2) -> Brad_Hagstrom_Brad Hagstrom | R2: =IF(C2="","",IF(AND(F2<>"",M2<>"",N2<>"",H2<>"",I2<>"",J2<>"",O2<>"",P2<>""),"OK","INCOMPLETE")) -> OK | S2: =IF(C2="","",IF(R2="INCOMPLETE","Missing picks","Valid")) -> Valid
M3: =IF(G3="","",TRIM(LEFT(G3,FIND(",",G3)-1))) | N3: =IF(G3="","",TRIM(MID(G3,FIND(",",G3)+1,100))) | O3: =IF(K3="","",IFERROR(TRIM(LEFT(SUBSTITUTE(TRIM(LEFT(K3,FIND(",",K3&",")-1)),"⚪",""),FIND(" (",SUBSTITUTE(TRIM(LEFT(K3,FIND(",",K3&",")-1)),"⚪","")&" (")-1)),TRIM(SUBSTITUTE(TRIM(LEFT(K3,FIND(",",K3&",")-1)),"⚪","")))) | P3: =IF(K3="","",IFERROR(TRIM(LEFT(SUBSTITUTE(TRIM(MID(K3,FIND(",",K3)+1,100)),"⚪",""),FIND(" (",SUBSTITUTE(TRIM(MID(K3,FIND(",",K3)+1,100)),"⚪","")&" (")-1)),TRIM(SUBSTITUTE(TRIM(MID(K3,FIND(",",K3)+1,100)),"⚪","")))) | Q3: =IF(C3="","",C3&"_"&D3&"_"&E3) | R3: =IF(C3="","",IF(AND(F3<>"",M3<>"",N3<>"",H3<>"",I3<>"",J3<>"",O3<>"",P3<>""),"OK","INCOMPLETE")) | S3: =IF(C3="","",IF(R3="INCOMPLETE","Missing picks","Valid"))
M4: =IF(G4="","",TRIM(LEFT(G4,FIND(",",G4)-1))) | N4: =IF(G4="","",TRIM(MID(G4,FIND(",",G4)+1,100))) | O4: =IF(K4="","",IFERROR(TRIM(LEFT(SUBSTITUTE(TRIM(LEFT(K4,FIND(",",K4&",")-1)),"⚪",""),FIND(" (",SUBSTITUTE(TRIM(LEFT(K4,FIND(",",K4&",")-1)),"⚪","")&" (")-1)),TRIM(SUBSTITUTE(TRIM(LEFT(K4,FIND(",",K4&",")-1)),"⚪","")))) | P4: =IF(K4="","",IFERROR(TRIM(LEFT(SUBSTITUTE(TRIM(MID(K4,FIND(",",K4)+1,100)),"⚪",""),FIND(" (",SUBSTITUTE(TRIM(MID(K4,FIND(",",K4)+1,100)),"⚪","")&" (")-1)),TRIM(SUBSTITUTE(TRIM(MID(K4,FIND(",",K4)+1,100)),"⚪","")))) | Q4: =IF(C4="","",C4&"_"&D4&"_"&E4) | R4: =IF(C4="","",IF(AND(F4<>"",M4<>"",N4<>"",H4<>"",I4<>"",J4<>"",O4<>"",P4<>""),"OK","INCOMPLETE")) | S4: =IF(C4="","",IF(R4="INCOMPLETE","Missing picks","Valid"))
M5: =IF(G5="","",TRIM(LEFT(G5,FIND(",",G5)-1))) | N5: =IF(G5="","",TRIM(MID(G5,FIND(",",G5)+1,100))) | O5: =IF(K5="","",IFERROR(TRIM(LEFT(SUBSTITUTE(TRIM(LEFT(K5,FIND(",",K5&",")-1)),"⚪",""),FIND(" (",SUBSTITUTE(TRIM(LEFT(K5,FIND(",",K5&",")-1)),"⚪","")&" (")-1)),TRIM(SUBSTITUTE(TRIM(LEFT(K5,FIND(",",K5&",")-1)),"⚪","")))) | P5: =IF(K5="","",IFERROR(TRIM(LEFT(SUBSTITUTE(TRIM(MID(K5,FIND(",",K5)+1,100)),"⚪",""),FIND(" (",SUBSTITUTE(TRIM(MID(K5,FIND(",",K5)+1,100)),"⚪","")&" (")-1)),TRIM(SUBSTITUTE(TRIM(MID(K5,FIND(",",K5)+1,100)),"⚪","")))) | Q5: =IF(C5="","",C5&"_"&D5&"_"&E5) | R5: =IF(C5="","",IF(AND(F5<>"",M5<>"",N5<>"",H5<>"",I5<>"",J5<>"",O5<>"",P5<>""),"OK","INCOMPLETE")) | S5: =IF(C5="","",IF(R5="INCOMPLETE","Missing picks","Valid"))
M6: =IF(G6="","",TRIM(LEFT(G6,FIND(",",G6)-1))) | N6: =IF(G6="","",TRIM(MID(G6,FIND(",",G6)+1,100))) | O6: =IF(K6="","",IFERROR(TRIM(LEFT(SUBSTITUTE(TRIM(LEFT(K6,FIND(",",K6&",")-1)),"⚪",""),FIND(" (",SUBSTITUTE(TRIM(LEFT(K6,FIND(",",K6&",")-1)),"⚪","")&" (")-1)),TRIM(SUBSTITUTE(TRIM(LEFT(K6,FIND(",",K6&",")-1)),"⚪","")))) | P6: =IF(K6="","",IFERROR(TRIM(LEFT(SUBSTITUTE(TRIM(MID(K6,FIND(",",K6)+1,100)),"⚪",""),FIND(" (",SUBSTITUTE(TRIM(MID(K6,FIND(",",K6)+1,100)),"⚪","")&" (")-1)),TRIM(SUBSTITUTE(TRIM(MID(K6,FIND(",",K6)+1,100)),"⚪","")))) | Q6: =IF(C6="","",C6&"_"&D6&"_"&E6) | R6: =IF(C6="","",IF(AND(F6<>"",M6<>"",N6<>"",H6<>"",I6<>"",J6<>"",O6<>"",P6<>""),"OK","INCOMPLETE")) | S6: =IF(C6="","",IF(R6="INCOMPLETE","Missing picks","Valid"))
M7: =IF(G7="","",TRIM(LEFT(G7,FIND(",",G7)-1))) | N7: =IF(G7="","",TRIM(MID(G7,FIND(",",G7)+1,100))) | O7: =IF(K7="","",IFERROR(TRIM(LEFT(SUBSTITUTE(TRIM(LEFT(K7,FIND(",",K7&",")-1)),"⚪",""),FIND(" (",SUBSTITUTE(TRIM(LEFT(K7,FIND(",",K7&",")-1)),"⚪","")&" (")-1)),TRIM(SUBSTITUTE(TRIM(LEFT(K7,FIND(",",K7&",")-1)),"⚪","")))) | P7: =IF(K7="","",IFERROR(TRIM(LEFT(SUBSTITUTE(TRIM(MID(K7,FIND(",",K7)+1,100)),"⚪",""),FIND(" (",SUBSTITUTE(TRIM(MID(K7,FIND(",",K7)+1,100)),"⚪","")&" (")-1)),TRIM(SUBSTITUTE(TRIM(MID(K7,FIND(",",K7)+1,100)),"⚪","")))) | Q7: =IF(C7="","",C7&"_"&D7&"_"&E7) | R7: =IF(C7="","",IF(AND(F7<>"",M7<>"",N7<>"",H7<>"",I7<>"",J7<>"",O7<>"",P7<>""),"OK","INCOMPLETE")) | S7: =IF(C7="","",IF(R7="INCOMPLETE","Missing picks","Valid"))
M8: =IF(G8="","",TRIM(LEFT(G8,FIND(",",G8)-1))) | N8: =IF(G8="","",TRIM(MID(G8,FIND(",",G8)+1,100))) | O8: =IF(K8="","",IFERROR(TRIM(LEFT(SUBSTITUTE(TRIM(LEFT(K8,FIND(",",K8&",")-1)),"⚪",""),FIND(" (",SUBSTITUTE(TRIM(LEFT(K8,FIND(",",K8&",")-1)),"⚪","")&" (")-1)),TRIM(SUBSTITUTE(TRIM(LEFT(K8,FIND(",",K8&",")-1)),"⚪","")))) | P8: =IF(K8="","",IFERROR(TRIM(LEFT(SUBSTITUTE(TRIM(MID(K8,FIND(",",K8)+1,100)),"⚪",""),FIND(" (",SUBSTITUTE(TRIM(MID(K8,FIND(",",K8)+1,100)),"⚪","")&" (")-1)),TRIM(SUBSTITUTE(TRIM(MID(K8,FIND(",",K8)+1,100)),"⚪","")))) | Q8: =IF(C8="","",C8&"_"&D8&"_"&E8) | R8: =IF(C8="","",IF(AND(F8<>"",M8<>"",N8<>"",H8<>"",I8<>"",J8<>"",O8<>"",P8<>""),"OK","INCOMPLETE")) | S8: =IF(C8="","",IF(R8="INCOMPLETE","Missing picks","Valid"))
M9: =IF(G9="","",TRIM(LEFT(G9,FIND(",",G9)-1))) | N9: =IF(G9="","",TRIM(MID(G9,FIND(",",G9)+1,100))) | O9: =IF(K9="","",IFERROR(TRIM(LEFT(SUBSTITUTE(TRIM(LEFT(K9,FIND(",",K9&",")-1)),"⚪",""),FIND(" (",SUBSTITUTE(TRIM(LEFT(K9,FIND(",",K9&",")-1)),"⚪","")&" (")-1)),TRIM(SUBSTITUTE(TRIM(LEFT(K9,FIND(",",K9&",")-1)),"⚪","")))) | P9: =IF(K9="","",IFERROR(TRIM(LEFT(SUBSTITUTE(TRIM(MID(K9,FIND(",",K9)+1,100)),"⚪",""),FIND(" (",SUBSTITUTE(TRIM(MID(K9,FIND(",",K9)+1,100)),"⚪","")&" (")-1)),TRIM(SUBSTITUTE(TRIM(MID(K9,FIND(",",K9)+1,100)),"⚪","")))) | Q9: =IF(C9="","",C9&"_"&D9&"_"&E9) | R9: =IF(C9="","",IF(AND(F9<>"",M9<>"",N9<>"",H9<>"",I9<>"",J9<>"",O9<>"",P9<>""),"OK","INCOMPLETE")) | S9: =IF(C9="","",IF(R9="INCOMPLETE","Missing picks","Valid"))
M10: =IF(G10="","",TRIM(LEFT(G10,FIND(",",G10)-1))) | N10: =IF(G10="","",TRIM(MID(G10,FIND(",",G10)+1,100))) | O10: =IF(K10="","",IFERROR(TRIM(LEFT(SUBSTITUTE(TRIM(LEFT(K10,FIND(",",K10&",")-1)),"⚪",""),FIND(" (",SUBSTITUTE(TRIM(LEFT(K10,FIND(",",K10&",")-1)),"⚪","")&" (")-1)),TRIM(SUBSTITUTE(TRIM(LEFT(K10,FIND(",",K10&",")-1)),"⚪","")))) | P10: =IF(K10="","",IFERROR(TRIM(LEFT(SUBSTITUTE(TRIM(MID(K10,FIND(",",K10)+1,100)),"⚪",""),FIND(" (",SUBSTITUTE(TRIM(MID(K10,FIND(",",K10)+1,100)),"⚪","")&" (")-1)),TRIM(SUBSTITUTE(TRIM(MID(K10,FIND(",",K10)+1,100)),"⚪","")))) | Q10: =IF(C10="","",C10&"_"&D10&"_"&E10) | R10: =IF(C10="","",IF(AND(F10<>"",M10<>"",N10<>"",H10<>"",I10<>"",J10<>"",O10<>"",P10<>""),"OK","INCOMPLETE")) | S10: =IF(C10="","",IF(R10="INCOMPLETE","Missing picks","Valid"))
M11: =IF(G11="","",TRIM(LEFT(G11,FIND(",",G11)-1))) | N11: =IF(G11="","",TRIM(MID(G11,FIND(",",G11)+1,100))) | O11: =IF(K11="","",IFERROR(TRIM(LEFT(SUBSTITUTE(TRIM(LEFT(K11,FIND(",",K11&",")-1)),"⚪",""),FIND(" (",SUBSTITUTE(TRIM(LEFT(K11,FIND(",",K11&",")-1)),"⚪","")&" (")-1)),TRIM(SUBSTITUTE(TRIM(LEFT(K11,FIND(",",K11&",")-1)),"⚪","")))) | P11: =IF(K11="","",IFERROR(TRIM(LEFT(SUBSTITUTE(TRIM(MID(K11,FIND(",",K11)+1,100)),"⚪",""),FIND(" (",SUBSTITUTE(TRIM(MID(K11,FIND(",",K11)+1,100)),"⚪","")&" (")-1)),TRIM(SUBSTITUTE(TRIM(MID(K11,FIND(",",K11)+1,100)),"⚪","")))) | Q11: =IF(C11="","",C11&"_"&D11&"_"&E11) | R11: =IF(C11="","",IF(AND(F11<>"",M11<>"",N11<>"",H11<>"",I11<>"",J11<>"",O11<>"",P11<>""),"OK","INCOMPLETE")) | S11: =IF(C11="","",IF(R11="INCOMPLETE","Missing picks","Valid"))
M12: =IF(G12="","",TRIM(LEFT(G12,FIND(",",G12)-1))) | N12: =IF(G12="","",TRIM(MID(G12,FIND(",",G12)+1,100))) | O12: =IF(K12="","",IFERROR(TRIM(LEFT(SUBSTITUTE(TRIM(LEFT(K12,FIND(",",K12&",")-1)),"⚪",""),FIND(" (",SUBSTITUTE(TRIM(LEFT(K12,FIND(",",K12&",")-1)),"⚪","")&" (")-1)),TRIM(SUBSTITUTE(TRIM(LEFT(K12,FIND(",",K12&",")-1)),"⚪","")))) | P12: =IF(K12="","",IFERROR(TRIM(LEFT(SUBSTITUTE(TRIM(MID(K12,FIND(",",K12)+1,100)),"⚪",""),FIND(" (",SUBSTITUTE(TRIM(MID(K12,FIND(",",K12)+1,100)),"⚪","")&" (")-1)),TRIM(SUBSTITUTE(TRIM(MID(K12,FIND(",",K12)+1,100)),"⚪","")))) | Q12: =IF(C12="","",C12&"_"&D12&"_"&E12) | R12: =IF(C12="","",IF(AND(F12<>"",M12<>"",N12<>"",H12<>"",I12<>"",J12<>"",O12<>"",P12<>""),"OK","INCOMPLETE")) | S12: =IF(C12="","",IF(R12="INCOMPLETE","Missing picks","Valid"))
M13: =IF(G13="","",TRIM(LEFT(G13,FIND(",",G13)-1))) | N13: =IF(G13="","",TRIM(MID(G13,FIND(",",G13)+1,100))) | O13: =IF(K13="","",IFERROR(TRIM(LEFT(SUBSTITUTE(TRIM(LEFT(K13,FIND(",",K13&",")-1)),"⚪",""),FIND(" (",SUBSTITUTE(TRIM(LEFT(K13,FIND(",",K13&",")-1)),"⚪","")&" (")-1)),TRIM(SUBSTITUTE(TRIM(LEFT(K13,FIND(",",K13&",")-1)),"⚪","")))) | P13: =IF(K13="","",IFERROR(TRIM(LEFT(SUBSTITUTE(TRIM(MID(K13,FIND(",",K13)+1,100)),"⚪",""),FIND(" (",SUBSTITUTE(TRIM(MID(K13,FIND(",",K13)+1,100)),"⚪","")&" (")-1)),TRIM(SUBSTITUTE(TRIM(MID(K13,FIND(",",K13)+1,100)),"⚪","")))) | Q13: =IF(C13="","",C13&"_"&D13&"_"&E13) | R13: =IF(C13="","",IF(AND(F13<>"",M13<>"",N13<>"",H13<>"",I13<>"",J13<>"",O13<>"",P13<>""),"OK","INCOMPLETE")) | S13: =IF(C13="","",IF(R13="INCOMPLETE","Missing picks","Valid"))
M14: =IF(G14="","",TRIM(LEFT(G14,FIND(",",G14)-1))) | N14: =IF(G14="","",TRIM(MID(G14,FIND(",",G14)+1,100))) | O14: =IF(K14="","",IFERROR(TRIM(LEFT(SUBSTITUTE(TRIM(LEFT(K14,FIND(",",K14&",")-1)),"⚪",""),FIND(" (",SUBSTITUTE(TRIM(LEFT(K14,FIND(",",K14&",")-1)),"⚪","")&" (")-1)),TRIM(SUBSTITUTE(TRIM(LEFT(K14,FIND(",",K14&",")-1)),"⚪","")))) | P14: =IF(K14="","",IFERROR(TRIM(LEFT(SUBSTITUTE(TRIM(MID(K14,FIND(",",K14)+1,100)),"⚪",""),FIND(" (",SUBSTITUTE(TRIM(MID(K14,FIND(",",K14)+1,100)),"⚪","")&" (")-1)),TRIM(SUBSTITUTE(TRIM(MID(K14,FIND(",",K14)+1,100)),"⚪","")))) | Q14: =IF(C14="","",C14&"_"&D14&"_"&E14) | R14: =IF(C14="","",IF(AND(F14<>"",M14<>"",N14<>"",H14<>"",I14<>"",J14<>"",O14<>"",P14<>""),"OK","INCOMPLETE")) | S14: =IF(C14="","",IF(R14="INCOMPLETE","Missing picks","Valid"))
... M51: =IF(G51="","",TRIM(LEFT(G51,FIND(",",G51)-1))) | N51: =IF(G51="","",TRIM(MID(G51,FIND(",",G51)+1,100))) | O51: =IF(K51="","",IFERROR(TRIM(LEFT(SUBSTITUTE(TRIM(LEFT(K51,FIND(",",K51&",")-1)),"⚪",""),FIND(" (",SUBSTITUTE(TRIM(LEFT(K51,FIND(",",K51&",")-1)),"⚪","")&" (")-1)),TRIM(SUBSTITUTE(TRIM(LEFT(K51,FIND(",",K51&",")-1)),"⚪","")))) | P51: =IF(K51="","",IFERROR(TRIM(LEFT(SUBSTITUTE(TRIM(MID(K51,FIND(",",K51)+1,100)),"⚪",""),FIND(" (",SUBSTITUTE(TRIM(MID(K51,FIND(",",K51)+1,100)),"⚪","")&" (")-1)),TRIM(SUBSTITUTE(TRIM(MID(K51,FIND(",",K51)+1,100)),"⚪","")))) | Q51: =IF(C51="","",C51&"_"&D51&"_"&E51) | R51: =IF(C51="","",IF(AND(F51<>"",M51<>"",N51<>"",H51<>"",I51<>"",J51<>"",O51<>"",P51<>""),"OK","INCOMPLETE")) | S51: =IF(C51="","",IF(R51="INCOMPLETE","Missing picks","Valid"))

Sheet Scores
A1: PlayerID | B1: DisplayName | C1: PickSlot | D1: Tier | E1: CountryName | F1: IOC | G1: Multiplier | H1: Gold | I1: Silver | J1: Bronze | K1: GoldPts | L1: SilverPts | M1: BronzePts | N1: TotalPts | O1: IsValid | P1: HasMedaled | Q1: MedalIndicator
A2: {=IFERROR(IF(INDEX(Entries!$C$2:$C$48,1)="","",INDEX(Entries!$Q$2:$Q$48,1)),"")} -> Brad_Hagstrom_Brad Hagstrom | B2: {=IF(A2="","",IFERROR(INDEX(Entries!$E$2:$E$48,1),""))} -> Brad Hagstrom | C2: =IF(A2="","","Tier1_Pick1") -> Tier1_Pick1 | D2: =IF(A2="","",1) -> 1 | E2: {=IF(A2="","",IFERROR(INDEX(Entries!$F$2:$F$48,1),""))} -> United States | F2: {=IF(E2="","",IFERROR(XLOOKUP(E2,Countries!$A$2:$A$72,Countries!$B$2:$B$72,"???"),"???"))} -> USA | G2: {=IF(E2="",0,IFERROR(XLOOKUP(E2,Countries!$A$2:$A$72,Countries!$E$2:$E$72,0),0))} -> 1 | H2: {=IF(E2="",0,IFERROR(XLOOKUP(E2,Medals!$B$2:$B$51,Medals!$D$2:$D$51,0),0))} -> 6 | I2: {=IF(E2="",0,IFERROR(XLOOKUP(E2,Medals!$B$2:$B$51,Medals!$E$2:$E$51,0),0))} -> 8 | J2: {=IF(E2="",0,IFERROR(XLOOKUP(E2,Medals!$B$2:$B$51,Medals!$F$2:$F$51,0),0))} -> 7 | K2: =H2*GoldPoints*G2 -> 18 | L2: =I2*SilverPoints*G2 -> 16 | M2: =J2*BronzePoints*G2 -> 7 | N2: =K2+L2+M2 -> 41 | O2: {=IF(E2="",FALSE,IFERROR(AND(ISNUMBER(MATCH(E2,Countries!$A$2:$A$72,0)),XLOOKUP(E2,Countries!$A$2:$A$72,Countries!$I$2:$I$72,FALSE)),FALSE))} -> TRUE | P2: {=IF(E2="",FALSE,IFERROR(XLOOKUP(E2,Countries!$A$2:$A$72,Countries!$G$2:$G$72,FALSE),FALSE))} -> TRUE | Q2: =IF(P2,"","⚪")
A3: {=IFERROR(IF(INDEX(Entries!$C$2:$C$48,1)="","",INDEX(Entries!$Q$2:$Q$48,1)),"")} -> Brad_Hagstrom_Brad Hagstrom | B3: {=IF(A3="","",IFERROR(INDEX(Entries!$E$2:$E$48,1),""))} -> Brad Hagstrom | C3: =IF(A3="","","Tier2_Pick1") -> Tier2_Pick1 | D3: =IF(A3="","",2) -> 2 | E3: {=IF(A3="","",IFERROR(INDEX(Entries!$M$2:$M$48,1),""))} -> France | F3: {=IF(E3="","",IFERROR(XLOOKUP(E3,Countries!$A$2:$A$72,Countries!$B$2:$B$72,"???"),"???"))} -> FRA | G3: {=IF(E3="",0,IFERROR(XLOOKUP(E3,Countries!$A$2:$A$72,Countries!$E$2:$E$72,0),0))} -> 2 | H3: {=IF(E3="",0,IFERROR(XLOOKUP(E3,Medals!$B$2:$B$51,Medals!$D$2:$D$51,0),0))} -> 3 | I3: {=IF(E3="",0,IFERROR(XLOOKUP(E3,Medals!$B$2:$B$51,Medals!$E$2:$E$51,0),0))} -> 4 | J3: {=IF(E3="",0,IFERROR(XLOOKUP(E3,Medals!$B$2:$B$51,Medals!$F$2:$F$51,0),0))} -> 2 | K3: =H3*GoldPoints*G3 -> 18 | L3: =I3*SilverPoints*G3 -> 16 | M3: =J3*BronzePoints*G3 -> 4 | N3: =K3+L3+M3 -> 38 | O3: {=IF(E3="",FALSE,IFERROR(AND(ISNUMBER(MATCH(E3,Countries!$A$2:$A$72,0)),XLOOKUP(E3,Countries!$A$2:$A$72,Countries!$I$2:$I$72,FALSE)),FALSE))} -> TRUE | P3: {=IF(E3="",FALSE,IFERROR(XLOOKUP(E3,Countries!$A$2:$A$72,Countries!$G$2:$G$72,FALSE),FALSE))} -> TRUE | Q3: =IF(P3,"","⚪")
A4: {=IFERROR(IF(INDEX(Entries!$C$2:$C$48,1)="","",INDEX(Entries!$Q$2:$Q$48,1)),"")} -> Brad_Hagstrom_Brad Hagstrom | B4: {=IF(A4="","",IFERROR(INDEX(Entries!$E$2:$E$48,1),""))} -> Brad Hagstrom | C4: =IF(A4="","","Tier2_Pick2") -> Tier2_Pick2 | D4: =IF(A4="","",2) -> 2 | E4: {=IF(A4="","",IFERROR(INDEX(Entries!$N$2:$N$48,1),""))} -> South Korea | F4: {=IF(E4="","",IFERROR(XLOOKUP(E4,Countries!$A$2:$A$72,Countries!$B$2:$B$72,"???"),"???"))} -> KOR | G4: {=IF(E4="",0,IFERROR(XLOOKUP(E4,Countries!$A$2:$A$72,Countries!$E$2:$E$72,0),0))} -> 2 | H4: {=IF(E4="",0,IFERROR(XLOOKUP(E4,Medals!$B$2:$B$51,Medals!$D$2:$D$51,0),0))} -> 2 | I4: {=IF(E4="",0,IFERROR(XLOOKUP(E4,Medals!$B$2:$B$51,Medals!$E$2:$E$51,0),0))} -> 3 | J4: {=IF(E4="",0,IFERROR(XLOOKUP(E4,Medals!$B$2:$B$51,Medals!$F$2:$F$51,0),0))} -> 2 | K4: =H4*GoldPoints*G4 -> 12 | L4: =I4*SilverPoints*G4 -> 12 | M4: =J4*BronzePoints*G4 -> 4 | N4: =K4+L4+M4 -> 28 | O4: {=IF(E4="",FALSE,IFERROR(AND(ISNUMBER(MATCH(E4,Countries!$A$2:$A$72,0)),XLOOKUP(E4,Countries!$A$2:$A$72,Countries!$I$2:$I$72,FALSE)),FALSE))} -> TRUE | P4: {=IF(E4="",FALSE,IFERROR(XLOOKUP(E4,Countries!$A$2:$A$72,Countries!$G$2:$G$72,FALSE),FALSE))} -> TRUE | Q4: =IF(P4,"","⚪")
A5: {=IFERROR(IF(INDEX(Entries!$C$2:$C$48,1)="","",INDEX(Entries!$Q$2:$Q$48,1)),"")} -> Brad_Hagstrom_Brad Hagstrom | B5: {=IF(A5="","",IFERROR(INDEX(Entries!$E$2:$E$48,1),""))} -> Brad Hagstrom | C5: =IF(A5="","","Tier3_Pick1") -> Tier3_Pick1 | D5: =IF(A5="","",3) -> 3 | E5: {=IF(A5="","",IFERROR(INDEX(Entries!$H$2:$H$48,1),""))} -> China | F5: {=IF(E5="","",IFERROR(XLOOKUP(E5,Countries!$A$2:$A$72,Countries!$B$2:$B$72,"???"),"???"))} -> CHN | G5: {=IF(E5="",0,IFERROR(XLOOKUP(E5,Countries!$A$2:$A$72,Countries!$E$2:$E$72,0),0))} -> 3 | H5: {=IF(E5="",0,IFERROR(XLOOKUP(E5,Medals!$B$2:$B$51,Medals!$D$2:$D$51,0),0))} -> 3 | I5: {=IF(E5="",0,IFERROR(XLOOKUP(E5,Medals!$B$2:$B$51,Medals!$E$2:$E$51,0),0))} -> 2 | J5: {=IF(E5="",0,IFERROR(XLOOKUP(E5,Medals!$B$2:$B$51,Medals!$F$2:$F$51,0),0))} -> 4 | K5: =H5*GoldPoints*G5 -> 27 | L5: =I5*SilverPoints*G5 -> 12 | M5: =J5*BronzePoints*G5 -> 12 | N5: =K5+L5+M5 -> 51 | O5: {=IF(E5="",FALSE,IFERROR(AND(ISNUMBER(MATCH(E5,Countries!$A$2:$A$72,0)),XLOOKUP(E5,Countries!$A$2:$A$72,Countries!$I$2:$I$72,FALSE)),FALSE))} -> TRUE | P5: {=IF(E5="",FALSE,IFERROR(XLOOKUP(E5,Countries!$A$2:$A$72,Countries!$G$2:$G$72,FALSE),FALSE))} -> TRUE | Q5: =IF(P5,"","⚪")
A6: {=IFERROR(IF(INDEX(Entries!$C$2:$C$48,1)="","",INDEX(Entries!$Q$2:$Q$48,1)),"")} -> Brad_Hagstrom_Brad Hagstrom | B6: {=IF(A6="","",IFERROR(INDEX(Entries!$E$2:$E$48,1),""))} -> Brad Hagstrom | C6: =IF(A6="","","Tier4_Pick1") -> Tier4_Pick1 | D6: =IF(A6="","",4) -> 4 | E6: {=IF(A6="","",IFERROR(INDEX(Entries!$I$2:$I$48,1),""))} -> Finland | F6: {=IF(E6="","",IFERROR(XLOOKUP(E6,Countries!$A$2:$A$72,Countries!$B$2:$B$72,"???"),"???"))} -> FIN | G6: {=IF(E6="",0,IFERROR(XLOOKUP(E6,Countries!$A$2:$A$72,Countries!$E$2:$E$72,0),0))} -> 6 | H6: {=IF(E6="",0,IFERROR(XLOOKUP(E6,Medals!$B$2:$B$51,Medals!$D$2:$D$51,0),0))} -> 2 | I6: {=IF(E6="",0,IFERROR(XLOOKUP(E6,Medals!$B$2:$B$51,Medals!$E$2:$E$51,0),0))} -> 2 | J6: {=IF(E6="",0,IFERROR(XLOOKUP(E6,Medals!$B$2:$B$51,Medals!$F$2:$F$51,0),0))} -> 3 | K6: =H6*GoldPoints*G6 -> 36 | L6: =I6*SilverPoints*G6 -> 24 | M6: =J6*BronzePoints*G6 -> 18 | N6: =K6+L6+M6 -> 78 | O6: {=IF(E6="",FALSE,IFERROR(AND(ISNUMBER(MATCH(E6,Countries!$A$2:$A$72,0)),XLOOKUP(E6,Countries!$A$2:$A$72,Countries!$I$2:$I$72,FALSE)),FALSE))} -> TRUE | P6: {=IF(E6="",FALSE,IFERROR(XLOOKUP(E6,Countries!$A$2:$A$72,Countries!$G$2:$G$72,FALSE),FALSE))} -> TRUE | Q6: =IF(P6,"","⚪")
A7: {=IFERROR(IF(INDEX(Entries!$C$2:$C$48,1)="","",INDEX(Entries!$Q$2:$Q$48,1)),"")} -> Brad_Hagstrom_Brad Hagstrom | B7: {=IF(A7="","",IFERROR(INDEX(Entries!$E$2:$E$48,1),""))} -> Brad Hagstrom | C7: =IF(A7="","","Tier5_Pick1") -> Tier5_Pick1 | D7: =IF(A7="","",5) -> 5 | E7: {=IF(A7="","",IFERROR(INDEX(Entries!$J$2:$J$48,1),""))} -> Great Britain | F7: {=IF(E7="","",IFERROR(XLOOKUP(E7,Countries!$A$2:$A$72,Countries!$B$2:$B$72,"???"),"???"))} -> GBR | G7: {=IF(E7="",0,IFERROR(XLOOKUP(E7,Countries!$A$2:$A$72,Countries!$E$2:$E$72,0),0))} -> 10 | H7: {=IF(E7="",0,IFERROR(XLOOKUP(E7,Medals!$B$2:$B$51,Medals!$D$2:$D$51,0),0))} -> 1 | I7: {=IF(E7="",0,IFERROR(XLOOKUP(E7,Medals!$B$2:$B$51,Medals!$E$2:$E$51,0),0))} -> 1 | J7: {=IF(E7="",0,IFERROR(XLOOKUP(E7,Medals!$B$2:$B$51,Medals!$F$2:$F$51,0),0))} -> 1 | K7: =H7*GoldPoints*G7 -> 30 | L7: =I7*SilverPoints*G7 -> 20 | M7: =J7*BronzePoints*G7 -> 10 | N7: =K7+L7+M7 -> 60 | O7: {=IF(E7="",FALSE,IFERROR(AND(ISNUMBER(MATCH(E7,Countries!$A$2:$A$72,0)),XLOOKUP(E7,Countries!$A$2:$A$72,Countries!$I$2:$I$72,FALSE)),FALSE))} -> TRUE | P7: {=IF(E7="",FALSE,IFERROR(XLOOKUP(E7,Countries!$A$2:$A$72,Countries!$G$2:$G$72,FALSE),FALSE))} -> TRUE | Q7: =IF(P7,"","⚪")
A8: {=IFERROR(IF(INDEX(Entries!$C$2:$C$48,1)="","",INDEX(Entries!$Q$2:$Q$48,1)),"")} -> Brad_Hagstrom_Brad Hagstrom | B8: {=IF(A8="","",IFERROR(INDEX(Entries!$E$2:$E$48,1),""))} -> Brad Hagstrom | C8: =IF(A8="","","Tier6_Pick1") -> Tier6_Pick1 | D8: =IF(A8="","",6) -> 6 | E8: {=IF(A8="","",IFERROR(INDEX(Entries!$O$2:$O$48,1),""))} -> Belgium | F8: {=IF(E8="","",IFERROR(XLOOKUP(E8,Countries!$A$2:$A$72,Countries!$B$2:$B$72,"???"),"???"))} -> BEL | G8: {=IF(E8="",0,IFERROR(XLOOKUP(E8,Countries!$A$2:$A$72,Countries!$E$2:$E$72,0),0))} -> 20 | H8: {=IF(E8="",0,IFERROR(XLOOKUP(E8,Medals!$B$2:$B$51,Medals!$D$2:$D$51,0),0))} -> 0 | I8: {=IF(E8="",0,IFERROR(XLOOKUP(E8,Medals!$B$2:$B$51,Medals!$E$2:$E$51,0),0))} -> 0 | J8: {=IF(E8="",0,IFERROR(XLOOKUP(E8,Medals!$B$2:$B$51,Medals!$F$2:$F$51,0),0))} -> 0 | K8: =H8*GoldPoints*G8 -> 0 | L8: =I8*SilverPoints*G8 -> 0 | M8: =J8*BronzePoints*G8 -> 0 | N8: =K8+L8+M8 -> 0 | O8: {=IF(E8="",FALSE,IFERROR(AND(ISNUMBER(MATCH(E8,Countries!$A$2:$A$72,0)),XLOOKUP(E8,Countries!$A$2:$A$72,Countries!$I$2:$I$72,FALSE)),FALSE))} -> TRUE | P8: {=IF(E8="",FALSE,IFERROR(XLOOKUP(E8,Countries!$A$2:$A$72,Countries!$G$2:$G$72,FALSE),FALSE))} -> TRUE | Q8: =IF(P8,"","⚪")
A9: {=IFERROR(IF(INDEX(Entries!$C$2:$C$48,1)="","",INDEX(Entries!$Q$2:$Q$48,1)),"")} -> Brad_Hagstrom_Brad Hagstrom | B9: {=IF(A9="","",IFERROR(INDEX(Entries!$E$2:$E$48,1),""))} -> Brad Hagstrom | C9: =IF(A9="","","Tier6_Pick2") -> Tier6_Pick2 | D9: =IF(A9="","",6) -> 6 | E9: {=IF(A9="","",IFERROR(INDEX(Entries!$P$2:$P$48,1),""))} -> âšª Benin | F9: {=IF(E9="","",IFERROR(XLOOKUP(E9,Countries!$A$2:$A$72,Countries!$B$2:$B$72,"???"),"???"))} -> ??? | G9: {=IF(E9="",0,IFERROR(XLOOKUP(E9,Countries!$A$2:$A$72,Countries!$E$2:$E$72,0),0))} -> 0 | H9: {=IF(E9="",0,IFERROR(XLOOKUP(E9,Medals!$B$2:$B$51,Medals!$D$2:$D$51,0),0))} -> 0 | I9: {=IF(E9="",0,IFERROR(XLOOKUP(E9,Medals!$B$2:$B$51,Medals!$E$2:$E$51,0),0))} -> 0 | J9: {=IF(E9="",0,IFERROR(XLOOKUP(E9,Medals!$B$2:$B$51,Medals!$F$2:$F$51,0),0))} -> 0 | K9: =H9*GoldPoints*G9 -> 0 | L9: =I9*SilverPoints*G9 -> 0 | M9: =J9*BronzePoints*G9 -> 0 | N9: =K9+L9+M9 -> 0 | O9: {=IF(E9="",FALSE,IFERROR(AND(ISNUMBER(MATCH(E9,Countries!$A$2:$A$72,0)),XLOOKUP(E9,Countries!$A$2:$A$72,Countries!$I$2:$I$72,FALSE)),FALSE))} -> FALSE | P9: {=IF(E9="",FALSE,IFERROR(XLOOKUP(E9,Countries!$A$2:$A$72,Countries!$G$2:$G$72,FALSE),FALSE))} -> FALSE | Q9: =IF(P9,"","⚪") -> ⚪
A10: {=IFERROR(IF(INDEX(Entries!$C$2:$C$48,2)="","",INDEX(Entries!$Q$2:$Q$48,2)),"")} | B10: {=IF(A10="","",IFERROR(INDEX(Entries!$E$2:$E$48,2),""))} | C10: =IF(A10="","","Tier1_Pick1") | D10: =IF(A10="","",1) | E10: {=IF(A10="","",IFERROR(INDEX(Entries!$F$2:$F$48,2),""))} | F10: {=IF(E10="","",IFERROR(XLOOKUP(E10,Countries!$A$2:$A$72,Countries!$B$2:$B$72,"???"),"???"))} | G10: {=IF(E10="",0,IFERROR(XLOOKUP(E10,Countries!$A$2:$A$72,Countries!$E$2:$E$72,0),0))} -> 0 | H10: {=IF(E10="",0,IFERROR(XLOOKUP(E10,Medals!$B$2:$B$51,Medals!$D$2:$D$51,0),0))} -> 0 | I10: {=IF(E10="",0,IFERROR(XLOOKUP(E10,Medals!$B$2:$B$51,Medals!$E$2:$E$51,0),0))} -> 0 | J10: {=IF(E10="",0,IFERROR(XLOOKUP(E10,Medals!$B$2:$B$51,Medals!$F$2:$F$51,0),0))} -> 0 | K10: =H10*GoldPoints*G10 -> 0 | L10: =I10*SilverPoints*G10 -> 0 | M10: =J10*BronzePoints*G10 -> 0 | N10: =K10+L10+M10 -> 0 | O10: {=IF(E10="",FALSE,IFERROR(AND(ISNUMBER(MATCH(E10,Countries!$A$2:$A$72,0)),XLOOKUP(E10,Countries!$A$2:$A$72,Countries!$I$2:$I$72,FALSE)),FALSE))} -> FALSE | P10: {=IF(E10="",FALSE,IFERROR(XLOOKUP(E10,Countries!$A$2:$A$72,Countries!$G$2:$G$72,FALSE),FALSE))} -> FALSE | Q10: =IF(P10,"","⚪") -> ⚪
A11: {=IFERROR(IF(INDEX(Entries!$C$2:$C$48,2)="","",INDEX(Entries!$Q$2:$Q$48,2)),"")} | B11: {=IF(A11="","",IFERROR(INDEX(Entries!$E$2:$E$48,2),""))} | C11: =IF(A11="","","Tier2_Pick1") | D11: =IF(A11="","",2) | E11: {=IF(A11="","",IFERROR(INDEX(Entries!$M$2:$M$48,2),""))} | F11: {=IF(E11="","",IFERROR(XLOOKUP(E11,Countries!$A$2:$A$72,Countries!$B$2:$B$72,"???"),"???"))} | G11: {=IF(E11="",0,IFERROR(XLOOKUP(E11,Countries!$A$2:$A$72,Countries!$E$2:$E$72,0),0))} -> 0 | H11: {=IF(E11="",0,IFERROR(XLOOKUP(E11,Medals!$B$2:$B$51,Medals!$D$2:$D$51,0),0))} -> 0 | I11: {=IF(E11="",0,IFERROR(XLOOKUP(E11,Medals!$B$2:$B$51,Medals!$E$2:$E$51,0),0))} -> 0 | J11: {=IF(E11="",0,IFERROR(XLOOKUP(E11,Medals!$B$2:$B$51,Medals!$F$2:$F$51,0),0))} -> 0 | K11: =H11*GoldPoints*G11 -> 0 | L11: =I11*SilverPoints*G11 -> 0 | M11: =J11*BronzePoints*G11 -> 0 | N11: =K11+L11+M11 -> 0 | O11: {=IF(E11="",FALSE,IFERROR(AND(ISNUMBER(MATCH(E11,Countries!$A$2:$A$72,0)),XLOOKUP(E11,Countries!$A$2:$A$72,Countries!$I$2:$I$72,FALSE)),FALSE))} -> FALSE | P11: {=IF(E11="",FALSE,IFERROR(XLOOKUP(E11,Countries!$A$2:$A$72,Countries!$G$2:$G$72,FALSE),FALSE))} -> FALSE | Q11: =IF(P11,"","⚪") -> ⚪
A12: {=IFERROR(IF(INDEX(Entries!$C$2:$C$48,2)="","",INDEX(Entries!$Q$2:$Q$48,2)),"")} | B12: {=IF(A12="","",IFERROR(INDEX(Entries!$E$2:$E$48,2),""))} | C12: =IF(A12="","","Tier2_Pick2") | D12: =IF(A12="","",2) | E12: {=IF(A12="","",IFERROR(INDEX(Entries!$N$2:$N$48,2),""))} | F12: {=IF(E12="","",IFERROR(XLOOKUP(E12,Countries!$A$2:$A$72,Countries!$B$2:$B$72,"???"),"???"))} | G12: {=IF(E12="",0,IFERROR(XLOOKUP(E12,Countries!$A$2:$A$72,Countries!$E$2:$E$72,0),0))} -> 0 | H12: {=IF(E12="",0,IFERROR(XLOOKUP(E12,Medals!$B$2:$B$51,Medals!$D$2:$D$51,0),0))} -> 0 | I12: {=IF(E12="",0,IFERROR(XLOOKUP(E12,Medals!$B$2:$B$51,Medals!$E$2:$E$51,0),0))} -> 0 | J12: {=IF(E12="",0,IFERROR(XLOOKUP(E12,Medals!$B$2:$B$51,Medals!$F$2:$F$51,0),0))} -> 0 | K12: =H12*GoldPoints*G12 -> 0 | L12: =I12*SilverPoints*G12 -> 0 | M12: =J12*BronzePoints*G12 -> 0 | N12: =K12+L12+M12 -> 0 | O12: {=IF(E12="",FALSE,IFERROR(AND(ISNUMBER(MATCH(E12,Countries!$A$2:$A$72,0)),XLOOKUP(E12,Countries!$A$2:$A$72,Countries!$I$2:$I$72,FALSE)),FALSE))} -> FALSE | P12: {=IF(E12="",FALSE,IFERROR(XLOOKUP(E12,Countries!$A$2:$A$72,Countries!$G$2:$G$72,FALSE),FALSE))} -> FALSE | Q12: =IF(P12,"","⚪") -> ⚪
A13: {=IFERROR(IF(INDEX(Entries!$C$2:$C$48,2)="","",INDEX(Entries!$Q$2:$Q$48,2)),"")} | B13: {=IF(A13="","",IFERROR(INDEX(Entries!$E$2:$E$48,2),""))} | C13: =IF(A13="","","Tier3_Pick1") | D13: =IF(A13="","",3) | E13: {=IF(A13="","",IFERROR(INDEX(Entries!$H$2:$H$48,2),""))} | F13: {=IF(E13="","",IFERROR(XLOOKUP(E13,Countries!$A$2:$A$72,Countries!$B$2:$B$72,"???"),"???"))} | G13: {=IF(E13="",0,IFERROR(XLOOKUP(E13,Countries!$A$2:$A$72,Countries!$E$2:$E$72,0),0))} -> 0 | H13: {=IF(E13="",0,IFERROR(XLOOKUP(E13,Medals!$B$2:$B$51,Medals!$D$2:$D$51,0),0))} -> 0 | I13: {=IF(E13="",0,IFERROR(XLOOKUP(E13,Medals!$B$2:$B$51,Medals!$E$2:$E$51,0),0))} -> 0 | J13: {=IF(E13="",0,IFERROR(XLOOKUP(E13,Medals!$B$2:$B$51,Medals!$F$2:$F$51,0),0))} -> 0 | K13: =H13*GoldPoints*G13 -> 0 | L13: =I13*SilverPoints*G13 -> 0 | M13: =J13*BronzePoints*G13 -> 0 | N13: =K13+L13+M13 -> 0 | O13: {=IF(E13="",FALSE,IFERROR(AND(ISNUMBER(MATCH(E13,Countries!$A$2:$A$72,0)),XLOOKUP(E13,Countries!$A$2:$A$72,Countries!$I$2:$I$72,FALSE)),FALSE))} -> FALSE | P13: {=IF(E13="",FALSE,IFERROR(XLOOKUP(E13,Countries!$A$2:$A$72,Countries!$G$2:$G$72,FALSE),FALSE))} -> FALSE | Q13: =IF(P13,"","⚪") -> ⚪
A14: {=IFERROR(IF(INDEX(Entries!$C$2:$C$48,2)="","",INDEX(Entries!$Q$2:$Q$48,2)),"")} | B14: {=IF(A14="","",IFERROR(INDEX(Entries!$E$2:$E$48,2),""))} | C14: =IF(A14="","","Tier4_Pick1") | D14: =IF(A14="","",4) | E14: {=IF(A14="","",IFERROR(INDEX(Entries!$I$2:$I$48,2),""))} | F14: {=IF(E14="","",IFERROR(XLOOKUP(E14,Countries!$A$2:$A$72,Countries!$B$2:$B$72,"???"),"???"))} | G14: {=IF(E14="",0,IFERROR(XLOOKUP(E14,Countries!$A$2:$A$72,Countries!$E$2:$E$72,0),0))} -> 0 | H14: {=IF(E14="",0,IFERROR(XLOOKUP(E14,Medals!$B$2:$B$51,Medals!$D$2:$D$51,0),0))} -> 0 | I14: {=IF(E14="",0,IFERROR(XLOOKUP(E14,Medals!$B$2:$B$51,Medals!$E$2:$E$51,0),0))} -> 0 | J14: {=IF(E14="",0,IFERROR(XLOOKUP(E14,Medals!$B$2:$B$51,Medals!$F$2:$F$51,0),0))} -> 0 | K14: =H14*GoldPoints*G14 -> 0 | L14: =I14*SilverPoints*G14 -> 0 | M14: =J14*BronzePoints*G14 -> 0 | N14: =K14+L14+M14 -> 0 | O14: {=IF(E14="",FALSE,IFERROR(AND(ISNUMBER(MATCH(E14,Countries!$A$2:$A$72,0)),XLOOKUP(E14,Countries!$A$2:$A$72,Countries!$I$2:$I$72,FALSE)),FALSE))} -> FALSE | P14: {=IF(E14="",FALSE,IFERROR(XLOOKUP(E14,Countries!$A$2:$A$72,Countries!$G$2:$G$72,FALSE),FALSE))} -> FALSE | Q14: =IF(P14,"","⚪") -> ⚪
A15: {=IFERROR(IF(INDEX(Entries!$C$2:$C$48,2)="","",INDEX(Entries!$Q$2:$Q$48,2)),"")} | B15: {=IF(A15="","",IFERROR(INDEX(Entries!$E$2:$E$48,2),""))} | C15: =IF(A15="","","Tier5_Pick1") | D15: =IF(A15="","",5) | E15: {=IF(A15="","",IFERROR(INDEX(Entries!$J$2:$J$48,2),""))} | F15: {=IF(E15="","",IFERROR(XLOOKUP(E15,Countries!$A$2:$A$72,Countries!$B$2:$B$72,"???"),"???"))} | G15: {=IF(E15="",0,IFERROR(XLOOKUP(E15,Countries!$A$2:$A$72,Countries!$E$2:$E$72,0),0))} -> 0 | H15: {=IF(E15="",0,IFERROR(XLOOKUP(E15,Medals!$B$2:$B$51,Medals!$D$2:$D$51,0),0))} -> 0 | I15: {=IF(E15="",0,IFERROR(XLOOKUP(E15,Medals!$B$2:$B$51,Medals!$E$2:$E$51,0),0))} -> 0 | J15: {=IF(E15="",0,IFERROR(XLOOKUP(E15,Medals!$B$2:$B$51,Medals!$F$2:$F$51,0),0))} -> 0 | K15: =H15*GoldPoints*G15 -> 0 | L15: =I15*SilverPoints*G15 -> 0 | M15: =J15*BronzePoints*G15 -> 0 | N15: =K15+L15+M15 -> 0 | O15: {=IF(E15="",FALSE,IFERROR(AND(ISNUMBER(MATCH(E15,Countries!$A$2:$A$72,0)),XLOOKUP(E15,Countries!$A$2:$A$72,Countries!$I$2:$I$72,FALSE)),FALSE))} -> FALSE | P15: {=IF(E15="",FALSE,IFERROR(XLOOKUP(E15,Countries!$A$2:$A$72,Countries!$G$2:$G$72,FALSE),FALSE))} -> FALSE | Q15: =IF(P15,"","⚪") -> ⚪
A16: {=IFERROR(IF(INDEX(Entries!$C$2:$C$48,2)="","",INDEX(Entries!$Q$2:$Q$48,2)),"")} | B16: {=IF(A16="","",IFERROR(INDEX(Entries!$E$2:$E$48,2),""))} | C16: =IF(A16="","","Tier6_Pick1") | D16: =IF(A16="","",6) | E16: {=IF(A16="","",IFERROR(INDEX(Entries!$O$2:$O$48,2),""))} | F16: {=IF(E16="","",IFERROR(XLOOKUP(E16,Countries!$A$2:$A$72,Countries!$B$2:$B$72,"???"),"???"))} | G16: {=IF(E16="",0,IFERROR(XLOOKUP(E16,Countries!$A$2:$A$72,Countries!$E$2:$E$72,0),0))} -> 0 | H16: {=IF(E16="",0,IFERROR(XLOOKUP(E16,Medals!$B$2:$B$51,Medals!$D$2:$D$51,0),0))} -> 0 | I16: {=IF(E16="",0,IFERROR(XLOOKUP(E16,Medals!$B$2:$B$51,Medals!$E$2:$E$51,0),0))} -> 0 | J16: {=IF(E16="",0,IFERROR(XLOOKUP(E16,Medals!$B$2:$B$51,Medals!$F$2:$F$51,0),0))} -> 0 | K16: =H16*GoldPoints*G16 -> 0 | L16: =I16*SilverPoints*G16 -> 0 | M16: =J16*BronzePoints*G16 -> 0 | N16: =K16+L16+M16 -> 0 | O16: {=IF(E16="",FALSE,IFERROR(AND(ISNUMBER(MATCH(E16,Countries!$A$2:$A$72,0)),XLOOKUP(E16,Countries!$A$2:$A$72,Countries!$I$2:$I$72,FALSE)),FALSE))} -> FALSE | P16: {=IF(E16="",FALSE,IFERROR(XLOOKUP(E16,Countries!$A$2:$A$72,Countries!$G$2:$G$72,FALSE),FALSE))} -> FALSE | Q16: =IF(P16,"","⚪") -> ⚪
A17: {=IFERROR(IF(INDEX(Entries!$C$2:$C$48,2)="","",INDEX(Entries!$Q$2:$Q$48,2)),"")} | B17: {=IF(A17="","",IFERROR(INDEX(Entries!$E$2:$E$48,2),""))} | C17: =IF(A17="","","Tier6_Pick2") | D17: =IF(A17="","",6) | E17: {=IF(A17="","",IFERROR(INDEX(Entries!$P$2:$P$48,2),""))} | F17: {=IF(E17="","",IFERROR(XLOOKUP(E17,Countries!$A$2:$A$72,Countries!$B$2:$B$72,"???"),"???"))} | G17: {=IF(E17="",0,IFERROR(XLOOKUP(E17,Countries!$A$2:$A$72,Countries!$E$2:$E$72,0),0))} -> 0 | H17: {=IF(E17="",0,IFERROR(XLOOKUP(E17,Medals!$B$2:$B$51,Medals!$D$2:$D$51,0),0))} -> 0 | I17: {=IF(E17="",0,IFERROR(XLOOKUP(E17,Medals!$B$2:$B$51,Medals!$E$2:$E$51,0),0))} -> 0 | J17: {=IF(E17="",0,IFERROR(XLOOKUP(E17,Medals!$B$2:$B$51,Medals!$F$2:$F$51,0),0))} -> 0 | K17: =H17*GoldPoints*G17 -> 0 | L17: =I17*SilverPoints*G17 -> 0 | M17: =J17*BronzePoints*G17 -> 0 | N17: =K17+L17+M17 -> 0 | O17: {=IF(E17="",FALSE,IFERROR(AND(ISNUMBER(MATCH(E17,Countries!$A$2:$A$72,0)),XLOOKUP(E17,Countries!$A$2:$A$72,Countries!$I$2:$I$72,FALSE)),FALSE))} -> FALSE | P17: {=IF(E17="",FALSE,IFERROR(XLOOKUP(E17,Countries!$A$2:$A$72,Countries!$G$2:$G$72,FALSE),FALSE))} -> FALSE | Q17: =IF(P17,"","⚪") -> ⚪
A18: {=IFERROR(IF(INDEX(Entries!$C$2:$C$48,3)="","",INDEX(Entries!$Q$2:$Q$48,3)),"")} | B18: {=IF(A18="","",IFERROR(INDEX(Entries!$E$2:$E$48,3),""))} | C18: =IF(A18="","","Tier1_Pick1") | D18: =IF(A18="","",1) | E18: {=IF(A18="","",IFERROR(INDEX(Entries!$F$2:$F$48,3),""))} | F18: {=IF(E18="","",IFERROR(XLOOKUP(E18,Countries!$A$2:$A$72,Countries!$B$2:$B$72,"???"),"???"))} | G18: {=IF(E18="",0,IFERROR(XLOOKUP(E18,Countries!$A$2:$A$72,Countries!$E$2:$E$72,0),0))} -> 0 | H18: {=IF(E18="",0,IFERROR(XLOOKUP(E18,Medals!$B$2:$B$51,Medals!$D$2:$D$51,0),0))} -> 0 | I18: {=IF(E18="",0,IFERROR(XLOOKUP(E18,Medals!$B$2:$B$51,Medals!$E$2:$E$51,0),0))} -> 0 | J18: {=IF(E18="",0,IFERROR(XLOOKUP(E18,Medals!$B$2:$B$51,Medals!$F$2:$F$51,0),0))} -> 0 | K18: =H18*GoldPoints*G18 -> 0 | L18: =I18*SilverPoints*G18 -> 0 | M18: =J18*BronzePoints*G18 -> 0 | N18: =K18+L18+M18 -> 0 | O18: {=IF(E18="",FALSE,IFERROR(AND(ISNUMBER(MATCH(E18,Countries!$A$2:$A$72,0)),XLOOKUP(E18,Countries!$A$2:$A$72,Countries!$I$2:$I$72,FALSE)),FALSE))} -> FALSE | P18: {=IF(E18="",FALSE,IFERROR(XLOOKUP(E18,Countries!$A$2:$A$72,Countries!$G$2:$G$72,FALSE),FALSE))} -> FALSE | Q18: =IF(P18,"","⚪") -> ⚪
A19: {=IFERROR(IF(INDEX(Entries!$C$2:$C$48,3)="","",INDEX(Entries!$Q$2:$Q$48,3)),"")} | B19: {=IF(A19="","",IFERROR(INDEX(Entries!$E$2:$E$48,3),""))} | C19: =IF(A19="","","Tier2_Pick1") | D19: =IF(A19="","",2) | E19: {=IF(A19="","",IFERROR(INDEX(Entries!$M$2:$M$48,3),""))} | F19: {=IF(E19="","",IFERROR(XLOOKUP(E19,Countries!$A$2:$A$72,Countries!$B$2:$B$72,"???"),"???"))} | G19: {=IF(E19="",0,IFERROR(XLOOKUP(E19,Countries!$A$2:$A$72,Countries!$E$2:$E$72,0),0))} -> 0 | H19: {=IF(E19="",0,IFERROR(XLOOKUP(E19,Medals!$B$2:$B$51,Medals!$D$2:$D$51,0),0))} -> 0 | I19: {=IF(E19="",0,IFERROR(XLOOKUP(E19,Medals!$B$2:$B$51,Medals!$E$2:$E$51,0),0))} -> 0 | J19: {=IF(E19="",0,IFERROR(XLOOKUP(E19,Medals!$B$2:$B$51,Medals!$F$2:$F$51,0),0))} -> 0 | K19: =H19*GoldPoints*G19 -> 0 | L19: =I19*SilverPoints*G19 -> 0 | M19: =J19*BronzePoints*G19 -> 0 | N19: =K19+L19+M19 -> 0 | O19: {=IF(E19="",FALSE,IFERROR(AND(ISNUMBER(MATCH(E19,Countries!$A$2:$A$72,0)),XLOOKUP(E19,Countries!$A$2:$A$72,Countries!$I$2:$I$72,FALSE)),FALSE))} -> FALSE | P19: {=IF(E19="",FALSE,IFERROR(XLOOKUP(E19,Countries!$A$2:$A$72,Countries!$G$2:$G$72,FALSE),FALSE))} -> FALSE | Q19: =IF(P19,"","⚪") -> ⚪
A20: {=IFERROR(IF(INDEX(Entries!$C$2:$C$48,3)="","",INDEX(Entries!$Q$2:$Q$48,3)),"")} | B20: {=IF(A20="","",IFERROR(INDEX(Entries!$E$2:$E$48,3),""))} | C20: =IF(A20="","","Tier2_Pick2") | D20: =IF(A20="","",2) | E20: {=IF(A20="","",IFERROR(INDEX(Entries!$N$2:$N$48,3),""))} | F20: {=IF(E20="","",IFERROR(XLOOKUP(E20,Countries!$A$2:$A$72,Countries!$B$2:$B$72,"???"),"???"))} | G20: {=IF(E20="",0,IFERROR(XLOOKUP(E20,Countries!$A$2:$A$72,Countries!$E$2:$E$72,0),0))} -> 0 | H20: {=IF(E20="",0,IFERROR(XLOOKUP(E20,Medals!$B$2:$B$51,Medals!$D$2:$D$51,0),0))} -> 0 | I20: {=IF(E20="",0,IFERROR(XLOOKUP(E20,Medals!$B$2:$B$51,Medals!$E$2:$E$51,0),0))} -> 0 | J20: {=IF(E20="",0,IFERROR(XLOOKUP(E20,Medals!$B$2:$B$51,Medals!$F$2:$F$51,0),0))} -> 0 | K20: =H20*GoldPoints*G20 -> 0 | L20: =I20*SilverPoints*G20 -> 0 | M20: =J20*BronzePoints*G20 -> 0 | N20: =K20+L20+M20 -> 0 | O20: {=IF(E20="",FALSE,IFERROR(AND(ISNUMBER(MATCH(E20,Countries!$A$2:$A$72,0)),XLOOKUP(E20,Countries!$A$2:$A$72,Countries!$I$2:$I$72,FALSE)),FALSE))} -> FALSE | P20: {=IF(E20="",FALSE,IFERROR(XLOOKUP(E20,Countries!$A$2:$A$72,Countries!$G$2:$G$72,FALSE),FALSE))} -> FALSE | Q20: =IF(P20,"","⚪") -> ⚪
A21: {=IFERROR(IF(INDEX(Entries!$C$2:$C$48,3)="","",INDEX(Entries!$Q$2:$Q$48,3)),"")} | B21: {=IF(A21="","",IFERROR(INDEX(Entries!$E$2:$E$48,3),""))} | C21: =IF(A21="","","Tier3_Pick1") | D21: =IF(A21="","",3) | E21: {=IF(A21="","",IFERROR(INDEX(Entries!$H$2:$H$48,3),""))} | F21: {=IF(E21="","",IFERROR(XLOOKUP(E21,Countries!$A$2:$A$72,Countries!$B$2:$B$72,"???"),"???"))} | G21: {=IF(E21="",0,IFERROR(XLOOKUP(E21,Countries!$A$2:$A$72,Countries!$E$2:$E$72,0),0))} -> 0 | H21: {=IF(E21="",0,IFERROR(XLOOKUP(E21,Medals!$B$2:$B$51,Medals!$D$2:$D$51,0),0))} -> 0 | I21: {=IF(E21="",0,IFERROR(XLOOKUP(E21,Medals!$B$2:$B$51,Medals!$E$2:$E$51,0),0))} -> 0 | J21: {=IF(E21="",0,IFERROR(XLOOKUP(E21,Medals!$B$2:$B$51,Medals!$F$2:$F$51,0),0))} -> 0 | K21: =H21*GoldPoints*G21 -> 0 | L21: =I21*SilverPoints*G21 -> 0 | M21: =J21*BronzePoints*G21 -> 0 | N21: =K21+L21+M21 -> 0 | O21: {=IF(E21="",FALSE,IFERROR(AND(ISNUMBER(MATCH(E21,Countries!$A$2:$A$72,0)),XLOOKUP(E21,Countries!$A$2:$A$72,Countries!$I$2:$I$72,FALSE)),FALSE))} -> FALSE | P21: {=IF(E21="",FALSE,IFERROR(XLOOKUP(E21,Countries!$A$2:$A$72,Countries!$G$2:$G$72,FALSE),FALSE))} -> FALSE | Q21: =IF(P21,"","⚪") -> ⚪
A22: {=IFERROR(IF(INDEX(Entries!$C$2:$C$48,3)="","",INDEX(Entries!$Q$2:$Q$48,3)),"")} | B22: {=IF(A22="","",IFERROR(INDEX(Entries!$E$2:$E$48,3),""))} | C22: =IF(A22="","","Tier4_Pick1") | D22: =IF(A22="","",4) | E22: {=IF(A22="","",IFERROR(INDEX(Entries!$I$2:$I$48,3),""))} | F22: {=IF(E22="","",IFERROR(XLOOKUP(E22,Countries!$A$2:$A$72,Countries!$B$2:$B$72,"???"),"???"))} | G22: {=IF(E22="",0,IFERROR(XLOOKUP(E22,Countries!$A$2:$A$72,Countries!$E$2:$E$72,0),0))} -> 0 | H22: {=IF(E22="",0,IFERROR(XLOOKUP(E22,Medals!$B$2:$B$51,Medals!$D$2:$D$51,0),0))} -> 0 | I22: {=IF(E22="",0,IFERROR(XLOOKUP(E22,Medals!$B$2:$B$51,Medals!$E$2:$E$51,0),0))} -> 0 | J22: {=IF(E22="",0,IFERROR(XLOOKUP(E22,Medals!$B$2:$B$51,Medals!$F$2:$F$51,0),0))} -> 0 | K22: =H22*GoldPoints*G22 -> 0 | L22: =I22*SilverPoints*G22 -> 0 | M22: =J22*BronzePoints*G22 -> 0 | N22: =K22+L22+M22 -> 0 | O22: {=IF(E22="",FALSE,IFERROR(AND(ISNUMBER(MATCH(E22,Countries!$A$2:$A$72,0)),XLOOKUP(E22,Countries!$A$2:$A$72,Countries!$I$2:$I$72,FALSE)),FALSE))} -> FALSE | P22: {=IF(E22="",FALSE,IFERROR(XLOOKUP(E22,Countries!$A$2:$A$72,Countries!$G$2:$G$72,FALSE),FALSE))} -> FALSE | Q22: =IF(P22,"","⚪") -> ⚪
A23: {=IFERROR(IF(INDEX(Entries!$C$2:$C$48,3)="","",INDEX(Entries!$Q$2:$Q$48,3)),"")} | B23: {=IF(A23="","",IFERROR(INDEX(Entries!$E$2:$E$48,3),""))} | C23: =IF(A23="","","Tier5_Pick1") | D23: =IF(A23="","",5) | E23: {=IF(A23="","",IFERROR(INDEX(Entries!$J$2:$J$48,3),""))} | F23: {=IF(E23="","",IFERROR(XLOOKUP(E23,Countries!$A$2:$A$72,Countries!$B$2:$B$72,"???"),"???"))} | G23: {=IF(E23="",0,IFERROR(XLOOKUP(E23,Countries!$A$2:$A$72,Countries!$E$2:$E$72,0),0))} -> 0 | H23: {=IF(E23="",0,IFERROR(XLOOKUP(E23,Medals!$B$2:$B$51,Medals!$D$2:$D$51,0),0))} -> 0 | I23: {=IF(E23="",0,IFERROR(XLOOKUP(E23,Medals!$B$2:$B$51,Medals!$E$2:$E$51,0),0))} -> 0 | J23: {=IF(E23="",0,IFERROR(XLOOKUP(E23,Medals!$B$2:$B$51,Medals!$F$2:$F$51,0),0))} -> 0 | K23: =H23*GoldPoints*G23 -> 0 | L23: =I23*SilverPoints*G23 -> 0 | M23: =J23*BronzePoints*G23 -> 0 | N23: =K23+L23+M23 -> 0 | O23: {=IF(E23="",FALSE,IFERROR(AND(ISNUMBER(MATCH(E23,Countries!$A$2:$A$72,0)),XLOOKUP(E23,Countries!$A$2:$A$72,Countries!$I$2:$I$72,FALSE)),FALSE))} -> FALSE | P23: {=IF(E23="",FALSE,IFERROR(XLOOKUP(E23,Countries!$A$2:$A$72,Countries!$G$2:$G$72,FALSE),FALSE))} -> FALSE | Q23: =IF(P23,"","⚪") -> ⚪
A24: {=IFERROR(IF(INDEX(Entries!$C$2:$C$48,3)="","",INDEX(Entries!$Q$2:$Q$48,3)),"")} | B24: {=IF(A24="","",IFERROR(INDEX(Entries!$E$2:$E$48,3),""))} | C24: =IF(A24="","","Tier6_Pick1") | D24: =IF(A24="","",6) | E24: {=IF(A24="","",IFERROR(INDEX(Entries!$O$2:$O$48,3),""))} | F24: {=IF(E24="","",IFERROR(XLOOKUP(E24,Countries!$A$2:$A$72,Countries!$B$2:$B$72,"???"),"???"))} | G24: {=IF(E24="",0,IFERROR(XLOOKUP(E24,Countries!$A$2:$A$72,Countries!$E$2:$E$72,0),0))} -> 0 | H24: {=IF(E24="",0,IFERROR(XLOOKUP(E24,Medals!$B$2:$B$51,Medals!$D$2:$D$51,0),0))} -> 0 | I24: {=IF(E24="",0,IFERROR(XLOOKUP(E24,Medals!$B$2:$B$51,Medals!$E$2:$E$51,0),0))} -> 0 | J24: {=IF(E24="",0,IFERROR(XLOOKUP(E24,Medals!$B$2:$B$51,Medals!$F$2:$F$51,0),0))} -> 0 | K24: =H24*GoldPoints*G24 -> 0 | L24: =I24*SilverPoints*G24 -> 0 | M24: =J24*BronzePoints*G24 -> 0 | N24: =K24+L24+M24 -> 0 | O24: {=IF(E24="",FALSE,IFERROR(AND(ISNUMBER(MATCH(E24,Countries!$A$2:$A$72,0)),XLOOKUP(E24,Countries!$A$2:$A$72,Countries!$I$2:$I$72,FALSE)),FALSE))} -> FALSE | P24: {=IF(E24="",FALSE,IFERROR(XLOOKUP(E24,Countries!$A$2:$A$72,Countries!$G$2:$G$72,FALSE),FALSE))} -> FALSE | Q24: =IF(P24,"","⚪") -> ⚪
A25: {=IFERROR(IF(INDEX(Entries!$C$2:$C$48,3)="","",INDEX(Entries!$Q$2:$Q$48,3)),"")} | B25: {=IF(A25="","",IFERROR(INDEX(Entries!$E$2:$E$48,3),""))} | C25: =IF(A25="","","Tier6_Pick2") | D25: =IF(A25="","",6) | E25: {=IF(A25="","",IFERROR(INDEX(Entries!$P$2:$P$48,3),""))} | F25: {=IF(E25="","",IFERROR(XLOOKUP(E25,Countries!$A$2:$A$72,Countries!$B$2:$B$72,"???"),"???"))} | G25: {=IF(E25="",0,IFERROR(XLOOKUP(E25,Countries!$A$2:$A$72,Countries!$E$2:$E$72,0),0))} -> 0 | H25: {=IF(E25="",0,IFERROR(XLOOKUP(E25,Medals!$B$2:$B$51,Medals!$D$2:$D$51,0),0))} -> 0 | I25: {=IF(E25="",0,IFERROR(XLOOKUP(E25,Medals!$B$2:$B$51,Medals!$E$2:$E$51,0),0))} -> 0 | J25: {=IF(E25="",0,IFERROR(XLOOKUP(E25,Medals!$B$2:$B$51,Medals!$F$2:$F$51,0),0))} -> 0 | K25: =H25*GoldPoints*G25 -> 0 | L25: =I25*SilverPoints*G25 -> 0 | M25: =J25*BronzePoints*G25 -> 0 | N25: =K25+L25+M25 -> 0 | O25: {=IF(E25="",FALSE,IFERROR(AND(ISNUMBER(MATCH(E25,Countries!$A$2:$A$72,0)),XLOOKUP(E25,Countries!$A$2:$A$72,Countries!$I$2:$I$72,FALSE)),FALSE))} -> FALSE | P25: {=IF(E25="",FALSE,IFERROR(XLOOKUP(E25,Countries!$A$2:$A$72,Countries!$G$2:$G$72,FALSE),FALSE))} -> FALSE | Q25: =IF(P25,"","⚪") -> ⚪
A26: {=IFERROR(IF(INDEX(Entries!$C$2:$C$48,4)="","",INDEX(Entries!$Q$2:$Q$48,4)),"")} | B26: {=IF(A26="","",IFERROR(INDEX(Entries!$E$2:$E$48,4),""))} | C26: =IF(A26="","","Tier1_Pick1") | D26: =IF(A26="","",1) | E26: {=IF(A26="","",IFERROR(INDEX(Entries!$F$2:$F$48,4),""))} | F26: =IF(E26="","",IFERROR(_xludf.XLOOKUP(E26,Countries!$A$2:$A$72,Countries!$B$2:$B$72,"???"),"???")) | G26: {=IF(E26="",0,IFERROR(XLOOKUP(E26,Countries!$A$2:$A$72,Countries!$E$2:$E$72,0),0))} -> 0 | H26: {=IF(E26="",0,IFERROR(XLOOKUP(E26,Medals!$B$2:$B$51,Medals!$D$2:$D$51,0),0))} -> 0 | I26: {=IF(E26="",0,IFERROR(XLOOKUP(E26,Medals!$B$2:$B$51,Medals!$E$2:$E$51,0),0))} -> 0 | J26: {=IF(E26="",0,IFERROR(XLOOKUP(E26,Medals!$B$2:$B$51,Medals!$F$2:$F$51,0),0))} -> 0 | K26: =H26*GoldPoints*G26 -> 0 | L26: =I26*SilverPoints*G26 -> 0 | M26: =J26*BronzePoints*G26 -> 0 | N26: =K26+L26+M26 -> 0 | O26: {=IF(E26="",FALSE,IFERROR(AND(ISNUMBER(MATCH(E26,Countries!$A$2:$A$72,0)),XLOOKUP(E26,Countries!$A$2:$A$72,Countries!$I$2:$I$72,FALSE)),FALSE))} -> FALSE | P26: {=IF(E26="",FALSE,IFERROR(XLOOKUP(E26,Countries!$A$2:$A$72,Countries!$G$2:$G$72,FALSE),FALSE))} -> FALSE | Q26: =IF(P26,"","⚪") -> ⚪
A27: {=IFERROR(IF(INDEX(Entries!$C$2:$C$48,4)="","",INDEX(Entries!$Q$2:$Q$48,4)),"")} | B27: {=IF(A27="","",IFERROR(INDEX(Entries!$E$2:$E$48,4),""))} | C27: =IF(A27="","","Tier2_Pick1") | D27: =IF(A27="","",2) | E27: {=IF(A27="","",IFERROR(INDEX(Entries!$M$2:$M$48,4),""))} | F27: =IF(E27="","",IFERROR(_xludf.XLOOKUP(E27,Countries!$A$2:$A$72,Countries!$B$2:$B$72,"???"),"???")) | G27: {=IF(E27="",0,IFERROR(XLOOKUP(E27,Countries!$A$2:$A$72,Countries!$E$2:$E$72,0),0))} -> 0 | H27: {=IF(E27="",0,IFERROR(XLOOKUP(E27,Medals!$B$2:$B$51,Medals!$D$2:$D$51,0),0))} -> 0 | I27: {=IF(E27="",0,IFERROR(XLOOKUP(E27,Medals!$B$2:$B$51,Medals!$E$2:$E$51,0),0))} -> 0 | J27: {=IF(E27="",0,IFERROR(XLOOKUP(E27,Medals!$B$2:$B$51,Medals!$F$2:$F$51,0),0))} -> 0 | K27: =H27*GoldPoints*G27 -> 0 | L27: =I27*SilverPoints*G27 -> 0 | M27: =J27*BronzePoints*G27 -> 0 | N27: =K27+L27+M27 -> 0 | O27: {=IF(E27="",FALSE,IFERROR(AND(ISNUMBER(MATCH(E27,Countries!$A$2:$A$72,0)),XLOOKUP(E27,Countries!$A$2:$A$72,Countries!$I$2:$I$72,FALSE)),FALSE))} -> FALSE | P27: {=IF(E27="",FALSE,IFERROR(XLOOKUP(E27,Countries!$A$2:$A$72,Countries!$G$2:$G$72,FALSE),FALSE))} -> FALSE | Q27: =IF(P27,"","⚪") -> ⚪
A28: {=IFERROR(IF(INDEX(Entries!$C$2:$C$48,4)="","",INDEX(Entries!$Q$2:$Q$48,4)),"")} | B28: {=IF(A28="","",IFERROR(INDEX(Entries!$E$2:$E$48,4),""))} | C28: =IF(A28="","","Tier2_Pick2") | D28: =IF(A28="","",2) | E28: {=IF(A28="","",IFERROR(INDEX(Entries!$N$2:$N$48,4),""))} | F28: =IF(E28="","",IFERROR(_xludf.XLOOKUP(E28,Countries!$A$2:$A$72,Countries!$B$2:$B$72,"???"),"???")) | G28: {=IF(E28="",0,IFERROR(XLOOKUP(E28,Countries!$A$2:$A$72,Countries!$E$2:$E$72,0),0))} -> 0 | H28: {=IF(E28="",0,IFERROR(XLOOKUP(E28,Medals!$B$2:$B$51,Medals!$D$2:$D$51,0),0))} -> 0 | I28: {=IF(E28="",0,IFERROR(XLOOKUP(E28,Medals!$B$2:$B$51,Medals!$E$2:$E$51,0),0))} -> 0 | J28: {=IF(E28="",0,IFERROR(XLOOKUP(E28,Medals!$B$2:$B$51,Medals!$F$2:$F$51,0),0))} -> 0 | K28: =H28*GoldPoints*G28 -> 0 | L28: =I28*SilverPoints*G28 -> 0 | M28: =J28*BronzePoints*G28 -> 0 | N28: =K28+L28+M28 -> 0 | O28: {=IF(E28="",FALSE,IFERROR(AND(ISNUMBER(MATCH(E28,Countries!$A$2:$A$72,0)),XLOOKUP(E28,Countries!$A$2:$A$72,Countries!$I$2:$I$72,FALSE)),FALSE))} -> FALSE | P28: {=IF(E28="",FALSE,IFERROR(XLOOKUP(E28,Countries!$A$2:$A$72,Countries!$G$2:$G$72,FALSE),FALSE))} -> FALSE | Q28: =IF(P28,"","⚪") -> ⚪
A29: {=IFERROR(IF(INDEX(Entries!$C$2:$C$48,4)="","",INDEX(Entries!$Q$2:$Q$48,4)),"")} | B29: {=IF(A29="","",IFERROR(INDEX(Entries!$E$2:$E$48,4),""))} | C29: =IF(A29="","","Tier3_Pick1") | D29: =IF(A29="","",3) | E29: {=IF(A29="","",IFERROR(INDEX(Entries!$H$2:$H$48,4),""))} | F29: =IF(E29="","",IFERROR(_xludf.XLOOKUP(E29,Countries!$A$2:$A$72,Countries!$B$2:$B$72,"???"),"???")) | G29: {=IF(E29="",0,IFERROR(XLOOKUP(E29,Countries!$A$2:$A$72,Countries!$E$2:$E$72,0),0))} -> 0 | H29: {=IF(E29="",0,IFERROR(XLOOKUP(E29,Medals!$B$2:$B$51,Medals!$D$2:$D$51,0),0))} -> 0 | I29: {=IF(E29="",0,IFERROR(XLOOKUP(E29,Medals!$B$2:$B$51,Medals!$E$2:$E$51,0),0))} -> 0 | J29: {=IF(E29="",0,IFERROR(XLOOKUP(E29,Medals!$B$2:$B$51,Medals!$F$2:$F$51,0),0))} -> 0 | K29: =H29*GoldPoints*G29 -> 0 | L29: =I29*SilverPoints*G29 -> 0 | M29: =J29*BronzePoints*G29 -> 0 | N29: =K29+L29+M29 -> 0 | O29: {=IF(E29="",FALSE,IFERROR(AND(ISNUMBER(MATCH(E29,Countries!$A$2:$A$72,0)),XLOOKUP(E29,Countries!$A$2:$A$72,Countries!$I$2:$I$72,FALSE)),FALSE))} -> FALSE | P29: {=IF(E29="",FALSE,IFERROR(XLOOKUP(E29,Countries!$A$2:$A$72,Countries!$G$2:$G$72,FALSE),FALSE))} -> FALSE | Q29: =IF(P29,"","⚪") -> ⚪
A30: {=IFERROR(IF(INDEX(Entries!$C$2:$C$48,4)="","",INDEX(Entries!$Q$2:$Q$48,4)),"")} | B30: {=IF(A30="","",IFERROR(INDEX(Entries!$E$2:$E$48,4),""))} | C30: =IF(A30="","","Tier4_Pick1") | D30: =IF(A30="","",4) | E30: {=IF(A30="","",IFERROR(INDEX(Entries!$I$2:$I$48,4),""))} | F30: =IF(E30="","",IFERROR(_xludf.XLOOKUP(E30,Countries!$A$2:$A$72,Countries!$B$2:$B$72,"???"),"???")) | G30: {=IF(E30="",0,IFERROR(XLOOKUP(E30,Countries!$A$2:$A$72,Countries!$E$2:$E$72,0),0))} -> 0 | H30: {=IF(E30="",0,IFERROR(XLOOKUP(E30,Medals!$B$2:$B$51,Medals!$D$2:$D$51,0),0))} -> 0 | I30: {=IF(E30="",0,IFERROR(XLOOKUP(E30,Medals!$B$2:$B$51,Medals!$E$2:$E$51,0),0))} -> 0 | J30: {=IF(E30="",0,IFERROR(XLOOKUP(E30,Medals!$B$2:$B$51,Medals!$F$2:$F$51,0),0))} -> 0 | K30: =H30*GoldPoints*G30 -> 0 | L30: =I30*SilverPoints*G30 -> 0 | M30: =J30*BronzePoints*G30 -> 0 | N30: =K30+L30+M30 -> 0 | O30: {=IF(E30="",FALSE,IFERROR(AND(ISNUMBER(MATCH(E30,Countries!$A$2:$A$72,0)),XLOOKUP(E30,Countries!$A$2:$A$72,Countries!$I$2:$I$72,FALSE)),FALSE))} -> FALSE | P30: {=IF(E30="",FALSE,IFERROR(XLOOKUP(E30,Countries!$A$2:$A$72,Countries!$G$2:$G$72,FALSE),FALSE))} -> FALSE | Q30: =IF(P30,"","⚪") -> ⚪
A31: {=IFERROR(IF(INDEX(Entries!$C$2:$C$48,4)="","",INDEX(Entries!$Q$2:$Q$48,4)),"")} | B31: {=IF(A31="","",IFERROR(INDEX(Entries!$E$2:$E$48,4),""))} | C31: =IF(A31="","","Tier5_Pick1") | D31: =IF(A31="","",5) | E31: {=IF(A31="","",IFERROR(INDEX(Entries!$J$2:$J$48,4),""))} | F31: =IF(E31="","",IFERROR(_xludf.XLOOKUP(E31,Countries!$A$2:$A$72,Countries!$B$2:$B$72,"???"),"???")) | G31: {=IF(E31="",0,IFERROR(XLOOKUP(E31,Countries!$A$2:$A$72,Countries!$E$2:$E$72,0),0))} -> 0 | H31: {=IF(E31="",0,IFERROR(XLOOKUP(E31,Medals!$B$2:$B$51,Medals!$D$2:$D$51,0),0))} -> 0 | I31: {=IF(E31="",0,IFERROR(XLOOKUP(E31,Medals!$B$2:$B$51,Medals!$E$2:$E$51,0),0))} -> 0 | J31: {=IF(E31="",0,IFERROR(XLOOKUP(E31,Medals!$B$2:$B$51,Medals!$F$2:$F$51,0),0))} -> 0 | K31: =H31*GoldPoints*G31 -> 0 | L31: =I31*SilverPoints*G31 -> 0 | M31: =J31*BronzePoints*G31 -> 0 | N31: =K31+L31+M31 -> 0 | O31: {=IF(E31="",FALSE,IFERROR(AND(ISNUMBER(MATCH(E31,Countries!$A$2:$A$72,0)),XLOOKUP(E31,Countries!$A$2:$A$72,Countries!$I$2:$I$72,FALSE)),FALSE))} -> FALSE | P31: {=IF(E31="",FALSE,IFERROR(XLOOKUP(E31,Countries!$A$2:$A$72,Countries!$G$2:$G$72,FALSE),FALSE))} -> FALSE | Q31: =IF(P31,"","⚪") -> ⚪
A32: {=IFERROR(IF(INDEX(Entries!$C$2:$C$48,4)="","",INDEX(Entries!$Q$2:$Q$48,4)),"")} | B32: {=IF(A32="","",IFERROR(INDEX(Entries!$E$2:$E$48,4),""))} | C32: =IF(A32="","","Tier6_Pick1") | D32: =IF(A32="","",6) | E32: {=IF(A32="","",IFERROR(INDEX(Entries!$O$2:$O$48,4),""))} | F32: =IF(E32="","",IFERROR(_xludf.XLOOKUP(E32,Countries!$A$2:$A$72,Countries!$B$2:$B$72,"???"),"???")) | G32: {=IF(E32="",0,IFERROR(XLOOKUP(E32,Countries!$A$2:$A$72,Countries!$E$2:$E$72,0),0))} -> 0 | H32: {=IF(E32="",0,IFERROR(XLOOKUP(E32,Medals!$B$2:$B$51,Medals!$D$2:$D$51,0),0))} -> 0 | I32: {=IF(E32="",0,IFERROR(XLOOKUP(E32,Medals!$B$2:$B$51,Medals!$E$2:$E$51,0),0))} -> 0 | J32: {=IF(E32="",0,IFERROR(XLOOKUP(E32,Medals!$B$2:$B$51,Medals!$F$2:$F$51,0),0))} -> 0 | K32: =H32*GoldPoints*G32 -> 0 | L32: =I32*SilverPoints*G32 -> 0 | M32: =J32*BronzePoints*G32 -> 0 | N32: =K32+L32+M32 -> 0 | O32: {=IF(E32="",FALSE,IFERROR(AND(ISNUMBER(MATCH(E32,Countries!$A$2:$A$72,0)),XLOOKUP(E32,Countries!$A$2:$A$72,Countries!$I$2:$I$72,FALSE)),FALSE))} -> FALSE | P32: {=IF(E32="",FALSE,IFERROR(XLOOKUP(E32,Countries!$A$2:$A$72,Countries!$G$2:$G$72,FALSE),FALSE))} -> FALSE | Q32: =IF(P32,"","⚪") -> ⚪
A33: {=IFERROR(IF(INDEX(Entries!$C$2:$C$48,4)="","",INDEX(Entries!$Q$2:$Q$48,4)),"")} | B33: {=IF(A33="","",IFERROR(INDEX(Entries!$E$2:$E$48,4),""))} | C33: =IF(A33="","","Tier6_Pick2") | D33: =IF(A33="","",6) | E33: {=IF(A33="","",IFERROR(INDEX(Entries!$P$2:$P$48,4),""))} | F33: =IF(E33="","",IFERROR(_xludf.XLOOKUP(E33,Countries!$A$2:$A$72,Countries!$B$2:$B$72,"???"),"???")) | G33: {=IF(E33="",0,IFERROR(XLOOKUP(E33,Countries!$A$2:$A$72,Countries!$E$2:$E$72,0),0))} -> 0 | H33: {=IF(E33="",0,IFERROR(XLOOKUP(E33,Medals!$B$2:$B$51,Medals!$D$2:$D$51,0),0))} -> 0 | I33: {=IF(E33="",0,IFERROR(XLOOKUP(E33,Medals!$B$2:$B$51,Medals!$E$2:$E$51,0),0))} -> 0 | J33: {=IF(E33="",0,IFERROR(XLOOKUP(E33,Medals!$B$2:$B$51,Medals!$F$2:$F$51,0),0))} -> 0 | K33: =H33*GoldPoints*G33 -> 0 | L33: =I33*SilverPoints*G33 -> 0 | M33: =J33*BronzePoints*G33 -> 0 | N33: =K33+L33+M33 -> 0 | O33: {=IF(E33="",FALSE,IFERROR(AND(ISNUMBER(MATCH(E33,Countries!$A$2:$A$72,0)),XLOOKUP(E33,Countries!$A$2:$A$72,Countries!$I$2:$I$72,FALSE)),FALSE))} -> FALSE | P33: {=IF(E33="",FALSE,IFERROR(XLOOKUP(E33,Countries!$A$2:$A$72,Countries!$G$2:$G$72,FALSE),FALSE))} -> FALSE | Q33: =IF(P33,"","⚪") -> ⚪
A34: {=IFERROR(IF(INDEX(Entries!$C$2:$C$48,5)="","",INDEX(Entries!$Q$2:$Q$48,5)),"")} | B34: {=IF(A34="","",IFERROR(INDEX(Entries!$E$2:$E$48,5),""))} | C34: =IF(A34="","","Tier1_Pick1") | D34: =IF(A34="","",1) | E34: {=IF(A34="","",IFERROR(INDEX(Entries!$F$2:$F$48,5),""))} | F34: =IF(E34="","",IFERROR(_xludf.XLOOKUP(E34,Countries!$A$2:$A$72,Countries!$B$2:$B$72,"???"),"???")) | G34: {=IF(E34="",0,IFERROR(XLOOKUP(E34,Countries!$A$2:$A$72,Countries!$E$2:$E$72,0),0))} -> 0 | H34: {=IF(E34="",0,IFERROR(XLOOKUP(E34,Medals!$B$2:$B$51,Medals!$D$2:$D$51,0),0))} -> 0 | I34: {=IF(E34="",0,IFERROR(XLOOKUP(E34,Medals!$B$2:$B$51,Medals!$E$2:$E$51,0),0))} -> 0 | J34: {=IF(E34="",0,IFERROR(XLOOKUP(E34,Medals!$B$2:$B$51,Medals!$F$2:$F$51,0),0))} -> 0 | K34: =H34*GoldPoints*G34 -> 0 | L34: =I34*SilverPoints*G34 -> 0 | M34: =J34*BronzePoints*G34 -> 0 | N34: =K34+L34+M34 -> 0 | O34: {=IF(E34="",FALSE,IFERROR(AND(ISNUMBER(MATCH(E34,Countries!$A$2:$A$72,0)),XLOOKUP(E34,Countries!$A$2:$A$72,Countries!$I$2:$I$72,FALSE)),FALSE))} -> FALSE | P34: {=IF(E34="",FALSE,IFERROR(XLOOKUP(E34,Countries!$A$2:$A$72,Countries!$G$2:$G$72,FALSE),FALSE))} -> FALSE | Q34: =IF(P34,"","⚪") -> ⚪
A35: {=IFERROR(IF(INDEX(Entries!$C$2:$C$48,5)="","",INDEX(Entries!$Q$2:$Q$48,5)),"")} | B35: {=IF(A35="","",IFERROR(INDEX(Entries!$E$2:$E$48,5),""))} | C35: =IF(A35="","","Tier2_Pick1") | D35: =IF(A35="","",2) | E35: {=IF(A35="","",IFERROR(INDEX(Entries!$M$2:$M$48,5),""))} | F35: =IF(E35="","",IFERROR(_xludf.XLOOKUP(E35,Countries!$A$2:$A$72,Countries!$B$2:$B$72,"???"),"???")) | G35: {=IF(E35="",0,IFERROR(XLOOKUP(E35,Countries!$A$2:$A$72,Countries!$E$2:$E$72,0),0))} -> 0 | H35: {=IF(E35="",0,IFERROR(XLOOKUP(E35,Medals!$B$2:$B$51,Medals!$D$2:$D$51,0),0))} -> 0 | I35: {=IF(E35="",0,IFERROR(XLOOKUP(E35,Medals!$B$2:$B$51,Medals!$E$2:$E$51,0),0))} -> 0 | J35: {=IF(E35="",0,IFERROR(XLOOKUP(E35,Medals!$B$2:$B$51,Medals!$F$2:$F$51,0),0))} -> 0 | K35: =H35*GoldPoints*G35 -> 0 | L35: =I35*SilverPoints*G35 -> 0 | M35: =J35*BronzePoints*G35 -> 0 | N35: =K35+L35+M35 -> 0 | O35: {=IF(E35="",FALSE,IFERROR(AND(ISNUMBER(MATCH(E35,Countries!$A$2:$A$72,0)),XLOOKUP(E35,Countries!$A$2:$A$72,Countries!$I$2:$I$72,FALSE)),FALSE))} -> FALSE | P35: {=IF(E35="",FALSE,IFERROR(XLOOKUP(E35,Countries!$A$2:$A$72,Countries!$G$2:$G$72,FALSE),FALSE))} -> FALSE | Q35: =IF(P35,"","⚪") -> ⚪
A36: {=IFERROR(IF(INDEX(Entries!$C$2:$C$48,5)="","",INDEX(Entries!$Q$2:$Q$48,5)),"")} | B36: {=IF(A36="","",IFERROR(INDEX(Entries!$E$2:$E$48,5),""))} | C36: =IF(A36="","","Tier2_Pick2") | D36: =IF(A36="","",2) | E36: {=IF(A36="","",IFERROR(INDEX(Entries!$N$2:$N$48,5),""))} | F36: =IF(E36="","",IFERROR(_xludf.XLOOKUP(E36,Countries!$A$2:$A$72,Countries!$B$2:$B$72,"???"),"???")) | G36: {=IF(E36="",0,IFERROR(XLOOKUP(E36,Countries!$A$2:$A$72,Countries!$E$2:$E$72,0),0))} -> 0 | H36: {=IF(E36="",0,IFERROR(XLOOKUP(E36,Medals!$B$2:$B$51,Medals!$D$2:$D$51,0),0))} -> 0 | I36: {=IF(E36="",0,IFERROR(XLOOKUP(E36,Medals!$B$2:$B$51,Medals!$E$2:$E$51,0),0))} -> 0 | J36: {=IF(E36="",0,IFERROR(XLOOKUP(E36,Medals!$B$2:$B$51,Medals!$F$2:$F$51,0),0))} -> 0 | K36: =H36*GoldPoints*G36 -> 0 | L36: =I36*SilverPoints*G36 -> 0 | M36: =J36*BronzePoints*G36 -> 0 | N36: =K36+L36+M36 -> 0 | O36: {=IF(E36="",FALSE,IFERROR(AND(ISNUMBER(MATCH(E36,Countries!$A$2:$A$72,0)),XLOOKUP(E36,Countries!$A$2:$A$72,Countries!$I$2:$I$72,FALSE)),FALSE))} -> FALSE | P36: {=IF(E36="",FALSE,IFERROR(XLOOKUP(E36,Countries!$A$2:$A$72,Countries!$G$2:$G$72,FALSE),FALSE))} -> FALSE | Q36: =IF(P36,"","⚪") -> ⚪
A37: {=IFERROR(IF(INDEX(Entries!$C$2:$C$48,5)="","",INDEX(Entries!$Q$2:$Q$48,5)),"")} | B37: {=IF(A37="","",IFERROR(INDEX(Entries!$E$2:$E$48,5),""))} | C37: =IF(A37="","","Tier3_Pick1") | D37: =IF(A37="","",3) | E37: {=IF(A37="","",IFERROR(INDEX(Entries!$H$2:$H$48,5),""))} | F37: =IF(E37="","",IFERROR(_xludf.XLOOKUP(E37,Countries!$A$2:$A$72,Countries!$B$2:$B$72,"???"),"???")) | G37: {=IF(E37="",0,IFERROR(XLOOKUP(E37,Countries!$A$2:$A$72,Countries!$E$2:$E$72,0),0))} -> 0 | H37: {=IF(E37="",0,IFERROR(XLOOKUP(E37,Medals!$B$2:$B$51,Medals!$D$2:$D$51,0),0))} -> 0 | I37: {=IF(E37="",0,IFERROR(XLOOKUP(E37,Medals!$B$2:$B$51,Medals!$E$2:$E$51,0),0))} -> 0 | J37: {=IF(E37="",0,IFERROR(XLOOKUP(E37,Medals!$B$2:$B$51,Medals!$F$2:$F$51,0),0))} -> 0 | K37: =H37*GoldPoints*G37 -> 0 | L37: =I37*SilverPoints*G37 -> 0 | M37: =J37*BronzePoints*G37 -> 0 | N37: =K37+L37+M37 -> 0 | O37: {=IF(E37="",FALSE,IFERROR(AND(ISNUMBER(MATCH(E37,Countries!$A$2:$A$72,0)),XLOOKUP(E37,Countries!$A$2:$A$72,Countries!$I$2:$I$72,FALSE)),FALSE))} -> FALSE | P37: {=IF(E37="",FALSE,IFERROR(XLOOKUP(E37,Countries!$A$2:$A$72,Countries!$G$2:$G$72,FALSE),FALSE))} -> FALSE | Q37: =IF(P37,"","⚪") -> ⚪
A38: {=IFERROR(IF(INDEX(Entries!$C$2:$C$48,5)="","",INDEX(Entries!$Q$2:$Q$48,5)),"")} | B38: {=IF(A38="","",IFERROR(INDEX(Entries!$E$2:$E$48,5),""))} | C38: =IF(A38="","","Tier4_Pick1") | D38: =IF(A38="","",4) | E38: {=IF(A38="","",IFERROR(INDEX(Entries!$I$2:$I$48,5),""))} | F38: =IF(E38="","",IFERROR(_xludf.XLOOKUP(E38,Countries!$A$2:$A$72,Countries!$B$2:$B$72,"???"),"???")) | G38: {=IF(E38="",0,IFERROR(XLOOKUP(E38,Countries!$A$2:$A$72,Countries!$E$2:$E$72,0),0))} -> 0 | H38: {=IF(E38="",0,IFERROR(XLOOKUP(E38,Medals!$B$2:$B$51,Medals!$D$2:$D$51,0),0))} -> 0 | I38: {=IF(E38="",0,IFERROR(XLOOKUP(E38,Medals!$B$2:$B$51,Medals!$E$2:$E$51,0),0))} -> 0 | J38: {=IF(E38="",0,IFERROR(XLOOKUP(E38,Medals!$B$2:$B$51,Medals!$F$2:$F$51,0),0))} -> 0 | K38: =H38*GoldPoints*G38 -> 0 | L38: =I38*SilverPoints*G38 -> 0 | M38: =J38*BronzePoints*G38 -> 0 | N38: =K38+L38+M38 -> 0 | O38: {=IF(E38="",FALSE,IFERROR(AND(ISNUMBER(MATCH(E38,Countries!$A$2:$A$72,0)),XLOOKUP(E38,Countries!$A$2:$A$72,Countries!$I$2:$I$72,FALSE)),FALSE))} -> FALSE | P38: {=IF(E38="",FALSE,IFERROR(XLOOKUP(E38,Countries!$A$2:$A$72,Countries!$G$2:$G$72,FALSE),FALSE))} -> FALSE | Q38: =IF(P38,"","⚪") -> ⚪
A39: {=IFERROR(IF(INDEX(Entries!$C$2:$C$48,5)="","",INDEX(Entries!$Q$2:$Q$48,5)),"")} | B39: {=IF(A39="","",IFERROR(INDEX(Entries!$E$2:$E$48,5),""))} | C39: =IF(A39="","","Tier5_Pick1") | D39: =IF(A39="","",5) | E39: {=IF(A39="","",IFERROR(INDEX(Entries!$J$2:$J$48,5),""))} | F39: =IF(E39="","",IFERROR(_xludf.XLOOKUP(E39,Countries!$A$2:$A$72,Countries!$B$2:$B$72,"???"),"???")) | G39: {=IF(E39="",0,IFERROR(XLOOKUP(E39,Countries!$A$2:$A$72,Countries!$E$2:$E$72,0),0))} -> 0 | H39: {=IF(E39="",0,IFERROR(XLOOKUP(E39,Medals!$B$2:$B$51,Medals!$D$2:$D$51,0),0))} -> 0 | I39: {=IF(E39="",0,IFERROR(XLOOKUP(E39,Medals!$B$2:$B$51,Medals!$E$2:$E$51,0),0))} -> 0 | J39: {=IF(E39="",0,IFERROR(XLOOKUP(E39,Medals!$B$2:$B$51,Medals!$F$2:$F$51,0),0))} -> 0 | K39: =H39*GoldPoints*G39 -> 0 | L39: =I39*SilverPoints*G39 -> 0 | M39: =J39*BronzePoints*G39 -> 0 | N39: =K39+L39+M39 -> 0 | O39: {=IF(E39="",FALSE,IFERROR(AND(ISNUMBER(MATCH(E39,Countries!$A$2:$A$72,0)),XLOOKUP(E39,Countries!$A$2:$A$72,Countries!$I$2:$I$72,FALSE)),FALSE))} -> FALSE | P39: {=IF(E39="",FALSE,IFERROR(XLOOKUP(E39,Countries!$A$2:$A$72,Countries!$G$2:$G$72,FALSE),FALSE))} -> FALSE | Q39: =IF(P39,"","⚪") -> ⚪
A40: {=IFERROR(IF(INDEX(Entries!$C$2:$C$48,5)="","",INDEX(Entries!$Q$2:$Q$48,5)),"")} | B40: {=IF(A40="","",IFERROR(INDEX(Entries!$E$2:$E$48,5),""))} | C40: =IF(A40="","","Tier6_Pick1") | D40: =IF(A40="","",6) | E40: {=IF(A40="","",IFERROR(INDEX(Entries!$O$2:$O$48,5),""))} | F40: =IF(E40="","",IFERROR(_xludf.XLOOKUP(E40,Countries!$A$2:$A$72,Countries!$B$2:$B$72,"???"),"???")) | G40: {=IF(E40="",0,IFERROR(XLOOKUP(E40,Countries!$A$2:$A$72,Countries!$E$2:$E$72,0),0))} -> 0 | H40: {=IF(E40="",0,IFERROR(XLOOKUP(E40,Medals!$B$2:$B$51,Medals!$D$2:$D$51,0),0))} -> 0 | I40: {=IF(E40="",0,IFERROR(XLOOKUP(E40,Medals!$B$2:$B$51,Medals!$E$2:$E$51,0),0))} -> 0 | J40: {=IF(E40="",0,IFERROR(XLOOKUP(E40,Medals!$B$2:$B$51,Medals!$F$2:$F$51,0),0))} -> 0 | K40: =H40*GoldPoints*G40 -> 0 | L40: =I40*SilverPoints*G40 -> 0 | M40: =J40*BronzePoints*G40 -> 0 | N40: =K40+L40+M40 -> 0 | O40: {=IF(E40="",FALSE,IFERROR(AND(ISNUMBER(MATCH(E40,Countries!$A$2:$A$72,0)),XLOOKUP(E40,Countries!$A$2:$A$72,Countries!$I$2:$I$72,FALSE)),FALSE))} -> FALSE | P40: {=IF(E40="",FALSE,IFERROR(XLOOKUP(E40,Countries!$A$2:$A$72,Countries!$G$2:$G$72,FALSE),FALSE))} -> FALSE | Q40: =IF(P40,"","⚪") -> ⚪
A41: {=IFERROR(IF(INDEX(Entries!$C$2:$C$48,5)="","",INDEX(Entries!$Q$2:$Q$48,5)),"")} | B41: {=IF(A41="","",IFERROR(INDEX(Entries!$E$2:$E$48,5),""))} | C41: =IF(A41="","","Tier6_Pick2") | D41: =IF(A41="","",6) | E41: {=IF(A41="","",IFERROR(INDEX(Entries!$P$2:$P$48,5),""))} | F41: =IF(E41="","",IFERROR(_xludf.XLOOKUP(E41,Countries!$A$2:$A$72,Countries!$B$2:$B$72,"???"),"???")) | G41: {=IF(E41="",0,IFERROR(XLOOKUP(E41,Countries!$A$2:$A$72,Countries!$E$2:$E$72,0),0))} -> 0 | H41: {=IF(E41="",0,IFERROR(XLOOKUP(E41,Medals!$B$2:$B$51,Medals!$D$2:$D$51,0),0))} -> 0 | I41: {=IF(E41="",0,IFERROR(XLOOKUP(E41,Medals!$B$2:$B$51,Medals!$E$2:$E$51,0),0))} -> 0 | J41: {=IF(E41="",0,IFERROR(XLOOKUP(E41,Medals!$B$2:$B$51,Medals!$F$2:$F$51,0),0))} -> 0 | K41: =H41*GoldPoints*G41 -> 0 | L41: =I41*SilverPoints*G41 -> 0 | M41: =J41*BronzePoints*G41 -> 0 | N41: =K41+L41+M41 -> 0 | O41: {=IF(E41="",FALSE,IFERROR(AND(ISNUMBER(MATCH(E41,Countries!$A$2:$A$72,0)),XLOOKUP(E41,Countries!$A$2:$A$72,Countries!$I$2:$I$72,FALSE)),FALSE))} -> FALSE | P41: {=IF(E41="",FALSE,IFERROR(XLOOKUP(E41,Countries!$A$2:$A$72,Countries!$G$2:$G$72,FALSE),FALSE))} -> FALSE | Q41: =IF(P41,"","⚪") -> ⚪
A42: {=IFERROR(IF(INDEX(Entries!$C$2:$C$48,6)="","",INDEX(Entries!$Q$2:$Q$48,6)),"")} | B42: {=IF(A42="","",IFERROR(INDEX(Entries!$E$2:$E$48,6),""))} | C42: =IF(A42="","","Tier1_Pick1") | D42: =IF(A42="","",1) | E42: {=IF(A42="","",IFERROR(INDEX(Entries!$F$2:$F$48,6),""))} | F42: =IF(E42="","",IFERROR(_xludf.XLOOKUP(E42,Countries!$A$2:$A$72,Countries!$B$2:$B$72,"???"),"???")) | G42: {=IF(E42="",0,IFERROR(XLOOKUP(E42,Countries!$A$2:$A$72,Countries!$E$2:$E$72,0),0))} -> 0 | H42: {=IF(E42="",0,IFERROR(XLOOKUP(E42,Medals!$B$2:$B$51,Medals!$D$2:$D$51,0),0))} -> 0 | I42: {=IF(E42="",0,IFERROR(XLOOKUP(E42,Medals!$B$2:$B$51,Medals!$E$2:$E$51,0),0))} -> 0 | J42: {=IF(E42="",0,IFERROR(XLOOKUP(E42,Medals!$B$2:$B$51,Medals!$F$2:$F$51,0),0))} -> 0 | K42: =H42*GoldPoints*G42 -> 0 | L42: =I42*SilverPoints*G42 -> 0 | M42: =J42*BronzePoints*G42 -> 0 | N42: =K42+L42+M42 -> 0 | O42: {=IF(E42="",FALSE,IFERROR(AND(ISNUMBER(MATCH(E42,Countries!$A$2:$A$72,0)),XLOOKUP(E42,Countries!$A$2:$A$72,Countries!$I$2:$I$72,FALSE)),FALSE))} -> FALSE | P42: {=IF(E42="",FALSE,IFERROR(XLOOKUP(E42,Countries!$A$2:$A$72,Countries!$G$2:$G$72,FALSE),FALSE))} -> FALSE | Q42: =IF(P42,"","⚪") -> ⚪
A43: {=IFERROR(IF(INDEX(Entries!$C$2:$C$48,6)="","",INDEX(Entries!$Q$2:$Q$48,6)),"")} | B43: {=IF(A43="","",IFERROR(INDEX(Entries!$E$2:$E$48,6),""))} | C43: =IF(A43="","","Tier2_Pick1") | D43: =IF(A43="","",2) | E43: {=IF(A43="","",IFERROR(INDEX(Entries!$M$2:$M$48,6),""))} | F43: =IF(E43="","",IFERROR(_xludf.XLOOKUP(E43,Countries!$A$2:$A$72,Countries!$B$2:$B$72,"???"),"???")) | G43: {=IF(E43="",0,IFERROR(XLOOKUP(E43,Countries!$A$2:$A$72,Countries!$E$2:$E$72,0),0))} -> 0 | H43: {=IF(E43="",0,IFERROR(XLOOKUP(E43,Medals!$B$2:$B$51,Medals!$D$2:$D$51,0),0))} -> 0 | I43: {=IF(E43="",0,IFERROR(XLOOKUP(E43,Medals!$B$2:$B$51,Medals!$E$2:$E$51,0),0))} -> 0 | J43: {=IF(E43="",0,IFERROR(XLOOKUP(E43,Medals!$B$2:$B$51,Medals!$F$2:$F$51,0),0))} -> 0 | K43: =H43*GoldPoints*G43 -> 0 | L43: =I43*SilverPoints*G43 -> 0 | M43: =J43*BronzePoints*G43 -> 0 | N43: =K43+L43+M43 -> 0 | O43: {=IF(E43="",FALSE,IFERROR(AND(ISNUMBER(MATCH(E43,Countries!$A$2:$A$72,0)),XLOOKUP(E43,Countries!$A$2:$A$72,Countries!$I$2:$I$72,FALSE)),FALSE))} -> FALSE | P43: {=IF(E43="",FALSE,IFERROR(XLOOKUP(E43,Countries!$A$2:$A$72,Countries!$G$2:$G$72,FALSE),FALSE))} -> FALSE | Q43: =IF(P43,"","⚪") -> ⚪
A44: {=IFERROR(IF(INDEX(Entries!$C$2:$C$48,6)="","",INDEX(Entries!$Q$2:$Q$48,6)),"")} | B44: {=IF(A44="","",IFERROR(INDEX(Entries!$E$2:$E$48,6),""))} | C44: =IF(A44="","","Tier2_Pick2") | D44: =IF(A44="","",2) | E44: {=IF(A44="","",IFERROR(INDEX(Entries!$N$2:$N$48,6),""))} | F44: =IF(E44="","",IFERROR(_xludf.XLOOKUP(E44,Countries!$A$2:$A$72,Countries!$B$2:$B$72,"???"),"???")) | G44: {=IF(E44="",0,IFERROR(XLOOKUP(E44,Countries!$A$2:$A$72,Countries!$E$2:$E$72,0),0))} -> 0 | H44: {=IF(E44="",0,IFERROR(XLOOKUP(E44,Medals!$B$2:$B$51,Medals!$D$2:$D$51,0),0))} -> 0 | I44: {=IF(E44="",0,IFERROR(XLOOKUP(E44,Medals!$B$2:$B$51,Medals!$E$2:$E$51,0),0))} -> 0 | J44: {=IF(E44="",0,IFERROR(XLOOKUP(E44,Medals!$B$2:$B$51,Medals!$F$2:$F$51,0),0))} -> 0 | K44: =H44*GoldPoints*G44 -> 0 | L44: =I44*SilverPoints*G44 -> 0 | M44: =J44*BronzePoints*G44 -> 0 | N44: =K44+L44+M44 -> 0 | O44: {=IF(E44="",FALSE,IFERROR(AND(ISNUMBER(MATCH(E44,Countries!$A$2:$A$72,0)),XLOOKUP(E44,Countries!$A$2:$A$72,Countries!$I$2:$I$72,FALSE)),FALSE))} -> FALSE | P44: {=IF(E44="",FALSE,IFERROR(XLOOKUP(E44,Countries!$A$2:$A$72,Countries!$G$2:$G$72,FALSE),FALSE))} -> FALSE | Q44: =IF(P44,"","⚪") -> ⚪
A45: {=IFERROR(IF(INDEX(Entries!$C$2:$C$48,6)="","",INDEX(Entries!$Q$2:$Q$48,6)),"")} | B45: {=IF(A45="","",IFERROR(INDEX(Entries!$E$2:$E$48,6),""))} | C45: =IF(A45="","","Tier3_Pick1") | D45: =IF(A45="","",3) | E45: {=IF(A45="","",IFERROR(INDEX(Entries!$H$2:$H$48,6),""))} | F45: =IF(E45="","",IFERROR(_xludf.XLOOKUP(E45,Countries!$A$2:$A$72,Countries!$B$2:$B$72,"???"),"???")) | G45: {=IF(E45="",0,IFERROR(XLOOKUP(E45,Countries!$A$2:$A$72,Countries!$E$2:$E$72,0),0))} -> 0 | H45: {=IF(E45="",0,IFERROR(XLOOKUP(E45,Medals!$B$2:$B$51,Medals!$D$2:$D$51,0),0))} -> 0 | I45: {=IF(E45="",0,IFERROR(XLOOKUP(E45,Medals!$B$2:$B$51,Medals!$E$2:$E$51,0),0))} -> 0 | J45: {=IF(E45="",0,IFERROR(XLOOKUP(E45,Medals!$B$2:$B$51,Medals!$F$2:$F$51,0),0))} -> 0 | K45: =H45*GoldPoints*G45 -> 0 | L45: =I45*SilverPoints*G45 -> 0 | M45: =J45*BronzePoints*G45 -> 0 | N45: =K45+L45+M45 -> 0 | O45: {=IF(E45="",FALSE,IFERROR(AND(ISNUMBER(MATCH(E45,Countries!$A$2:$A$72,0)),XLOOKUP(E45,Countries!$A$2:$A$72,Countries!$I$2:$I$72,FALSE)),FALSE))} -> FALSE | P45: {=IF(E45="",FALSE,IFERROR(XLOOKUP(E45,Countries!$A$2:$A$72,Countries!$G$2:$G$72,FALSE),FALSE))} -> FALSE | Q45: =IF(P45,"","⚪") -> ⚪
A46: {=IFERROR(IF(INDEX(Entries!$C$2:$C$48,6)="","",INDEX(Entries!$Q$2:$Q$48,6)),"")} | B46: {=IF(A46="","",IFERROR(INDEX(Entries!$E$2:$E$48,6),""))} | C46: =IF(A46="","","Tier4_Pick1") | D46: =IF(A46="","",4) | E46: {=IF(A46="","",IFERROR(INDEX(Entries!$I$2:$I$48,6),""))} | F46: =IF(E46="","",IFERROR(_xludf.XLOOKUP(E46,Countries!$A$2:$A$72,Countries!$B$2:$B$72,"???"),"???")) | G46: {=IF(E46="",0,IFERROR(XLOOKUP(E46,Countries!$A$2:$A$72,Countries!$E$2:$E$72,0),0))} -> 0 | H46: {=IF(E46="",0,IFERROR(XLOOKUP(E46,Medals!$B$2:$B$51,Medals!$D$2:$D$51,0),0))} -> 0 | I46: {=IF(E46="",0,IFERROR(XLOOKUP(E46,Medals!$B$2:$B$51,Medals!$E$2:$E$51,0),0))} -> 0 | J46: {=IF(E46="",0,IFERROR(XLOOKUP(E46,Medals!$B$2:$B$51,Medals!$F$2:$F$51,0),0))} -> 0 | K46: =H46*GoldPoints*G46 -> 0 | L46: =I46*SilverPoints*G46 -> 0 | M46: =J46*BronzePoints*G46 -> 0 | N46: =K46+L46+M46 -> 0 | O46: {=IF(E46="",FALSE,IFERROR(AND(ISNUMBER(MATCH(E46,Countries!$A$2:$A$72,0)),XLOOKUP(E46,Countries!$A$2:$A$72,Countries!$I$2:$I$72,FALSE)),FALSE))} -> FALSE | P46: {=IF(E46="",FALSE,IFERROR(XLOOKUP(E46,Countries!$A$2:$A$72,Countries!$G$2:$G$72,FALSE),FALSE))} -> FALSE | Q46: =IF(P46,"","⚪") -> ⚪
A47: {=IFERROR(IF(INDEX(Entries!$C$2:$C$48,6)="","",INDEX(Entries!$Q$2:$Q$48,6)),"")} | B47: {=IF(A47="","",IFERROR(INDEX(Entries!$E$2:$E$48,6),""))} | C47: =IF(A47="","","Tier5_Pick1") | D47: =IF(A47="","",5) | E47: {=IF(A47="","",IFERROR(INDEX(Entries!$J$2:$J$48,6),""))} | F47: =IF(E47="","",IFERROR(_xludf.XLOOKUP(E47,Countries!$A$2:$A$72,Countries!$B$2:$B$72,"???"),"???")) | G47: {=IF(E47="",0,IFERROR(XLOOKUP(E47,Countries!$A$2:$A$72,Countries!$E$2:$E$72,0),0))} -> 0 | H47: {=IF(E47="",0,IFERROR(XLOOKUP(E47,Medals!$B$2:$B$51,Medals!$D$2:$D$51,0),0))} -> 0 | I47: {=IF(E47="",0,IFERROR(XLOOKUP(E47,Medals!$B$2:$B$51,Medals!$E$2:$E$51,0),0))} -> 0 | J47: {=IF(E47="",0,IFERROR(XLOOKUP(E47,Medals!$B$2:$B$51,Medals!$F$2:$F$51,0),0))} -> 0 | K47: =H47*GoldPoints*G47 -> 0 | L47: =I47*SilverPoints*G47 -> 0 | M47: =J47*BronzePoints*G47 -> 0 | N47: =K47+L47+M47 -> 0 | O47: {=IF(E47="",FALSE,IFERROR(AND(ISNUMBER(MATCH(E47,Countries!$A$2:$A$72,0)),XLOOKUP(E47,Countries!$A$2:$A$72,Countries!$I$2:$I$72,FALSE)),FALSE))} -> FALSE | P47: {=IF(E47="",FALSE,IFERROR(XLOOKUP(E47,Countries!$A$2:$A$72,Countries!$G$2:$G$72,FALSE),FALSE))} -> FALSE | Q47: =IF(P47,"","⚪") -> ⚪
A48: {=IFERROR(IF(INDEX(Entries!$C$2:$C$48,6)="","",INDEX(Entries!$Q$2:$Q$48,6)),"")} | B48: {=IF(A48="","",IFERROR(INDEX(Entries!$E$2:$E$48,6),""))} | C48: =IF(A48="","","Tier6_Pick1") | D48: =IF(A48="","",6) | E48: {=IF(A48="","",IFERROR(INDEX(Entries!$O$2:$O$48,6),""))} | F48: =IF(E48="","",IFERROR(_xludf.XLOOKUP(E48,Countries!$A$2:$A$72,Countries!$B$2:$B$72,"???"),"???")) | G48: {=IF(E48="",0,IFERROR(XLOOKUP(E48,Countries!$A$2:$A$72,Countries!$E$2:$E$72,0),0))} -> 0 | H48: {=IF(E48="",0,IFERROR(XLOOKUP(E48,Medals!$B$2:$B$51,Medals!$D$2:$D$51,0),0))} -> 0 | I48: {=IF(E48="",0,IFERROR(XLOOKUP(E48,Medals!$B$2:$B$51,Medals!$E$2:$E$51,0),0))} -> 0 | J48: {=IF(E48="",0,IFERROR(XLOOKUP(E48,Medals!$B$2:$B$51,Medals!$F$2:$F$51,0),0))} -> 0 | K48: =H48*GoldPoints*G48 -> 0 | L48: =I48*SilverPoints*G48 -> 0 | M48: =J48*BronzePoints*G48 -> 0 | N48: =K48+L48+M48 -> 0 | O48: {=IF(E48="",FALSE,IFERROR(AND(ISNUMBER(MATCH(E48,Countries!$A$2:$A$72,0)),XLOOKUP(E48,Countries!$A$2:$A$72,Countries!$I$2:$I$72,FALSE)),FALSE))} -> FALSE | P48: {=IF(E48="",FALSE,IFERROR(XLOOKUP(E48,Countries!$A$2:$A$72,Countries!$G$2:$G$72,FALSE),FALSE))} -> FALSE | Q48: =IF(P48,"","⚪") -> ⚪
A49: {=IFERROR(IF(INDEX(Entries!$C$2:$C$48,6)="","",INDEX(Entries!$Q$2:$Q$48,6)),"")} | B49: {=IF(A49="","",IFERROR(INDEX(Entries!$E$2:$E$48,6),""))} | C49: =IF(A49="","","Tier6_Pick2") | D49: =IF(A49="","",6) | E49: {=IF(A49="","",IFERROR(INDEX(Entries!$P$2:$P$48,6),""))} | F49: =IF(E49="","",IFERROR(_xludf.XLOOKUP(E49,Countries!$A$2:$A$72,Countries!$B$2:$B$72,"???"),"???")) | G49: {=IF(E49="",0,IFERROR(XLOOKUP(E49,Countries!$A$2:$A$72,Countries!$E$2:$E$72,0),0))} -> 0 | H49: {=IF(E49="",0,IFERROR(XLOOKUP(E49,Medals!$B$2:$B$51,Medals!$D$2:$D$51,0),0))} -> 0 | I49: {=IF(E49="",0,IFERROR(XLOOKUP(E49,Medals!$B$2:$B$51,Medals!$E$2:$E$51,0),0))} -> 0 | J49: {=IF(E49="",0,IFERROR(XLOOKUP(E49,Medals!$B$2:$B$51,Medals!$F$2:$F$51,0),0))} -> 0 | K49: =H49*GoldPoints*G49 -> 0 | L49: =I49*SilverPoints*G49 -> 0 | M49: =J49*BronzePoints*G49 -> 0 | N49: =K49+L49+M49 -> 0 | O49: {=IF(E49="",FALSE,IFERROR(AND(ISNUMBER(MATCH(E49,Countries!$A$2:$A$72,0)),XLOOKUP(E49,Countries!$A$2:$A$72,Countries!$I$2:$I$72,FALSE)),FALSE))} -> FALSE | P49: {=IF(E49="",FALSE,IFERROR(XLOOKUP(E49,Countries!$A$2:$A$72,Countries!$G$2:$G$72,FALSE),FALSE))} -> FALSE | Q49: =IF(P49,"","⚪") -> ⚪
A50: {=IFERROR(IF(INDEX(Entries!$C$2:$C$48,7)="","",INDEX(Entries!$Q$2:$Q$48,7)),"")} | B50: {=IF(A50="","",IFERROR(INDEX(Entries!$E$2:$E$48,7),""))} | C50: =IF(A50="","","Tier1_Pick1") | D50: =IF(A50="","",1) | E50: {=IF(A50="","",IFERROR(INDEX(Entries!$F$2:$F$48,7),""))} | F50: =IF(E50="","",IFERROR(_xludf.XLOOKUP(E50,Countries!$A$2:$A$72,Countries!$B$2:$B$72,"???"),"???")) | G50: {=IF(E50="",0,IFERROR(XLOOKUP(E50,Countries!$A$2:$A$72,Countries!$E$2:$E$72,0),0))} -> 0 | H50: {=IF(E50="",0,IFERROR(XLOOKUP(E50,Medals!$B$2:$B$51,Medals!$D$2:$D$51,0),0))} -> 0 | I50: {=IF(E50="",0,IFERROR(XLOOKUP(E50,Medals!$B$2:$B$51,Medals!$E$2:$E$51,0),0))} -> 0 | J50: {=IF(E50="",0,IFERROR(XLOOKUP(E50,Medals!$B$2:$B$51,Medals!$F$2:$F$51,0),0))} -> 0 | K50: =H50*GoldPoints*G50 -> 0 | L50: =I50*SilverPoints*G50 -> 0 | M50: =J50*BronzePoints*G50 -> 0 | N50: =K50+L50+M50 -> 0 | O50: {=IF(E50="",FALSE,IFERROR(AND(ISNUMBER(MATCH(E50,Countries!$A$2:$A$72,0)),XLOOKUP(E50,Countries!$A$2:$A$72,Countries!$I$2:$I$72,FALSE)),FALSE))} -> FALSE | P50: {=IF(E50="",FALSE,IFERROR(XLOOKUP(E50,Countries!$A$2:$A$72,Countries!$G$2:$G$72,FALSE),FALSE))} -> FALSE | Q50: =IF(P50,"","⚪") -> ⚪
A51: {=IFERROR(IF(INDEX(Entries!$C$2:$C$48,7)="","",INDEX(Entries!$Q$2:$Q$48,7)),"")} | B51: {=IF(A51="","",IFERROR(INDEX(Entries!$E$2:$E$48,7),""))} | C51: =IF(A51="","","Tier2_Pick1") | D51: =IF(A51="","",2) | E51: {=IF(A51="","",IFERROR(INDEX(Entries!$M$2:$M$48,7),""))} | F51: =IF(E51="","",IFERROR(_xludf.XLOOKUP(E51,Countries!$A$2:$A$72,Countries!$B$2:$B$72,"???"),"???")) | G51: {=IF(E51="",0,IFERROR(XLOOKUP(E51,Countries!$A$2:$A$72,Countries!$E$2:$E$72,0),0))} -> 0 | H51: {=IF(E51="",0,IFERROR(XLOOKUP(E51,Medals!$B$2:$B$51,Medals!$D$2:$D$51,0),0))} -> 0 | I51: {=IF(E51="",0,IFERROR(XLOOKUP(E51,Medals!$B$2:$B$51,Medals!$E$2:$E$51,0),0))} -> 0 | J51: {=IF(E51="",0,IFERROR(XLOOKUP(E51,Medals!$B$2:$B$51,Medals!$F$2:$F$51,0),0))} -> 0 | K51: =H51*GoldPoints*G51 -> 0 | L51: =I51*SilverPoints*G51 -> 0 | M51: =J51*BronzePoints*G51 -> 0 | N51: =K51+L51+M51 -> 0 | O51: {=IF(E51="",FALSE,IFERROR(AND(ISNUMBER(MATCH(E51,Countries!$A$2:$A$72,0)),XLOOKUP(E51,Countries!$A$2:$A$72,Countries!$I$2:$I$72,FALSE)),FALSE))} -> FALSE | P51: {=IF(E51="",FALSE,IFERROR(XLOOKUP(E51,Countries!$A$2:$A$72,Countries!$G$2:$G$72,FALSE),FALSE))} -> FALSE | Q51: =IF(P51,"","⚪") -> ⚪
A52: {=IFERROR(IF(INDEX(Entries!$C$2:$C$48,7)="","",INDEX(Entries!$Q$2:$Q$48,7)),"")} | B52: {=IF(A52="","",IFERROR(INDEX(Entries!$E$2:$E$48,7),""))} | C52: =IF(A52="","","Tier2_Pick2") | D52: =IF(A52="","",2) | E52: {=IF(A52="","",IFERROR(INDEX(Entries!$N$2:$N$48,7),""))} | F52: =IF(E52="","",IFERROR(_xludf.XLOOKUP(E52,Countries!$A$2:$A$72,Countries!$B$2:$B$72,"???"),"???")) | G52: {=IF(E52="",0,IFERROR(XLOOKUP(E52,Countries!$A$2:$A$72,Countries!$E$2:$E$72,0),0))} -> 0 | H52: {=IF(E52="",0,IFERROR(XLOOKUP(E52,Medals!$B$2:$B$51,Medals!$D$2:$D$51,0),0))} -> 0 | I52: {=IF(E52="",0,IFERROR(XLOOKUP(E52,Medals!$B$2:$B$51,Medals!$E$2:$E$51,0),0))} -> 0 | J52: {=IF(E52="",0,IFERROR(XLOOKUP(E52,Medals!$B$2:$B$51,Medals!$F$2:$F$51,0),0))} -> 0 | K52: =H52*GoldPoints*G52 -> 0 | L52: =I52*SilverPoints*G52 -> 0 | M52: =J52*BronzePoints*G52 -> 0 | N52: =K52+L52+M52 -> 0 | O52: {=IF(E52="",FALSE,IFERROR(AND(ISNUMBER(MATCH(E52,Countries!$A$2:$A$72,0)),XLOOKUP(E52,Countries!$A$2:$A$72,Countries!$I$2:$I$72,FALSE)),FALSE))} -> FALSE | P52: {=IF(E52="",FALSE,IFERROR(XLOOKUP(E52,Countries!$A$2:$A$72,Countries!$G$2:$G$72,FALSE),FALSE))} -> FALSE | Q52: =IF(P52,"","⚪") -> ⚪
A53: {=IFERROR(IF(INDEX(Entries!$C$2:$C$48,7)="","",INDEX(Entries!$Q$2:$Q$48,7)),"")} | B53: {=IF(A53="","",IFERROR(INDEX(Entries!$E$2:$E$48,7),""))} | C53: =IF(A53="","","Tier3_Pick1") | D53: =IF(A53="","",3) | E53: {=IF(A53="","",IFERROR(INDEX(Entries!$H$2:$H$48,7),""))} | F53: =IF(E53="","",IFERROR(_xludf.XLOOKUP(E53,Countries!$A$2:$A$72,Countries!$B$2:$B$72,"???"),"???")) | G53: {=IF(E53="",0,IFERROR(XLOOKUP(E53,Countries!$A$2:$A$72,Countries!$E$2:$E$72,0),0))} -> 0 | H53: {=IF(E53="",0,IFERROR(XLOOKUP(E53,Medals!$B$2:$B$51,Medals!$D$2:$D$51,0),0))} -> 0 | I53: {=IF(E53="",0,IFERROR(XLOOKUP(E53,Medals!$B$2:$B$51,Medals!$E$2:$E$51,0),0))} -> 0 | J53: {=IF(E53="",0,IFERROR(XLOOKUP(E53,Medals!$B$2:$B$51,Medals!$F$2:$F$51,0),0))} -> 0 | K53: =H53*GoldPoints*G53 -> 0 | L53: =I53*SilverPoints*G53 -> 0 | M53: =J53*BronzePoints*G53 -> 0 | N53: =K53+L53+M53 -> 0 | O53: {=IF(E53="",FALSE,IFERROR(AND(ISNUMBER(MATCH(E53,Countries!$A$2:$A$72,0)),XLOOKUP(E53,Countries!$A$2:$A$72,Countries!$I$2:$I$72,FALSE)),FALSE))} -> FALSE | P53: {=IF(E53="",FALSE,IFERROR(XLOOKUP(E53,Countries!$A$2:$A$72,Countries!$G$2:$G$72,FALSE),FALSE))} -> FALSE | Q53: =IF(P53,"","⚪") -> ⚪
A54: {=IFERROR(IF(INDEX(Entries!$C$2:$C$48,7)="","",INDEX(Entries!$Q$2:$Q$48,7)),"")} | B54: {=IF(A54="","",IFERROR(INDEX(Entries!$E$2:$E$48,7),""))} | C54: =IF(A54="","","Tier4_Pick1") | D54: =IF(A54="","",4) | E54: {=IF(A54="","",IFERROR(INDEX(Entries!$I$2:$I$48,7),""))} | F54: =IF(E54="","",IFERROR(_xludf.XLOOKUP(E54,Countries!$A$2:$A$72,Countries!$B$2:$B$72,"???"),"???")) | G54: {=IF(E54="",0,IFERROR(XLOOKUP(E54,Countries!$A$2:$A$72,Countries!$E$2:$E$72,0),0))} -> 0 | H54: {=IF(E54="",0,IFERROR(XLOOKUP(E54,Medals!$B$2:$B$51,Medals!$D$2:$D$51,0),0))} -> 0 | I54: {=IF(E54="",0,IFERROR(XLOOKUP(E54,Medals!$B$2:$B$51,Medals!$E$2:$E$51,0),0))} -> 0 | J54: {=IF(E54="",0,IFERROR(XLOOKUP(E54,Medals!$B$2:$B$51,Medals!$F$2:$F$51,0),0))} -> 0 | K54: =H54*GoldPoints*G54 -> 0 | L54: =I54*SilverPoints*G54 -> 0 | M54: =J54*BronzePoints*G54 -> 0 | N54: =K54+L54+M54 -> 0 | O54: {=IF(E54="",FALSE,IFERROR(AND(ISNUMBER(MATCH(E54,Countries!$A$2:$A$72,0)),XLOOKUP(E54,Countries!$A$2:$A$72,Countries!$I$2:$I$72,FALSE)),FALSE))} -> FALSE | P54: {=IF(E54="",FALSE,IFERROR(XLOOKUP(E54,Countries!$A$2:$A$72,Countries!$G$2:$G$72,FALSE),FALSE))} -> FALSE | Q54: =IF(P54,"","⚪") -> ⚪
A55: {=IFERROR(IF(INDEX(Entries!$C$2:$C$48,7)="","",INDEX(Entries!$Q$2:$Q$48,7)),"")} | B55: {=IF(A55="","",IFERROR(INDEX(Entries!$E$2:$E$48,7),""))} | C55: =IF(A55="","","Tier5_Pick1") | D55: =IF(A55="","",5) | E55: {=IF(A55="","",IFERROR(INDEX(Entries!$J$2:$J$48,7),""))} | F55: =IF(E55="","",IFERROR(_xludf.XLOOKUP(E55,Countries!$A$2:$A$72,Countries!$B$2:$B$72,"???"),"???")) | G55: {=IF(E55="",0,IFERROR(XLOOKUP(E55,Countries!$A$2:$A$72,Countries!$E$2:$E$72,0),0))} -> 0 | H55: {=IF(E55="",0,IFERROR(XLOOKUP(E55,Medals!$B$2:$B$51,Medals!$D$2:$D$51,0),0))} -> 0 | I55: {=IF(E55="",0,IFERROR(XLOOKUP(E55,Medals!$B$2:$B$51,Medals!$E$2:$E$51,0),0))} -> 0 | J55: {=IF(E55="",0,IFERROR(XLOOKUP(E55,Medals!$B$2:$B$51,Medals!$F$2:$F$51,0),0))} -> 0 | K55: =H55*GoldPoints*G55 -> 0 | L55: =I55*SilverPoints*G55 -> 0 | M55: =J55*BronzePoints*G55 -> 0 | N55: =K55+L55+M55 -> 0 | O55: {=IF(E55="",FALSE,IFERROR(AND(ISNUMBER(MATCH(E55,Countries!$A$2:$A$72,0)),XLOOKUP(E55,Countries!$A$2:$A$72,Countries!$I$2:$I$72,FALSE)),FALSE))} -> FALSE | P55: {=IF(E55="",FALSE,IFERROR(XLOOKUP(E55,Countries!$A$2:$A$72,Countries!$G$2:$G$72,FALSE),FALSE))} -> FALSE | Q55: =IF(P55,"","⚪") -> ⚪
A56: {=IFERROR(IF(INDEX(Entries!$C$2:$C$48,7)="","",INDEX(Entries!$Q$2:$Q$48,7)),"")} | B56: {=IF(A56="","",IFERROR(INDEX(Entries!$E$2:$E$48,7),""))} | C56: =IF(A56="","","Tier6_Pick1") | D56: =IF(A56="","",6) | E56: {=IF(A56="","",IFERROR(INDEX(Entries!$O$2:$O$48,7),""))} | F56: =IF(E56="","",IFERROR(_xludf.XLOOKUP(E56,Countries!$A$2:$A$72,Countries!$B$2:$B$72,"???"),"???")) | G56: {=IF(E56="",0,IFERROR(XLOOKUP(E56,Countries!$A$2:$A$72,Countries!$E$2:$E$72,0),0))} -> 0 | H56: {=IF(E56="",0,IFERROR(XLOOKUP(E56,Medals!$B$2:$B$51,Medals!$D$2:$D$51,0),0))} -> 0 | I56: {=IF(E56="",0,IFERROR(XLOOKUP(E56,Medals!$B$2:$B$51,Medals!$E$2:$E$51,0),0))} -> 0 | J56: {=IF(E56="",0,IFERROR(XLOOKUP(E56,Medals!$B$2:$B$51,Medals!$F$2:$F$51,0),0))} -> 0 | K56: =H56*GoldPoints*G56 -> 0 | L56: =I56*SilverPoints*G56 -> 0 | M56: =J56*BronzePoints*G56 -> 0 | N56: =K56+L56+M56 -> 0 | O56: {=IF(E56="",FALSE,IFERROR(AND(ISNUMBER(MATCH(E56,Countries!$A$2:$A$72,0)),XLOOKUP(E56,Countries!$A$2:$A$72,Countries!$I$2:$I$72,FALSE)),FALSE))} -> FALSE | P56: {=IF(E56="",FALSE,IFERROR(XLOOKUP(E56,Countries!$A$2:$A$72,Countries!$G$2:$G$72,FALSE),FALSE))} -> FALSE | Q56: =IF(P56,"","⚪") -> ⚪
A57: {=IFERROR(IF(INDEX(Entries!$C$2:$C$48,7)="","",INDEX(Entries!$Q$2:$Q$48,7)),"")} | B57: {=IF(A57="","",IFERROR(INDEX(Entries!$E$2:$E$48,7),""))} | C57: =IF(A57="","","Tier6_Pick2") | D57: =IF(A57="","",6) | E57: {=IF(A57="","",IFERROR(INDEX(Entries!$P$2:$P$48,7),""))} | F57: =IF(E57="","",IFERROR(_xludf.XLOOKUP(E57,Countries!$A$2:$A$72,Countries!$B$2:$B$72,"???"),"???")) | G57: {=IF(E57="",0,IFERROR(XLOOKUP(E57,Countries!$A$2:$A$72,Countries!$E$2:$E$72,0),0))} -> 0 | H57: {=IF(E57="",0,IFERROR(XLOOKUP(E57,Medals!$B$2:$B$51,Medals!$D$2:$D$51,0),0))} -> 0 | I57: {=IF(E57="",0,IFERROR(XLOOKUP(E57,Medals!$B$2:$B$51,Medals!$E$2:$E$51,0),0))} -> 0 | J57: {=IF(E57="",0,IFERROR(XLOOKUP(E57,Medals!$B$2:$B$51,Medals!$F$2:$F$51,0),0))} -> 0 | K57: =H57*GoldPoints*G57 -> 0 | L57: =I57*SilverPoints*G57 -> 0 | M57: =J57*BronzePoints*G57 -> 0 | N57: =K57+L57+M57 -> 0 | O57: {=IF(E57="",FALSE,IFERROR(AND(ISNUMBER(MATCH(E57,Countries!$A$2:$A$72,0)),XLOOKUP(E57,Countries!$A$2:$A$72,Countries!$I$2:$I$72,FALSE)),FALSE))} -> FALSE | P57: {=IF(E57="",FALSE,IFERROR(XLOOKUP(E57,Countries!$A$2:$A$72,Countries!$G$2:$G$72,FALSE),FALSE))} -> FALSE | Q57: =IF(P57,"","⚪") -> ⚪
A58: {=IFERROR(IF(INDEX(Entries!$C$2:$C$48,8)="","",INDEX(Entries!$Q$2:$Q$48,8)),"")} | B58: {=IF(A58="","",IFERROR(INDEX(Entries!$E$2:$E$48,8),""))} | C58: =IF(A58="","","Tier1_Pick1") | D58: =IF(A58="","",1) | E58: {=IF(A58="","",IFERROR(INDEX(Entries!$F$2:$F$48,8),""))} | F58: =IF(E58="","",IFERROR(_xludf.XLOOKUP(E58,Countries!$A$2:$A$72,Countries!$B$2:$B$72,"???"),"???")) | G58: {=IF(E58="",0,IFERROR(XLOOKUP(E58,Countries!$A$2:$A$72,Countries!$E$2:$E$72,0),0))} -> 0 | H58: {=IF(E58="",0,IFERROR(XLOOKUP(E58,Medals!$B$2:$B$51,Medals!$D$2:$D$51,0),0))} -> 0 | I58: {=IF(E58="",0,IFERROR(XLOOKUP(E58,Medals!$B$2:$B$51,Medals!$E$2:$E$51,0),0))} -> 0 | J58: {=IF(E58="",0,IFERROR(XLOOKUP(E58,Medals!$B$2:$B$51,Medals!$F$2:$F$51,0),0))} -> 0 | K58: =H58*GoldPoints*G58 -> 0 | L58: =I58*SilverPoints*G58 -> 0 | M58: =J58*BronzePoints*G58 -> 0 | N58: =K58+L58+M58 -> 0 | O58: {=IF(E58="",FALSE,IFERROR(AND(ISNUMBER(MATCH(E58,Countries!$A$2:$A$72,0)),XLOOKUP(E58,Countries!$A$2:$A$72,Countries!$I$2:$I$72,FALSE)),FALSE))} -> FALSE | P58: {=IF(E58="",FALSE,IFERROR(XLOOKUP(E58,Countries!$A$2:$A$72,Countries!$G$2:$G$72,FALSE),FALSE))} -> FALSE | Q58: =IF(P58,"","⚪") -> ⚪
A59: {=IFERROR(IF(INDEX(Entries!$C$2:$C$48,8)="","",INDEX(Entries!$Q$2:$Q$48,8)),"")} | B59: {=IF(A59="","",IFERROR(INDEX(Entries!$E$2:$E$48,8),""))} | C59: =IF(A59="","","Tier2_Pick1") | D59: =IF(A59="","",2) | E59: {=IF(A59="","",IFERROR(INDEX(Entries!$M$2:$M$48,8),""))} | F59: =IF(E59="","",IFERROR(_xludf.XLOOKUP(E59,Countries!$A$2:$A$72,Countries!$B$2:$B$72,"???"),"???")) | G59: {=IF(E59="",0,IFERROR(XLOOKUP(E59,Countries!$A$2:$A$72,Countries!$E$2:$E$72,0),0))} -> 0 | H59: {=IF(E59="",0,IFERROR(XLOOKUP(E59,Medals!$B$2:$B$51,Medals!$D$2:$D$51,0),0))} -> 0 | I59: {=IF(E59="",0,IFERROR(XLOOKUP(E59,Medals!$B$2:$B$51,Medals!$E$2:$E$51,0),0))} -> 0 | J59: {=IF(E59="",0,IFERROR(XLOOKUP(E59,Medals!$B$2:$B$51,Medals!$F$2:$F$51,0),0))} -> 0 | K59: =H59*GoldPoints*G59 -> 0 | L59: =I59*SilverPoints*G59 -> 0 | M59: =J59*BronzePoints*G59 -> 0 | N59: =K59+L59+M59 -> 0 | O59: {=IF(E59="",FALSE,IFERROR(AND(ISNUMBER(MATCH(E59,Countries!$A$2:$A$72,0)),XLOOKUP(E59,Countries!$A$2:$A$72,Countries!$I$2:$I$72,FALSE)),FALSE))} -> FALSE | P59: {=IF(E59="",FALSE,IFERROR(XLOOKUP(E59,Countries!$A$2:$A$72,Countries!$G$2:$G$72,FALSE),FALSE))} -> FALSE | Q59: =IF(P59,"","⚪") -> ⚪
A60: {=IFERROR(IF(INDEX(Entries!$C$2:$C$48,8)="","",INDEX(Entries!$Q$2:$Q$48,8)),"")} | B60: {=IF(A60="","",IFERROR(INDEX(Entries!$E$2:$E$48,8),""))} | C60: =IF(A60="","","Tier2_Pick2") | D60: =IF(A60="","",2) | E60: {=IF(A60="","",IFERROR(INDEX(Entries!$N$2:$N$48,8),""))} | F60: =IF(E60="","",IFERROR(_xludf.XLOOKUP(E60,Countries!$A$2:$A$72,Countries!$B$2:$B$72,"???"),"???")) | G60: {=IF(E60="",0,IFERROR(XLOOKUP(E60,Countries!$A$2:$A$72,Countries!$E$2:$E$72,0),0))} -> 0 | H60: {=IF(E60="",0,IFERROR(XLOOKUP(E60,Medals!$B$2:$B$51,Medals!$D$2:$D$51,0),0))} -> 0 | I60: {=IF(E60="",0,IFERROR(XLOOKUP(E60,Medals!$B$2:$B$51,Medals!$E$2:$E$51,0),0))} -> 0 | J60: {=IF(E60="",0,IFERROR(XLOOKUP(E60,Medals!$B$2:$B$51,Medals!$F$2:$F$51,0),0))} -> 0 | K60: =H60*GoldPoints*G60 -> 0 | L60: =I60*SilverPoints*G60 -> 0 | M60: =J60*BronzePoints*G60 -> 0 | N60: =K60+L60+M60 -> 0 | O60: {=IF(E60="",FALSE,IFERROR(AND(ISNUMBER(MATCH(E60,Countries!$A$2:$A$72,0)),XLOOKUP(E60,Countries!$A$2:$A$72,Countries!$I$2:$I$72,FALSE)),FALSE))} -> FALSE | P60: {=IF(E60="",FALSE,IFERROR(XLOOKUP(E60,Countries!$A$2:$A$72,Countries!$G$2:$G$72,FALSE),FALSE))} -> FALSE | Q60: =IF(P60,"","⚪") -> ⚪
A61: {=IFERROR(IF(INDEX(Entries!$C$2:$C$48,8)="","",INDEX(Entries!$Q$2:$Q$48,8)),"")} | B61: {=IF(A61="","",IFERROR(INDEX(Entries!$E$2:$E$48,8),""))} | C61: =IF(A61="","","Tier3_Pick1") | D61: =IF(A61="","",3) | E61: {=IF(A61="","",IFERROR(INDEX(Entries!$H$2:$H$48,8),""))} | F61: =IF(E61="","",IFERROR(_xludf.XLOOKUP(E61,Countries!$A$2:$A$72,Countries!$B$2:$B$72,"???"),"???")) | G61: {=IF(E61="",0,IFERROR(XLOOKUP(E61,Countries!$A$2:$A$72,Countries!$E$2:$E$72,0),0))} -> 0 | H61: {=IF(E61="",0,IFERROR(XLOOKUP(E61,Medals!$B$2:$B$51,Medals!$D$2:$D$51,0),0))} -> 0 | I61: {=IF(E61="",0,IFERROR(XLOOKUP(E61,Medals!$B$2:$B$51,Medals!$E$2:$E$51,0),0))} -> 0 | J61: {=IF(E61="",0,IFERROR(XLOOKUP(E61,Medals!$B$2:$B$51,Medals!$F$2:$F$51,0),0))} -> 0 | K61: =H61*GoldPoints*G61 -> 0 | L61: =I61*SilverPoints*G61 -> 0 | M61: =J61*BronzePoints*G61 -> 0 | N61: =K61+L61+M61 -> 0 | O61: {=IF(E61="",FALSE,IFERROR(AND(ISNUMBER(MATCH(E61,Countries!$A$2:$A$72,0)),XLOOKUP(E61,Countries!$A$2:$A$72,Countries!$I$2:$I$72,FALSE)),FALSE))} -> FALSE | P61: {=IF(E61="",FALSE,IFERROR(XLOOKUP(E61,Countries!$A$2:$A$72,Countries!$G$2:$G$72,FALSE),FALSE))} -> FALSE | Q61: =IF(P61,"","⚪") -> ⚪
A62: {=IFERROR(IF(INDEX(Entries!$C$2:$C$48,8)="","",INDEX(Entries!$Q$2:$Q$48,8)),"")} | B62: {=IF(A62="","",IFERROR(INDEX(Entries!$E$2:$E$48,8),""))} | C62: =IF(A62="","","Tier4_Pick1") | D62: =IF(A62="","",4) | E62: {=IF(A62="","",IFERROR(INDEX(Entries!$I$2:$I$48,8),""))} | F62: =IF(E62="","",IFERROR(_xludf.XLOOKUP(E62,Countries!$A$2:$A$72,Countries!$B$2:$B$72,"???"),"???")) | G62: {=IF(E62="",0,IFERROR(XLOOKUP(E62,Countries!$A$2:$A$72,Countries!$E$2:$E$72,0),0))} -> 0 | H62: {=IF(E62="",0,IFERROR(XLOOKUP(E62,Medals!$B$2:$B$51,Medals!$D$2:$D$51,0),0))} -> 0 | I62: {=IF(E62="",0,IFERROR(XLOOKUP(E62,Medals!$B$2:$B$51,Medals!$E$2:$E$51,0),0))} -> 0 | J62: {=IF(E62="",0,IFERROR(XLOOKUP(E62,Medals!$B$2:$B$51,Medals!$F$2:$F$51,0),0))} -> 0 | K62: =H62*GoldPoints*G62 -> 0 | L62: =I62*SilverPoints*G62 -> 0 | M62: =J62*BronzePoints*G62 -> 0 | N62: =K62+L62+M62 -> 0 | O62: {=IF(E62="",FALSE,IFERROR(AND(ISNUMBER(MATCH(E62,Countries!$A$2:$A$72,0)),XLOOKUP(E62,Countries!$A$2:$A$72,Countries!$I$2:$I$72,FALSE)),FALSE))} -> FALSE | P62: {=IF(E62="",FALSE,IFERROR(XLOOKUP(E62,Countries!$A$2:$A$72,Countries!$G$2:$G$72,FALSE),FALSE))} -> FALSE | Q62: =IF(P62,"","⚪") -> ⚪
A63: {=IFERROR(IF(INDEX(Entries!$C$2:$C$48,8)="","",INDEX(Entries!$Q$2:$Q$48,8)),"")} | B63: {=IF(A63="","",IFERROR(INDEX(Entries!$E$2:$E$48,8),""))} | C63: =IF(A63="","","Tier5_Pick1") | D63: =IF(A63="","",5) | E63: {=IF(A63="","",IFERROR(INDEX(Entries!$J$2:$J$48,8),""))} | F63: =IF(E63="","",IFERROR(_xludf.XLOOKUP(E63,Countries!$A$2:$A$72,Countries!$B$2:$B$72,"???"),"???")) | G63: {=IF(E63="",0,IFERROR(XLOOKUP(E63,Countries!$A$2:$A$72,Countries!$E$2:$E$72,0),0))} -> 0 | H63: {=IF(E63="",0,IFERROR(XLOOKUP(E63,Medals!$B$2:$B$51,Medals!$D$2:$D$51,0),0))} -> 0 | I63: {=IF(E63="",0,IFERROR(XLOOKUP(E63,Medals!$B$2:$B$51,Medals!$E$2:$E$51,0),0))} -> 0 | J63: {=IF(E63="",0,IFERROR(XLOOKUP(E63,Medals!$B$2:$B$51,Medals!$F$2:$F$51,0),0))} -> 0 | K63: =H63*GoldPoints*G63 -> 0 | L63: =I63*SilverPoints*G63 -> 0 | M63: =J63*BronzePoints*G63 -> 0 | N63: =K63+L63+M63 -> 0 | O63: {=IF(E63="",FALSE,IFERROR(AND(ISNUMBER(MATCH(E63,Countries!$A$2:$A$72,0)),XLOOKUP(E63,Countries!$A$2:$A$72,Countries!$I$2:$I$72,FALSE)),FALSE))} -> FALSE | P63: {=IF(E63="",FALSE,IFERROR(XLOOKUP(E63,Countries!$A$2:$A$72,Countries!$G$2:$G$72,FALSE),FALSE))} -> FALSE | Q63: =IF(P63,"","⚪") -> ⚪
A64: {=IFERROR(IF(INDEX(Entries!$C$2:$C$48,8)="","",INDEX(Entries!$Q$2:$Q$48,8)),"")} | B64: {=IF(A64="","",IFERROR(INDEX(Entries!$E$2:$E$48,8),""))} | C64: =IF(A64="","","Tier6_Pick1") | D64: =IF(A64="","",6) | E64: {=IF(A64="","",IFERROR(INDEX(Entries!$O$2:$O$48,8),""))} | F64: =IF(E64="","",IFERROR(_xludf.XLOOKUP(E64,Countries!$A$2:$A$72,Countries!$B$2:$B$72,"???"),"???")) | G64: {=IF(E64="",0,IFERROR(XLOOKUP(E64,Countries!$A$2:$A$72,Countries!$E$2:$E$72,0),0))} -> 0 | H64: {=IF(E64="",0,IFERROR(XLOOKUP(E64,Medals!$B$2:$B$51,Medals!$D$2:$D$51,0),0))} -> 0 | I64: {=IF(E64="",0,IFERROR(XLOOKUP(E64,Medals!$B$2:$B$51,Medals!$E$2:$E$51,0),0))} -> 0 | J64: {=IF(E64="",0,IFERROR(XLOOKUP(E64,Medals!$B$2:$B$51,Medals!$F$2:$F$51,0),0))} -> 0 | K64: =H64*GoldPoints*G64 -> 0 | L64: =I64*SilverPoints*G64 -> 0 | M64: =J64*BronzePoints*G64 -> 0 | N64: =K64+L64+M64 -> 0 | O64: {=IF(E64="",FALSE,IFERROR(AND(ISNUMBER(MATCH(E64,Countries!$A$2:$A$72,0)),XLOOKUP(E64,Countries!$A$2:$A$72,Countries!$I$2:$I$72,FALSE)),FALSE))} -> FALSE | P64: {=IF(E64="",FALSE,IFERROR(XLOOKUP(E64,Countries!$A$2:$A$72,Countries!$G$2:$G$72,FALSE),FALSE))} -> FALSE | Q64: =IF(P64,"","⚪") -> ⚪
A65: {=IFERROR(IF(INDEX(Entries!$C$2:$C$48,8)="","",INDEX(Entries!$Q$2:$Q$48,8)),"")} | B65: {=IF(A65="","",IFERROR(INDEX(Entries!$E$2:$E$48,8),""))} | C65: =IF(A65="","","Tier6_Pick2") | D65: =IF(A65="","",6) | E65: {=IF(A65="","",IFERROR(INDEX(Entries!$P$2:$P$48,8),""))} | F65: =IF(E65="","",IFERROR(_xludf.XLOOKUP(E65,Countries!$A$2:$A$72,Countries!$B$2:$B$72,"???"),"???")) | G65: {=IF(E65="",0,IFERROR(XLOOKUP(E65,Countries!$A$2:$A$72,Countries!$E$2:$E$72,0),0))} -> 0 | H65: {=IF(E65="",0,IFERROR(XLOOKUP(E65,Medals!$B$2:$B$51,Medals!$D$2:$D$51,0),0))} -> 0 | I65: {=IF(E65="",0,IFERROR(XLOOKUP(E65,Medals!$B$2:$B$51,Medals!$E$2:$E$51,0),0))} -> 0 | J65: {=IF(E65="",0,IFERROR(XLOOKUP(E65,Medals!$B$2:$B$51,Medals!$F$2:$F$51,0),0))} -> 0 | K65: =H65*GoldPoints*G65 -> 0 | L65: =I65*SilverPoints*G65 -> 0 | M65: =J65*BronzePoints*G65 -> 0 | N65: =K65+L65+M65 -> 0 | O65: {=IF(E65="",FALSE,IFERROR(AND(ISNUMBER(MATCH(E65,Countries!$A$2:$A$72,0)),XLOOKUP(E65,Countries!$A$2:$A$72,Countries!$I$2:$I$72,FALSE)),FALSE))} -> FALSE | P65: {=IF(E65="",FALSE,IFERROR(XLOOKUP(E65,Countries!$A$2:$A$72,Countries!$G$2:$G$72,FALSE),FALSE))} -> FALSE | Q65: =IF(P65,"","⚪") -> ⚪
A66: {=IFERROR(IF(INDEX(Entries!$C$2:$C$48,9)="","",INDEX(Entries!$Q$2:$Q$48,9)),"")} | B66: {=IF(A66="","",IFERROR(INDEX(Entries!$E$2:$E$48,9),""))} | C66: =IF(A66="","","Tier1_Pick1") | D66: =IF(A66="","",1) | E66: {=IF(A66="","",IFERROR(INDEX(Entries!$F$2:$F$48,9),""))} | F66: =IF(E66="","",IFERROR(_xludf.XLOOKUP(E66,Countries!$A$2:$A$72,Countries!$B$2:$B$72,"???"),"???")) | G66: {=IF(E66="",0,IFERROR(XLOOKUP(E66,Countries!$A$2:$A$72,Countries!$E$2:$E$72,0),0))} -> 0 | H66: {=IF(E66="",0,IFERROR(XLOOKUP(E66,Medals!$B$2:$B$51,Medals!$D$2:$D$51,0),0))} -> 0 | I66: {=IF(E66="",0,IFERROR(XLOOKUP(E66,Medals!$B$2:$B$51,Medals!$E$2:$E$51,0),0))} -> 0 | J66: {=IF(E66="",0,IFERROR(XLOOKUP(E66,Medals!$B$2:$B$51,Medals!$F$2:$F$51,0),0))} -> 0 | K66: =H66*GoldPoints*G66 -> 0 | L66: =I66*SilverPoints*G66 -> 0 | M66: =J66*BronzePoints*G66 -> 0 | N66: =K66+L66+M66 -> 0 | O66: {=IF(E66="",FALSE,IFERROR(AND(ISNUMBER(MATCH(E66,Countries!$A$2:$A$72,0)),XLOOKUP(E66,Countries!$A$2:$A$72,Countries!$I$2:$I$72,FALSE)),FALSE))} -> FALSE | P66: {=IF(E66="",FALSE,IFERROR(XLOOKUP(E66,Countries!$A$2:$A$72,Countries!$G$2:$G$72,FALSE),FALSE))} -> FALSE | Q66: =IF(P66,"","⚪") -> ⚪
A67: {=IFERROR(IF(INDEX(Entries!$C$2:$C$48,9)="","",INDEX(Entries!$Q$2:$Q$48,9)),"")} | B67: {=IF(A67="","",IFERROR(INDEX(Entries!$E$2:$E$48,9),""))} | C67: =IF(A67="","","Tier2_Pick1") | D67: =IF(A67="","",2) | E67: {=IF(A67="","",IFERROR(INDEX(Entries!$M$2:$M$48,9),""))} | F67: =IF(E67="","",IFERROR(_xludf.XLOOKUP(E67,Countries!$A$2:$A$72,Countries!$B$2:$B$72,"???"),"???")) | G67: {=IF(E67="",0,IFERROR(XLOOKUP(E67,Countries!$A$2:$A$72,Countries!$E$2:$E$72,0),0))} -> 0 | H67: {=IF(E67="",0,IFERROR(XLOOKUP(E67,Medals!$B$2:$B$51,Medals!$D$2:$D$51,0),0))} -> 0 | I67: {=IF(E67="",0,IFERROR(XLOOKUP(E67,Medals!$B$2:$B$51,Medals!$E$2:$E$51,0),0))} -> 0 | J67: {=IF(E67="",0,IFERROR(XLOOKUP(E67,Medals!$B$2:$B$51,Medals!$F$2:$F$51,0),0))} -> 0 | K67: =H67*GoldPoints*G67 -> 0 | L67: =I67*SilverPoints*G67 -> 0 | M67: =J67*BronzePoints*G67 -> 0 | N67: =K67+L67+M67 -> 0 | O67: {=IF(E67="",FALSE,IFERROR(AND(ISNUMBER(MATCH(E67,Countries!$A$2:$A$72,0)),XLOOKUP(E67,Countries!$A$2:$A$72,Countries!$I$2:$I$72,FALSE)),FALSE))} -> FALSE | P67: {=IF(E67="",FALSE,IFERROR(XLOOKUP(E67,Countries!$A$2:$A$72,Countries!$G$2:$G$72,FALSE),FALSE))} -> FALSE | Q67: =IF(P67,"","⚪") -> ⚪
A68: {=IFERROR(IF(INDEX(Entries!$C$2:$C$48,9)="","",INDEX(Entries!$Q$2:$Q$48,9)),"")} | B68: {=IF(A68="","",IFERROR(INDEX(Entries!$E$2:$E$48,9),""))} | C68: =IF(A68="","","Tier2_Pick2") | D68: =IF(A68="","",2) | E68: {=IF(A68="","",IFERROR(INDEX(Entries!$N$2:$N$48,9),""))} | F68: =IF(E68="","",IFERROR(_xludf.XLOOKUP(E68,Countries!$A$2:$A$72,Countries!$B$2:$B$72,"???"),"???")) | G68: {=IF(E68="",0,IFERROR(XLOOKUP(E68,Countries!$A$2:$A$72,Countries!$E$2:$E$72,0),0))} -> 0 | H68: {=IF(E68="",0,IFERROR(XLOOKUP(E68,Medals!$B$2:$B$51,Medals!$D$2:$D$51,0),0))} -> 0 | I68: {=IF(E68="",0,IFERROR(XLOOKUP(E68,Medals!$B$2:$B$51,Medals!$E$2:$E$51,0),0))} -> 0 | J68: {=IF(E68="",0,IFERROR(XLOOKUP(E68,Medals!$B$2:$B$51,Medals!$F$2:$F$51,0),0))} -> 0 | K68: =H68*GoldPoints*G68 -> 0 | L68: =I68*SilverPoints*G68 -> 0 | M68: =J68*BronzePoints*G68 -> 0 | N68: =K68+L68+M68 -> 0 | O68: {=IF(E68="",FALSE,IFERROR(AND(ISNUMBER(MATCH(E68,Countries!$A$2:$A$72,0)),XLOOKUP(E68,Countries!$A$2:$A$72,Countries!$I$2:$I$72,FALSE)),FALSE))} -> FALSE | P68: {=IF(E68="",FALSE,IFERROR(XLOOKUP(E68,Countries!$A$2:$A$72,Countries!$G$2:$G$72,FALSE),FALSE))} -> FALSE | Q68: =IF(P68,"","⚪") -> ⚪
A69: {=IFERROR(IF(INDEX(Entries!$C$2:$C$48,9)="","",INDEX(Entries!$Q$2:$Q$48,9)),"")} | B69: {=IF(A69="","",IFERROR(INDEX(Entries!$E$2:$E$48,9),""))} | C69: =IF(A69="","","Tier3_Pick1") | D69: =IF(A69="","",3) | E69: {=IF(A69="","",IFERROR(INDEX(Entries!$H$2:$H$48,9),""))} | F69: =IF(E69="","",IFERROR(_xludf.XLOOKUP(E69,Countries!$A$2:$A$72,Countries!$B$2:$B$72,"???"),"???")) | G69: {=IF(E69="",0,IFERROR(XLOOKUP(E69,Countries!$A$2:$A$72,Countries!$E$2:$E$72,0),0))} -> 0 | H69: {=IF(E69="",0,IFERROR(XLOOKUP(E69,Medals!$B$2:$B$51,Medals!$D$2:$D$51,0),0))} -> 0 | I69: {=IF(E69="",0,IFERROR(XLOOKUP(E69,Medals!$B$2:$B$51,Medals!$E$2:$E$51,0),0))} -> 0 | J69: {=IF(E69="",0,IFERROR(XLOOKUP(E69,Medals!$B$2:$B$51,Medals!$F$2:$F$51,0),0))} -> 0 | K69: =H69*GoldPoints*G69 -> 0 | L69: =I69*SilverPoints*G69 -> 0 | M69: =J69*BronzePoints*G69 -> 0 | N69: =K69+L69+M69 -> 0 | O69: {=IF(E69="",FALSE,IFERROR(AND(ISNUMBER(MATCH(E69,Countries!$A$2:$A$72,0)),XLOOKUP(E69,Countries!$A$2:$A$72,Countries!$I$2:$I$72,FALSE)),FALSE))} -> FALSE | P69: {=IF(E69="",FALSE,IFERROR(XLOOKUP(E69,Countries!$A$2:$A$72,Countries!$G$2:$G$72,FALSE),FALSE))} -> FALSE | Q69: =IF(P69,"","⚪") -> ⚪
A70: {=IFERROR(IF(INDEX(Entries!$C$2:$C$48,9)="","",INDEX(Entries!$Q$2:$Q$48,9)),"")} | B70: {=IF(A70="","",IFERROR(INDEX(Entries!$E$2:$E$48,9),""))} | C70: =IF(A70="","","Tier4_Pick1") | D70: =IF(A70="","",4) | E70: {=IF(A70="","",IFERROR(INDEX(Entries!$I$2:$I$48,9),""))} | F70: =IF(E70="","",IFERROR(_xludf.XLOOKUP(E70,Countries!$A$2:$A$72,Countries!$B$2:$B$72,"???"),"???")) | G70: {=IF(E70="",0,IFERROR(XLOOKUP(E70,Countries!$A$2:$A$72,Countries!$E$2:$E$72,0),0))} -> 0 | H70: {=IF(E70="",0,IFERROR(XLOOKUP(E70,Medals!$B$2:$B$51,Medals!$D$2:$D$51,0),0))} -> 0 | I70: {=IF(E70="",0,IFERROR(XLOOKUP(E70,Medals!$B$2:$B$51,Medals!$E$2:$E$51,0),0))} -> 0 | J70: {=IF(E70="",0,IFERROR(XLOOKUP(E70,Medals!$B$2:$B$51,Medals!$F$2:$F$51,0),0))} -> 0 | K70: =H70*GoldPoints*G70 -> 0 | L70: =I70*SilverPoints*G70 -> 0 | M70: =J70*BronzePoints*G70 -> 0 | N70: =K70+L70+M70 -> 0 | O70: {=IF(E70="",FALSE,IFERROR(AND(ISNUMBER(MATCH(E70,Countries!$A$2:$A$72,0)),XLOOKUP(E70,Countries!$A$2:$A$72,Countries!$I$2:$I$72,FALSE)),FALSE))} -> FALSE | P70: {=IF(E70="",FALSE,IFERROR(XLOOKUP(E70,Countries!$A$2:$A$72,Countries!$G$2:$G$72,FALSE),FALSE))} -> FALSE | Q70: =IF(P70,"","⚪") -> ⚪
A71: {=IFERROR(IF(INDEX(Entries!$C$2:$C$48,9)="","",INDEX(Entries!$Q$2:$Q$48,9)),"")} | B71: {=IF(A71="","",IFERROR(INDEX(Entries!$E$2:$E$48,9),""))} | C71: =IF(A71="","","Tier5_Pick1") | D71: =IF(A71="","",5) | E71: {=IF(A71="","",IFERROR(INDEX(Entries!$J$2:$J$48,9),""))} | F71: =IF(E71="","",IFERROR(_xludf.XLOOKUP(E71,Countries!$A$2:$A$72,Countries!$B$2:$B$72,"???"),"???")) | G71: {=IF(E71="",0,IFERROR(XLOOKUP(E71,Countries!$A$2:$A$72,Countries!$E$2:$E$72,0),0))} -> 0 | H71: {=IF(E71="",0,IFERROR(XLOOKUP(E71,Medals!$B$2:$B$51,Medals!$D$2:$D$51,0),0))} -> 0 | I71: {=IF(E71="",0,IFERROR(XLOOKUP(E71,Medals!$B$2:$B$51,Medals!$E$2:$E$51,0),0))} -> 0 | J71: {=IF(E71="",0,IFERROR(XLOOKUP(E71,Medals!$B$2:$B$51,Medals!$F$2:$F$51,0),0))} -> 0 | K71: =H71*GoldPoints*G71 -> 0 | L71: =I71*SilverPoints*G71 -> 0 | M71: =J71*BronzePoints*G71 -> 0 | N71: =K71+L71+M71 -> 0 | O71: {=IF(E71="",FALSE,IFERROR(AND(ISNUMBER(MATCH(E71,Countries!$A$2:$A$72,0)),XLOOKUP(E71,Countries!$A$2:$A$72,Countries!$I$2:$I$72,FALSE)),FALSE))} -> FALSE | P71: {=IF(E71="",FALSE,IFERROR(XLOOKUP(E71,Countries!$A$2:$A$72,Countries!$G$2:$G$72,FALSE),FALSE))} -> FALSE | Q71: =IF(P71,"","⚪") -> ⚪
A72: {=IFERROR(IF(INDEX(Entries!$C$2:$C$48,9)="","",INDEX(Entries!$Q$2:$Q$48,9)),"")} | B72: {=IF(A72="","",IFERROR(INDEX(Entries!$E$2:$E$48,9),""))} | C72: =IF(A72="","","Tier6_Pick1") | D72: =IF(A72="","",6) | E72: {=IF(A72="","",IFERROR(INDEX(Entries!$O$2:$O$48,9),""))} | F72: =IF(E72="","",IFERROR(_xludf.XLOOKUP(E72,Countries!$A$2:$A$72,Countries!$B$2:$B$72,"???"),"???")) | G72: {=IF(E72="",0,IFERROR(XLOOKUP(E72,Countries!$A$2:$A$72,Countries!$E$2:$E$72,0),0))} -> 0 | H72: {=IF(E72="",0,IFERROR(XLOOKUP(E72,Medals!$B$2:$B$51,Medals!$D$2:$D$51,0),0))} -> 0 | I72: {=IF(E72="",0,IFERROR(XLOOKUP(E72,Medals!$B$2:$B$51,Medals!$E$2:$E$51,0),0))} -> 0 | J72: {=IF(E72="",0,IFERROR(XLOOKUP(E72,Medals!$B$2:$B$51,Medals!$F$2:$F$51,0),0))} -> 0 | K72: =H72*GoldPoints*G72 -> 0 | L72: =I72*SilverPoints*G72 -> 0 | M72: =J72*BronzePoints*G72 -> 0 | N72: =K72+L72+M72 -> 0 | O72: {=IF(E72="",FALSE,IFERROR(AND(ISNUMBER(MATCH(E72,Countries!$A$2:$A$72,0)),XLOOKUP(E72,Countries!$A$2:$A$72,Countries!$I$2:$I$72,FALSE)),FALSE))} -> FALSE | P72: {=IF(E72="",FALSE,IFERROR(XLOOKUP(E72,Countries!$A$2:$A$72,Countries!$G$2:$G$72,FALSE),FALSE))} -> FALSE | Q72: =IF(P72,"","⚪") -> ⚪
A73: {=IFERROR(IF(INDEX(Entries!$C$2:$C$48,9)="","",INDEX(Entries!$Q$2:$Q$48,9)),"")} | B73: {=IF(A73="","",IFERROR(INDEX(Entries!$E$2:$E$48,9),""))} | C73: =IF(A73="","","Tier6_Pick2") | D73: =IF(A73="","",6) | E73: {=IF(A73="","",IFERROR(INDEX(Entries!$P$2:$P$48,9),""))} | F73: =IF(E73="","",IFERROR(_xludf.XLOOKUP(E73,Countries!$A$2:$A$72,Countries!$B$2:$B$72,"???"),"???")) | G73: {=IF(E73="",0,IFERROR(XLOOKUP(E73,Countries!$A$2:$A$72,Countries!$E$2:$E$72,0),0))} -> 0 | H73: {=IF(E73="",0,IFERROR(XLOOKUP(E73,Medals!$B$2:$B$51,Medals!$D$2:$D$51,0),0))} -> 0 | I73: {=IF(E73="",0,IFERROR(XLOOKUP(E73,Medals!$B$2:$B$51,Medals!$E$2:$E$51,0),0))} -> 0 | J73: {=IF(E73="",0,IFERROR(XLOOKUP(E73,Medals!$B$2:$B$51,Medals!$F$2:$F$51,0),0))} -> 0 | K73: =H73*GoldPoints*G73 -> 0 | L73: =I73*SilverPoints*G73 -> 0 | M73: =J73*BronzePoints*G73 -> 0 | N73: =K73+L73+M73 -> 0 | O73: {=IF(E73="",FALSE,IFERROR(AND(ISNUMBER(MATCH(E73,Countries!$A$2:$A$72,0)),XLOOKUP(E73,Countries!$A$2:$A$72,Countries!$I$2:$I$72,FALSE)),FALSE))} -> FALSE | P73: {=IF(E73="",FALSE,IFERROR(XLOOKUP(E73,Countries!$A$2:$A$72,Countries!$G$2:$G$72,FALSE),FALSE))} -> FALSE | Q73: =IF(P73,"","⚪") -> ⚪
A74: {=IFERROR(IF(INDEX(Entries!$C$2:$C$48,10)="","",INDEX(Entries!$Q$2:$Q$48,10)),"")} | B74: {=IF(A74="","",IFERROR(INDEX(Entries!$E$2:$E$48,10),""))} | C74: =IF(A74="","","Tier1_Pick1") | D74: =IF(A74="","",1) | E74: {=IF(A74="","",IFERROR(INDEX(Entries!$F$2:$F$48,10),""))} | F74: =IF(E74="","",IFERROR(_xludf.XLOOKUP(E74,Countries!$A$2:$A$72,Countries!$B$2:$B$72,"???"),"???")) | G74: {=IF(E74="",0,IFERROR(XLOOKUP(E74,Countries!$A$2:$A$72,Countries!$E$2:$E$72,0),0))} -> 0 | H74: {=IF(E74="",0,IFERROR(XLOOKUP(E74,Medals!$B$2:$B$51,Medals!$D$2:$D$51,0),0))} -> 0 | I74: {=IF(E74="",0,IFERROR(XLOOKUP(E74,Medals!$B$2:$B$51,Medals!$E$2:$E$51,0),0))} -> 0 | J74: {=IF(E74="",0,IFERROR(XLOOKUP(E74,Medals!$B$2:$B$51,Medals!$F$2:$F$51,0),0))} -> 0 | K74: =H74*GoldPoints*G74 -> 0 | L74: =I74*SilverPoints*G74 -> 0 | M74: =J74*BronzePoints*G74 -> 0 | N74: =K74+L74+M74 -> 0 | O74: {=IF(E74="",FALSE,IFERROR(AND(ISNUMBER(MATCH(E74,Countries!$A$2:$A$72,0)),XLOOKUP(E74,Countries!$A$2:$A$72,Countries!$I$2:$I$72,FALSE)),FALSE))} -> FALSE | P74: {=IF(E74="",FALSE,IFERROR(XLOOKUP(E74,Countries!$A$2:$A$72,Countries!$G$2:$G$72,FALSE),FALSE))} -> FALSE | Q74: =IF(P74,"","⚪") -> ⚪
A75: {=IFERROR(IF(INDEX(Entries!$C$2:$C$48,10)="","",INDEX(Entries!$Q$2:$Q$48,10)),"")} | B75: {=IF(A75="","",IFERROR(INDEX(Entries!$E$2:$E$48,10),""))} | C75: =IF(A75="","","Tier2_Pick1") | D75: =IF(A75="","",2) | E75: {=IF(A75="","",IFERROR(INDEX(Entries!$M$2:$M$48,10),""))} | F75: =IF(E75="","",IFERROR(_xludf.XLOOKUP(E75,Countries!$A$2:$A$72,Countries!$B$2:$B$72,"???"),"???")) | G75: {=IF(E75="",0,IFERROR(XLOOKUP(E75,Countries!$A$2:$A$72,Countries!$E$2:$E$72,0),0))} -> 0 | H75: {=IF(E75="",0,IFERROR(XLOOKUP(E75,Medals!$B$2:$B$51,Medals!$D$2:$D$51,0),0))} -> 0 | I75: {=IF(E75="",0,IFERROR(XLOOKUP(E75,Medals!$B$2:$B$51,Medals!$E$2:$E$51,0),0))} -> 0 | J75: {=IF(E75="",0,IFERROR(XLOOKUP(E75,Medals!$B$2:$B$51,Medals!$F$2:$F$51,0),0))} -> 0 | K75: =H75*GoldPoints*G75 -> 0 | L75: =I75*SilverPoints*G75 -> 0 | M75: =J75*BronzePoints*G75 -> 0 | N75: =K75+L75+M75 -> 0 | O75: {=IF(E75="",FALSE,IFERROR(AND(ISNUMBER(MATCH(E75,Countries!$A$2:$A$72,0)),XLOOKUP(E75,Countries!$A$2:$A$72,Countries!$I$2:$I$72,FALSE)),FALSE))} -> FALSE | P75: {=IF(E75="",FALSE,IFERROR(XLOOKUP(E75,Countries!$A$2:$A$72,Countries!$G$2:$G$72,FALSE),FALSE))} -> FALSE | Q75: =IF(P75,"","⚪") -> ⚪
A76: {=IFERROR(IF(INDEX(Entries!$C$2:$C$48,10)="","",INDEX(Entries!$Q$2:$Q$48,10)),"")} | B76: {=IF(A76="","",IFERROR(INDEX(Entries!$E$2:$E$48,10),""))} | C76: =IF(A76="","","Tier2_Pick2") | D76: =IF(A76="","",2) | E76: {=IF(A76="","",IFERROR(INDEX(Entries!$N$2:$N$48,10),""))} | F76: =IF(E76="","",IFERROR(_xludf.XLOOKUP(E76,Countries!$A$2:$A$72,Countries!$B$2:$B$72,"???"),"???")) | G76: {=IF(E76="",0,IFERROR(XLOOKUP(E76,Countries!$A$2:$A$72,Countries!$E$2:$E$72,0),0))} -> 0 | H76: {=IF(E76="",0,IFERROR(XLOOKUP(E76,Medals!$B$2:$B$51,Medals!$D$2:$D$51,0),0))} -> 0 | I76: {=IF(E76="",0,IFERROR(XLOOKUP(E76,Medals!$B$2:$B$51,Medals!$E$2:$E$51,0),0))} -> 0 | J76: {=IF(E76="",0,IFERROR(XLOOKUP(E76,Medals!$B$2:$B$51,Medals!$F$2:$F$51,0),0))} -> 0 | K76: =H76*GoldPoints*G76 -> 0 | L76: =I76*SilverPoints*G76 -> 0 | M76: =J76*BronzePoints*G76 -> 0 | N76: =K76+L76+M76 -> 0 | O76: {=IF(E76="",FALSE,IFERROR(AND(ISNUMBER(MATCH(E76,Countries!$A$2:$A$72,0)),XLOOKUP(E76,Countries!$A$2:$A$72,Countries!$I$2:$I$72,FALSE)),FALSE))} -> FALSE | P76: {=IF(E76="",FALSE,IFERROR(XLOOKUP(E76,Countries!$A$2:$A$72,Countries!$G$2:$G$72,FALSE),FALSE))} -> FALSE | Q76: =IF(P76,"","⚪") -> ⚪
A77: {=IFERROR(IF(INDEX(Entries!$C$2:$C$48,10)="","",INDEX(Entries!$Q$2:$Q$48,10)),"")} | B77: {=IF(A77="","",IFERROR(INDEX(Entries!$E$2:$E$48,10),""))} | C77: =IF(A77="","","Tier3_Pick1") | D77: =IF(A77="","",3) | E77: {=IF(A77="","",IFERROR(INDEX(Entries!$H$2:$H$48,10),""))} | F77: =IF(E77="","",IFERROR(_xludf.XLOOKUP(E77,Countries!$A$2:$A$72,Countries!$B$2:$B$72,"???"),"???")) | G77: {=IF(E77="",0,IFERROR(XLOOKUP(E77,Countries!$A$2:$A$72,Countries!$E$2:$E$72,0),0))} -> 0 | H77: {=IF(E77="",0,IFERROR(XLOOKUP(E77,Medals!$B$2:$B$51,Medals!$D$2:$D$51,0),0))} -> 0 | I77: {=IF(E77="",0,IFERROR(XLOOKUP(E77,Medals!$B$2:$B$51,Medals!$E$2:$E$51,0),0))} -> 0 | J77: {=IF(E77="",0,IFERROR(XLOOKUP(E77,Medals!$B$2:$B$51,Medals!$F$2:$F$51,0),0))} -> 0 | K77: =H77*GoldPoints*G77 -> 0 | L77: =I77*SilverPoints*G77 -> 0 | M77: =J77*BronzePoints*G77 -> 0 | N77: =K77+L77+M77 -> 0 | O77: {=IF(E77="",FALSE,IFERROR(AND(ISNUMBER(MATCH(E77,Countries!$A$2:$A$72,0)),XLOOKUP(E77,Countries!$A$2:$A$72,Countries!$I$2:$I$72,FALSE)),FALSE))} -> FALSE | P77: {=IF(E77="",FALSE,IFERROR(XLOOKUP(E77,Countries!$A$2:$A$72,Countries!$G$2:$G$72,FALSE),FALSE))} -> FALSE | Q77: =IF(P77,"","⚪") -> ⚪
A78: {=IFERROR(IF(INDEX(Entries!$C$2:$C$48,10)="","",INDEX(Entries!$Q$2:$Q$48,10)),"")} | B78: {=IF(A78="","",IFERROR(INDEX(Entries!$E$2:$E$48,10),""))} | C78: =IF(A78="","","Tier4_Pick1") | D78: =IF(A78="","",4) | E78: {=IF(A78="","",IFERROR(INDEX(Entries!$I$2:$I$48,10),""))} | F78: =IF(E78="","",IFERROR(_xludf.XLOOKUP(E78,Countries!$A$2:$A$72,Countries!$B$2:$B$72,"???"),"???")) | G78: {=IF(E78="",0,IFERROR(XLOOKUP(E78,Countries!$A$2:$A$72,Countries!$E$2:$E$72,0),0))} -> 0 | H78: {=IF(E78="",0,IFERROR(XLOOKUP(E78,Medals!$B$2:$B$51,Medals!$D$2:$D$51,0),0))} -> 0 | I78: {=IF(E78="",0,IFERROR(XLOOKUP(E78,Medals!$B$2:$B$51,Medals!$E$2:$E$51,0),0))} -> 0 | J78: {=IF(E78="",0,IFERROR(XLOOKUP(E78,Medals!$B$2:$B$51,Medals!$F$2:$F$51,0),0))} -> 0 | K78: =H78*GoldPoints*G78 -> 0 | L78: =I78*SilverPoints*G78 -> 0 | M78: =J78*BronzePoints*G78 -> 0 | N78: =K78+L78+M78 -> 0 | O78: {=IF(E78="",FALSE,IFERROR(AND(ISNUMBER(MATCH(E78,Countries!$A$2:$A$72,0)),XLOOKUP(E78,Countries!$A$2:$A$72,Countries!$I$2:$I$72,FALSE)),FALSE))} -> FALSE | P78: {=IF(E78="",FALSE,IFERROR(XLOOKUP(E78,Countries!$A$2:$A$72,Countries!$G$2:$G$72,FALSE),FALSE))} -> FALSE | Q78: =IF(P78,"","⚪") -> ⚪
A79: {=IFERROR(IF(INDEX(Entries!$C$2:$C$48,10)="","",INDEX(Entries!$Q$2:$Q$48,10)),"")} | B79: {=IF(A79="","",IFERROR(INDEX(Entries!$E$2:$E$48,10),""))} | C79: =IF(A79="","","Tier5_Pick1") | D79: =IF(A79="","",5) | E79: {=IF(A79="","",IFERROR(INDEX(Entries!$J$2:$J$48,10),""))} | F79: =IF(E79="","",IFERROR(_xludf.XLOOKUP(E79,Countries!$A$2:$A$72,Countries!$B$2:$B$72,"???"),"???")) | G79: {=IF(E79="",0,IFERROR(XLOOKUP(E79,Countries!$A$2:$A$72,Countries!$E$2:$E$72,0),0))} -> 0 | H79: {=IF(E79="",0,IFERROR(XLOOKUP(E79,Medals!$B$2:$B$51,Medals!$D$2:$D$51,0),0))} -> 0 | I79: {=IF(E79="",0,IFERROR(XLOOKUP(E79,Medals!$B$2:$B$51,Medals!$E$2:$E$51,0),0))} -> 0 | J79: {=IF(E79="",0,IFERROR(XLOOKUP(E79,Medals!$B$2:$B$51,Medals!$F$2:$F$51,0),0))} -> 0 | K79: =H79*GoldPoints*G79 -> 0 | L79: =I79*SilverPoints*G79 -> 0 | M79: =J79*BronzePoints*G79 -> 0 | N79: =K79+L79+M79 -> 0 | O79: {=IF(E79="",FALSE,IFERROR(AND(ISNUMBER(MATCH(E79,Countries!$A$2:$A$72,0)),XLOOKUP(E79,Countries!$A$2:$A$72,Countries!$I$2:$I$72,FALSE)),FALSE))} -> FALSE | P79: {=IF(E79="",FALSE,IFERROR(XLOOKUP(E79,Countries!$A$2:$A$72,Countries!$G$2:$G$72,FALSE),FALSE))} -> FALSE | Q79: =IF(P79,"","⚪") -> ⚪
A80: {=IFERROR(IF(INDEX(Entries!$C$2:$C$48,10)="","",INDEX(Entries!$Q$2:$Q$48,10)),"")} | B80: {=IF(A80="","",IFERROR(INDEX(Entries!$E$2:$E$48,10),""))} | C80: =IF(A80="","","Tier6_Pick1") | D80: =IF(A80="","",6) | E80: {=IF(A80="","",IFERROR(INDEX(Entries!$O$2:$O$48,10),""))} | F80: =IF(E80="","",IFERROR(_xludf.XLOOKUP(E80,Countries!$A$2:$A$72,Countries!$B$2:$B$72,"???"),"???")) | G80: {=IF(E80="",0,IFERROR(XLOOKUP(E80,Countries!$A$2:$A$72,Countries!$E$2:$E$72,0),0))} -> 0 | H80: {=IF(E80="",0,IFERROR(XLOOKUP(E80,Medals!$B$2:$B$51,Medals!$D$2:$D$51,0),0))} -> 0 | I80: {=IF(E80="",0,IFERROR(XLOOKUP(E80,Medals!$B$2:$B$51,Medals!$E$2:$E$51,0),0))} -> 0 | J80: {=IF(E80="",0,IFERROR(XLOOKUP(E80,Medals!$B$2:$B$51,Medals!$F$2:$F$51,0),0))} -> 0 | K80: =H80*GoldPoints*G80 -> 0 | L80: =I80*SilverPoints*G80 -> 0 | M80: =J80*BronzePoints*G80 -> 0 | N80: =K80+L80+M80 -> 0 | O80: {=IF(E80="",FALSE,IFERROR(AND(ISNUMBER(MATCH(E80,Countries!$A$2:$A$72,0)),XLOOKUP(E80,Countries!$A$2:$A$72,Countries!$I$2:$I$72,FALSE)),FALSE))} -> FALSE | P80: {=IF(E80="",FALSE,IFERROR(XLOOKUP(E80,Countries!$A$2:$A$72,Countries!$G$2:$G$72,FALSE),FALSE))} -> FALSE | Q80: =IF(P80,"","⚪") -> ⚪
A81: {=IFERROR(IF(INDEX(Entries!$C$2:$C$48,10)="","",INDEX(Entries!$Q$2:$Q$48,10)),"")} | B81: {=IF(A81="","",IFERROR(INDEX(Entries!$E$2:$E$48,10),""))} | C81: =IF(A81="","","Tier6_Pick2") | D81: =IF(A81="","",6) | E81: {=IF(A81="","",IFERROR(INDEX(Entries!$P$2:$P$48,10),""))} | F81: =IF(E81="","",IFERROR(_xludf.XLOOKUP(E81,Countries!$A$2:$A$72,Countries!$B$2:$B$72,"???"),"???")) | G81: {=IF(E81="",0,IFERROR(XLOOKUP(E81,Countries!$A$2:$A$72,Countries!$E$2:$E$72,0),0))} -> 0 | H81: {=IF(E81="",0,IFERROR(XLOOKUP(E81,Medals!$B$2:$B$51,Medals!$D$2:$D$51,0),0))} -> 0 | I81: {=IF(E81="",0,IFERROR(XLOOKUP(E81,Medals!$B$2:$B$51,Medals!$E$2:$E$51,0),0))} -> 0 | J81: {=IF(E81="",0,IFERROR(XLOOKUP(E81,Medals!$B$2:$B$51,Medals!$F$2:$F$51,0),0))} -> 0 | K81: =H81*GoldPoints*G81 -> 0 | L81: =I81*SilverPoints*G81 -> 0 | M81: =J81*BronzePoints*G81 -> 0 | N81: =K81+L81+M81 -> 0 | O81: {=IF(E81="",FALSE,IFERROR(AND(ISNUMBER(MATCH(E81,Countries!$A$2:$A$72,0)),XLOOKUP(E81,Countries!$A$2:$A$72,Countries!$I$2:$I$72,FALSE)),FALSE))} -> FALSE | P81: {=IF(E81="",FALSE,IFERROR(XLOOKUP(E81,Countries!$A$2:$A$72,Countries!$G$2:$G$72,FALSE),FALSE))} -> FALSE | Q81: =IF(P81,"","⚪") -> ⚪
A82: {=IFERROR(IF(INDEX(Entries!$C$2:$C$48,11)="","",INDEX(Entries!$Q$2:$Q$48,11)),"")} | B82: {=IF(A82="","",IFERROR(INDEX(Entries!$E$2:$E$48,11),""))} | C82: =IF(A82="","","Tier1_Pick1") | D82: =IF(A82="","",1) | E82: {=IF(A82="","",IFERROR(INDEX(Entries!$F$2:$F$48,11),""))} | F82: =IF(E82="","",IFERROR(_xludf.XLOOKUP(E82,Countries!$A$2:$A$72,Countries!$B$2:$B$72,"???"),"???")) | G82: {=IF(E82="",0,IFERROR(XLOOKUP(E82,Countries!$A$2:$A$72,Countries!$E$2:$E$72,0),0))} -> 0 | H82: {=IF(E82="",0,IFERROR(XLOOKUP(E82,Medals!$B$2:$B$51,Medals!$D$2:$D$51,0),0))} -> 0 | I82: {=IF(E82="",0,IFERROR(XLOOKUP(E82,Medals!$B$2:$B$51,Medals!$E$2:$E$51,0),0))} -> 0 | J82: {=IF(E82="",0,IFERROR(XLOOKUP(E82,Medals!$B$2:$B$51,Medals!$F$2:$F$51,0),0))} -> 0 | K82: =H82*GoldPoints*G82 -> 0 | L82: =I82*SilverPoints*G82 -> 0 | M82: =J82*BronzePoints*G82 -> 0 | N82: =K82+L82+M82 -> 0 | O82: {=IF(E82="",FALSE,IFERROR(AND(ISNUMBER(MATCH(E82,Countries!$A$2:$A$72,0)),XLOOKUP(E82,Countries!$A$2:$A$72,Countries!$I$2:$I$72,FALSE)),FALSE))} -> FALSE | P82: {=IF(E82="",FALSE,IFERROR(XLOOKUP(E82,Countries!$A$2:$A$72,Countries!$G$2:$G$72,FALSE),FALSE))} -> FALSE | Q82: =IF(P82,"","⚪") -> ⚪
A83: {=IFERROR(IF(INDEX(Entries!$C$2:$C$48,11)="","",INDEX(Entries!$Q$2:$Q$48,11)),"")} | B83: {=IF(A83="","",IFERROR(INDEX(Entries!$E$2:$E$48,11),""))} | C83: =IF(A83="","","Tier2_Pick1") | D83: =IF(A83="","",2) | E83: {=IF(A83="","",IFERROR(INDEX(Entries!$M$2:$M$48,11),""))} | F83: =IF(E83="","",IFERROR(_xludf.XLOOKUP(E83,Countries!$A$2:$A$72,Countries!$B$2:$B$72,"???"),"???")) | G83: {=IF(E83="",0,IFERROR(XLOOKUP(E83,Countries!$A$2:$A$72,Countries!$E$2:$E$72,0),0))} -> 0 | H83: {=IF(E83="",0,IFERROR(XLOOKUP(E83,Medals!$B$2:$B$51,Medals!$D$2:$D$51,0),0))} -> 0 | I83: {=IF(E83="",0,IFERROR(XLOOKUP(E83,Medals!$B$2:$B$51,Medals!$E$2:$E$51,0),0))} -> 0 | J83: {=IF(E83="",0,IFERROR(XLOOKUP(E83,Medals!$B$2:$B$51,Medals!$F$2:$F$51,0),0))} -> 0 | K83: =H83*GoldPoints*G83 -> 0 | L83: =I83*SilverPoints*G83 -> 0 | M83: =J83*BronzePoints*G83 -> 0 | N83: =K83+L83+M83 -> 0 | O83: {=IF(E83="",FALSE,IFERROR(AND(ISNUMBER(MATCH(E83,Countries!$A$2:$A$72,0)),XLOOKUP(E83,Countries!$A$2:$A$72,Countries!$I$2:$I$72,FALSE)),FALSE))} -> FALSE | P83: {=IF(E83="",FALSE,IFERROR(XLOOKUP(E83,Countries!$A$2:$A$72,Countries!$G$2:$G$72,FALSE),FALSE))} -> FALSE | Q83: =IF(P83,"","⚪") -> ⚪
A84: {=IFERROR(IF(INDEX(Entries!$C$2:$C$48,11)="","",INDEX(Entries!$Q$2:$Q$48,11)),"")} | B84: {=IF(A84="","",IFERROR(INDEX(Entries!$E$2:$E$48,11),""))} | C84: =IF(A84="","","Tier2_Pick2") | D84: =IF(A84="","",2) | E84: {=IF(A84="","",IFERROR(INDEX(Entries!$N$2:$N$48,11),""))} | F84: =IF(E84="","",IFERROR(_xludf.XLOOKUP(E84,Countries!$A$2:$A$72,Countries!$B$2:$B$72,"???"),"???")) | G84: {=IF(E84="",0,IFERROR(XLOOKUP(E84,Countries!$A$2:$A$72,Countries!$E$2:$E$72,0),0))} -> 0 | H84: {=IF(E84="",0,IFERROR(XLOOKUP(E84,Medals!$B$2:$B$51,Medals!$D$2:$D$51,0),0))} -> 0 | I84: {=IF(E84="",0,IFERROR(XLOOKUP(E84,Medals!$B$2:$B$51,Medals!$E$2:$E$51,0),0))} -> 0 | J84: {=IF(E84="",0,IFERROR(XLOOKUP(E84,Medals!$B$2:$B$51,Medals!$F$2:$F$51,0),0))} -> 0 | K84: =H84*GoldPoints*G84 -> 0 | L84: =I84*SilverPoints*G84 -> 0 | M84: =J84*BronzePoints*G84 -> 0 | N84: =K84+L84+M84 -> 0 | O84: {=IF(E84="",FALSE,IFERROR(AND(ISNUMBER(MATCH(E84,Countries!$A$2:$A$72,0)),XLOOKUP(E84,Countries!$A$2:$A$72,Countries!$I$2:$I$72,FALSE)),FALSE))} -> FALSE | P84: {=IF(E84="",FALSE,IFERROR(XLOOKUP(E84,Countries!$A$2:$A$72,Countries!$G$2:$G$72,FALSE),FALSE))} -> FALSE | Q84: =IF(P84,"","⚪") -> ⚪
A85: {=IFERROR(IF(INDEX(Entries!$C$2:$C$48,11)="","",INDEX(Entries!$Q$2:$Q$48,11)),"")} | B85: {=IF(A85="","",IFERROR(INDEX(Entries!$E$2:$E$48,11),""))} | C85: =IF(A85="","","Tier3_Pick1") | D85: =IF(A85="","",3) | E85: {=IF(A85="","",IFERROR(INDEX(Entries!$H$2:$H$48,11),""))} | F85: =IF(E85="","",IFERROR(_xludf.XLOOKUP(E85,Countries!$A$2:$A$72,Countries!$B$2:$B$72,"???"),"???")) | G85: {=IF(E85="",0,IFERROR(XLOOKUP(E85,Countries!$A$2:$A$72,Countries!$E$2:$E$72,0),0))} -> 0 | H85: {=IF(E85="",0,IFERROR(XLOOKUP(E85,Medals!$B$2:$B$51,Medals!$D$2:$D$51,0),0))} -> 0 | I85: {=IF(E85="",0,IFERROR(XLOOKUP(E85,Medals!$B$2:$B$51,Medals!$E$2:$E$51,0),0))} -> 0 | J85: {=IF(E85="",0,IFERROR(XLOOKUP(E85,Medals!$B$2:$B$51,Medals!$F$2:$F$51,0),0))} -> 0 | K85: =H85*GoldPoints*G85 -> 0 | L85: =I85*SilverPoints*G85 -> 0 | M85: =J85*BronzePoints*G85 -> 0 | N85: =K85+L85+M85 -> 0 | O85: {=IF(E85="",FALSE,IFERROR(AND(ISNUMBER(MATCH(E85,Countries!$A$2:$A$72,0)),XLOOKUP(E85,Countries!$A$2:$A$72,Countries!$I$2:$I$72,FALSE)),FALSE))} -> FALSE | P85: {=IF(E85="",FALSE,IFERROR(XLOOKUP(E85,Countries!$A$2:$A$72,Countries!$G$2:$G$72,FALSE),FALSE))} -> FALSE | Q85: =IF(P85,"","⚪") -> ⚪
A86: {=IFERROR(IF(INDEX(Entries!$C$2:$C$48,11)="","",INDEX(Entries!$Q$2:$Q$48,11)),"")} | B86: {=IF(A86="","",IFERROR(INDEX(Entries!$E$2:$E$48,11),""))} | C86: =IF(A86="","","Tier4_Pick1") | D86: =IF(A86="","",4) | E86: {=IF(A86="","",IFERROR(INDEX(Entries!$I$2:$I$48,11),""))} | F86: =IF(E86="","",IFERROR(_xludf.XLOOKUP(E86,Countries!$A$2:$A$72,Countries!$B$2:$B$72,"???"),"???")) | G86: {=IF(E86="",0,IFERROR(XLOOKUP(E86,Countries!$A$2:$A$72,Countries!$E$2:$E$72,0),0))} -> 0 | H86: {=IF(E86="",0,IFERROR(XLOOKUP(E86,Medals!$B$2:$B$51,Medals!$D$2:$D$51,0),0))} -> 0 | I86: {=IF(E86="",0,IFERROR(XLOOKUP(E86,Medals!$B$2:$B$51,Medals!$E$2:$E$51,0),0))} -> 0 | J86: {=IF(E86="",0,IFERROR(XLOOKUP(E86,Medals!$B$2:$B$51,Medals!$F$2:$F$51,0),0))} -> 0 | K86: =H86*GoldPoints*G86 -> 0 | L86: =I86*SilverPoints*G86 -> 0 | M86: =J86*BronzePoints*G86 -> 0 | N86: =K86+L86+M86 -> 0 | O86: {=IF(E86="",FALSE,IFERROR(AND(ISNUMBER(MATCH(E86,Countries!$A$2:$A$72,0)),XLOOKUP(E86,Countries!$A$2:$A$72,Countries!$I$2:$I$72,FALSE)),FALSE))} -> FALSE | P86: {=IF(E86="",FALSE,IFERROR(XLOOKUP(E86,Countries!$A$2:$A$72,Countries!$G$2:$G$72,FALSE),FALSE))} -> FALSE | Q86: =IF(P86,"","⚪") -> ⚪
A87: {=IFERROR(IF(INDEX(Entries!$C$2:$C$48,11)="","",INDEX(Entries!$Q$2:$Q$48,11)),"")} | B87: {=IF(A87="","",IFERROR(INDEX(Entries!$E$2:$E$48,11),""))} | C87: =IF(A87="","","Tier5_Pick1") | D87: =IF(A87="","",5) | E87: {=IF(A87="","",IFERROR(INDEX(Entries!$J$2:$J$48,11),""))} | F87: =IF(E87="","",IFERROR(_xludf.XLOOKUP(E87,Countries!$A$2:$A$72,Countries!$B$2:$B$72,"???"),"???")) | G87: {=IF(E87="",0,IFERROR(XLOOKUP(E87,Countries!$A$2:$A$72,Countries!$E$2:$E$72,0),0))} -> 0 | H87: {=IF(E87="",0,IFERROR(XLOOKUP(E87,Medals!$B$2:$B$51,Medals!$D$2:$D$51,0),0))} -> 0 | I87: {=IF(E87="",0,IFERROR(XLOOKUP(E87,Medals!$B$2:$B$51,Medals!$E$2:$E$51,0),0))} -> 0 | J87: {=IF(E87="",0,IFERROR(XLOOKUP(E87,Medals!$B$2:$B$51,Medals!$F$2:$F$51,0),0))} -> 0 | K87: =H87*GoldPoints*G87 -> 0 | L87: =I87*SilverPoints*G87 -> 0 | M87: =J87*BronzePoints*G87 -> 0 | N87: =K87+L87+M87 -> 0 | O87: {=IF(E87="",FALSE,IFERROR(AND(ISNUMBER(MATCH(E87,Countries!$A$2:$A$72,0)),XLOOKUP(E87,Countries!$A$2:$A$72,Countries!$I$2:$I$72,FALSE)),FALSE))} -> FALSE | P87: {=IF(E87="",FALSE,IFERROR(XLOOKUP(E87,Countries!$A$2:$A$72,Countries!$G$2:$G$72,FALSE),FALSE))} -> FALSE | Q87: =IF(P87,"","⚪") -> ⚪
A88: {=IFERROR(IF(INDEX(Entries!$C$2:$C$48,11)="","",INDEX(Entries!$Q$2:$Q$48,11)),"")} | B88: {=IF(A88="","",IFERROR(INDEX(Entries!$E$2:$E$48,11),""))} | C88: =IF(A88="","","Tier6_Pick1") | D88: =IF(A88="","",6) | E88: {=IF(A88="","",IFERROR(INDEX(Entries!$O$2:$O$48,11),""))} | F88: =IF(E88="","",IFERROR(_xludf.XLOOKUP(E88,Countries!$A$2:$A$72,Countries!$B$2:$B$72,"???"),"???")) | G88: {=IF(E88="",0,IFERROR(XLOOKUP(E88,Countries!$A$2:$A$72,Countries!$E$2:$E$72,0),0))} -> 0 | H88: {=IF(E88="",0,IFERROR(XLOOKUP(E88,Medals!$B$2:$B$51,Medals!$D$2:$D$51,0),0))} -> 0 | I88: {=IF(E88="",0,IFERROR(XLOOKUP(E88,Medals!$B$2:$B$51,Medals!$E$2:$E$51,0),0))} -> 0 | J88: {=IF(E88="",0,IFERROR(XLOOKUP(E88,Medals!$B$2:$B$51,Medals!$F$2:$F$51,0),0))} -> 0 | K88: =H88*GoldPoints*G88 -> 0 | L88: =I88*SilverPoints*G88 -> 0 | M88: =J88*BronzePoints*G88 -> 0 | N88: =K88+L88+M88 -> 0 | O88: {=IF(E88="",FALSE,IFERROR(AND(ISNUMBER(MATCH(E88,Countries!$A$2:$A$72,0)),XLOOKUP(E88,Countries!$A$2:$A$72,Countries!$I$2:$I$72,FALSE)),FALSE))} -> FALSE | P88: {=IF(E88="",FALSE,IFERROR(XLOOKUP(E88,Countries!$A$2:$A$72,Countries!$G$2:$G$72,FALSE),FALSE))} -> FALSE | Q88: =IF(P88,"","⚪") -> ⚪
A89: {=IFERROR(IF(INDEX(Entries!$C$2:$C$48,11)="","",INDEX(Entries!$Q$2:$Q$48,11)),"")} | B89: {=IF(A89="","",IFERROR(INDEX(Entries!$E$2:$E$48,11),""))} | C89: =IF(A89="","","Tier6_Pick2") | D89: =IF(A89="","",6) | E89: {=IF(A89="","",IFERROR(INDEX(Entries!$P$2:$P$48,11),""))} | F89: =IF(E89="","",IFERROR(_xludf.XLOOKUP(E89,Countries!$A$2:$A$72,Countries!$B$2:$B$72,"???"),"???")) | G89: {=IF(E89="",0,IFERROR(XLOOKUP(E89,Countries!$A$2:$A$72,Countries!$E$2:$E$72,0),0))} -> 0 | H89: {=IF(E89="",0,IFERROR(XLOOKUP(E89,Medals!$B$2:$B$51,Medals!$D$2:$D$51,0),0))} -> 0 | I89: {=IF(E89="",0,IFERROR(XLOOKUP(E89,Medals!$B$2:$B$51,Medals!$E$2:$E$51,0),0))} -> 0 | J89: {=IF(E89="",0,IFERROR(XLOOKUP(E89,Medals!$B$2:$B$51,Medals!$F$2:$F$51,0),0))} -> 0 | K89: =H89*GoldPoints*G89 -> 0 | L89: =I89*SilverPoints*G89 -> 0 | M89: =J89*BronzePoints*G89 -> 0 | N89: =K89+L89+M89 -> 0 | O89: {=IF(E89="",FALSE,IFERROR(AND(ISNUMBER(MATCH(E89,Countries!$A$2:$A$72,0)),XLOOKUP(E89,Countries!$A$2:$A$72,Countries!$I$2:$I$72,FALSE)),FALSE))} -> FALSE | P89: {=IF(E89="",FALSE,IFERROR(XLOOKUP(E89,Countries!$A$2:$A$72,Countries!$G$2:$G$72,FALSE),FALSE))} -> FALSE | Q89: =IF(P89,"","⚪") -> ⚪
A90: {=IFERROR(IF(INDEX(Entries!$C$2:$C$48,12)="","",INDEX(Entries!$Q$2:$Q$48,12)),"")} | B90: {=IF(A90="","",IFERROR(INDEX(Entries!$E$2:$E$48,12),""))} | C90: =IF(A90="","","Tier1_Pick1") | D90: =IF(A90="","",1) | E90: {=IF(A90="","",IFERROR(INDEX(Entries!$F$2:$F$48,12),""))} | F90: =IF(E90="","",IFERROR(_xludf.XLOOKUP(E90,Countries!$A$2:$A$72,Countries!$B$2:$B$72,"???"),"???")) | G90: {=IF(E90="",0,IFERROR(XLOOKUP(E90,Countries!$A$2:$A$72,Countries!$E$2:$E$72,0),0))} -> 0 | H90: {=IF(E90="",0,IFERROR(XLOOKUP(E90,Medals!$B$2:$B$51,Medals!$D$2:$D$51,0),0))} -> 0 | I90: {=IF(E90="",0,IFERROR(XLOOKUP(E90,Medals!$B$2:$B$51,Medals!$E$2:$E$51,0),0))} -> 0 | J90: {=IF(E90="",0,IFERROR(XLOOKUP(E90,Medals!$B$2:$B$51,Medals!$F$2:$F$51,0),0))} -> 0 | K90: =H90*GoldPoints*G90 -> 0 | L90: =I90*SilverPoints*G90 -> 0 | M90: =J90*BronzePoints*G90 -> 0 | N90: =K90+L90+M90 -> 0 | O90: {=IF(E90="",FALSE,IFERROR(AND(ISNUMBER(MATCH(E90,Countries!$A$2:$A$72,0)),XLOOKUP(E90,Countries!$A$2:$A$72,Countries!$I$2:$I$72,FALSE)),FALSE))} -> FALSE | P90: {=IF(E90="",FALSE,IFERROR(XLOOKUP(E90,Countries!$A$2:$A$72,Countries!$G$2:$G$72,FALSE),FALSE))} -> FALSE | Q90: =IF(P90,"","⚪") -> ⚪
A91: {=IFERROR(IF(INDEX(Entries!$C$2:$C$48,12)="","",INDEX(Entries!$Q$2:$Q$48,12)),"")} | B91: {=IF(A91="","",IFERROR(INDEX(Entries!$E$2:$E$48,12),""))} | C91: =IF(A91="","","Tier2_Pick1") | D91: =IF(A91="","",2) | E91: {=IF(A91="","",IFERROR(INDEX(Entries!$M$2:$M$48,12),""))} | F91: =IF(E91="","",IFERROR(_xludf.XLOOKUP(E91,Countries!$A$2:$A$72,Countries!$B$2:$B$72,"???"),"???")) | G91: {=IF(E91="",0,IFERROR(XLOOKUP(E91,Countries!$A$2:$A$72,Countries!$E$2:$E$72,0),0))} -> 0 | H91: {=IF(E91="",0,IFERROR(XLOOKUP(E91,Medals!$B$2:$B$51,Medals!$D$2:$D$51,0),0))} -> 0 | I91: {=IF(E91="",0,IFERROR(XLOOKUP(E91,Medals!$B$2:$B$51,Medals!$E$2:$E$51,0),0))} -> 0 | J91: {=IF(E91="",0,IFERROR(XLOOKUP(E91,Medals!$B$2:$B$51,Medals!$F$2:$F$51,0),0))} -> 0 | K91: =H91*GoldPoints*G91 -> 0 | L91: =I91*SilverPoints*G91 -> 0 | M91: =J91*BronzePoints*G91 -> 0 | N91: =K91+L91+M91 -> 0 | O91: {=IF(E91="",FALSE,IFERROR(AND(ISNUMBER(MATCH(E91,Countries!$A$2:$A$72,0)),XLOOKUP(E91,Countries!$A$2:$A$72,Countries!$I$2:$I$72,FALSE)),FALSE))} -> FALSE | P91: {=IF(E91="",FALSE,IFERROR(XLOOKUP(E91,Countries!$A$2:$A$72,Countries!$G$2:$G$72,FALSE),FALSE))} -> FALSE | Q91: =IF(P91,"","⚪") -> ⚪
A92: {=IFERROR(IF(INDEX(Entries!$C$2:$C$48,12)="","",INDEX(Entries!$Q$2:$Q$48,12)),"")} | B92: {=IF(A92="","",IFERROR(INDEX(Entries!$E$2:$E$48,12),""))} | C92: =IF(A92="","","Tier2_Pick2") | D92: =IF(A92="","",2) | E92: {=IF(A92="","",IFERROR(INDEX(Entries!$N$2:$N$48,12),""))} | F92: =IF(E92="","",IFERROR(_xludf.XLOOKUP(E92,Countries!$A$2:$A$72,Countries!$B$2:$B$72,"???"),"???")) | G92: {=IF(E92="",0,IFERROR(XLOOKUP(E92,Countries!$A$2:$A$72,Countries!$E$2:$E$72,0),0))} -> 0 | H92: {=IF(E92="",0,IFERROR(XLOOKUP(E92,Medals!$B$2:$B$51,Medals!$D$2:$D$51,0),0))} -> 0 | I92: {=IF(E92="",0,IFERROR(XLOOKUP(E92,Medals!$B$2:$B$51,Medals!$E$2:$E$51,0),0))} -> 0 | J92: {=IF(E92="",0,IFERROR(XLOOKUP(E92,Medals!$B$2:$B$51,Medals!$F$2:$F$51,0),0))} -> 0 | K92: =H92*GoldPoints*G92 -> 0 | L92: =I92*SilverPoints*G92 -> 0 | M92: =J92*BronzePoints*G92 -> 0 | N92: =K92+L92+M92 -> 0 | O92: {=IF(E92="",FALSE,IFERROR(AND(ISNUMBER(MATCH(E92,Countries!$A$2:$A$72,0)),XLOOKUP(E92,Countries!$A$2:$A$72,Countries!$I$2:$I$72,FALSE)),FALSE))} -> FALSE | P92: {=IF(E92="",FALSE,IFERROR(XLOOKUP(E92,Countries!$A$2:$A$72,Countries!$G$2:$G$72,FALSE),FALSE))} -> FALSE | Q92: =IF(P92,"","⚪") -> ⚪
A93: {=IFERROR(IF(INDEX(Entries!$C$2:$C$48,12)="","",INDEX(Entries!$Q$2:$Q$48,12)),"")} | B93: {=IF(A93="","",IFERROR(INDEX(Entries!$E$2:$E$48,12),""))} | C93: =IF(A93="","","Tier3_Pick1") | D93: =IF(A93="","",3) | E93: {=IF(A93="","",IFERROR(INDEX(Entries!$H$2:$H$48,12),""))} | F93: =IF(E93="","",IFERROR(_xludf.XLOOKUP(E93,Countries!$A$2:$A$72,Countries!$B$2:$B$72,"???"),"???")) | G93: {=IF(E93="",0,IFERROR(XLOOKUP(E93,Countries!$A$2:$A$72,Countries!$E$2:$E$72,0),0))} -> 0 | H93: {=IF(E93="",0,IFERROR(XLOOKUP(E93,Medals!$B$2:$B$51,Medals!$D$2:$D$51,0),0))} -> 0 | I93: {=IF(E93="",0,IFERROR(XLOOKUP(E93,Medals!$B$2:$B$51,Medals!$E$2:$E$51,0),0))} -> 0 | J93: {=IF(E93="",0,IFERROR(XLOOKUP(E93,Medals!$B$2:$B$51,Medals!$F$2:$F$51,0),0))} -> 0 | K93: =H93*GoldPoints*G93 -> 0 | L93: =I93*SilverPoints*G93 -> 0 | M93: =J93*BronzePoints*G93 -> 0 | N93: =K93+L93+M93 -> 0 | O93: {=IF(E93="",FALSE,IFERROR(AND(ISNUMBER(MATCH(E93,Countries!$A$2:$A$72,0)),XLOOKUP(E93,Countries!$A$2:$A$72,Countries!$I$2:$I$72,FALSE)),FALSE))} -> FALSE | P93: {=IF(E93="",FALSE,IFERROR(XLOOKUP(E93,Countries!$A$2:$A$72,Countries!$G$2:$G$72,FALSE),FALSE))} -> FALSE | Q93: =IF(P93,"","⚪") -> ⚪
A94: {=IFERROR(IF(INDEX(Entries!$C$2:$C$48,12)="","",INDEX(Entries!$Q$2:$Q$48,12)),"")} | B94: {=IF(A94="","",IFERROR(INDEX(Entries!$E$2:$E$48,12),""))} | C94: =IF(A94="","","Tier4_Pick1") | D94: =IF(A94="","",4) | E94: {=IF(A94="","",IFERROR(INDEX(Entries!$I$2:$I$48,12),""))} | F94: =IF(E94="","",IFERROR(_xludf.XLOOKUP(E94,Countries!$A$2:$A$72,Countries!$B$2:$B$72,"???"),"???")) | G94: {=IF(E94="",0,IFERROR(XLOOKUP(E94,Countries!$A$2:$A$72,Countries!$E$2:$E$72,0),0))} -> 0 | H94: {=IF(E94="",0,IFERROR(XLOOKUP(E94,Medals!$B$2:$B$51,Medals!$D$2:$D$51,0),0))} -> 0 | I94: {=IF(E94="",0,IFERROR(XLOOKUP(E94,Medals!$B$2:$B$51,Medals!$E$2:$E$51,0),0))} -> 0 | J94: {=IF(E94="",0,IFERROR(XLOOKUP(E94,Medals!$B$2:$B$51,Medals!$F$2:$F$51,0),0))} -> 0 | K94: =H94*GoldPoints*G94 -> 0 | L94: =I94*SilverPoints*G94 -> 0 | M94: =J94*BronzePoints*G94 -> 0 | N94: =K94+L94+M94 -> 0 | O94: {=IF(E94="",FALSE,IFERROR(AND(ISNUMBER(MATCH(E94,Countries!$A$2:$A$72,0)),XLOOKUP(E94,Countries!$A$2:$A$72,Countries!$I$2:$I$72,FALSE)),FALSE))} -> FALSE | P94: {=IF(E94="",FALSE,IFERROR(XLOOKUP(E94,Countries!$A$2:$A$72,Countries!$G$2:$G$72,FALSE),FALSE))} -> FALSE | Q94: =IF(P94,"","⚪") -> ⚪
A95: {=IFERROR(IF(INDEX(Entries!$C$2:$C$48,12)="","",INDEX(Entries!$Q$2:$Q$48,12)),"")} | B95: {=IF(A95="","",IFERROR(INDEX(Entries!$E$2:$E$48,12),""))} | C95: =IF(A95="","","Tier5_Pick1") | D95: =IF(A95="","",5) | E95: {=IF(A95="","",IFERROR(INDEX(Entries!$J$2:$J$48,12),""))} | F95: =IF(E95="","",IFERROR(_xludf.XLOOKUP(E95,Countries!$A$2:$A$72,Countries!$B$2:$B$72,"???"),"???")) | G95: {=IF(E95="",0,IFERROR(XLOOKUP(E95,Countries!$A$2:$A$72,Countries!$E$2:$E$72,0),0))} -> 0 | H95: {=IF(E95="",0,IFERROR(XLOOKUP(E95,Medals!$B$2:$B$51,Medals!$D$2:$D$51,0),0))} -> 0 | I95: {=IF(E95="",0,IFERROR(XLOOKUP(E95,Medals!$B$2:$B$51,Medals!$E$2:$E$51,0),0))} -> 0 | J95: {=IF(E95="",0,IFERROR(XLOOKUP(E95,Medals!$B$2:$B$51,Medals!$F$2:$F$51,0),0))} -> 0 | K95: =H95*GoldPoints*G95 -> 0 | L95: =I95*SilverPoints*G95 -> 0 | M95: =J95*BronzePoints*G95 -> 0 | N95: =K95+L95+M95 -> 0 | O95: {=IF(E95="",FALSE,IFERROR(AND(ISNUMBER(MATCH(E95,Countries!$A$2:$A$72,0)),XLOOKUP(E95,Countries!$A$2:$A$72,Countries!$I$2:$I$72,FALSE)),FALSE))} -> FALSE | P95: {=IF(E95="",FALSE,IFERROR(XLOOKUP(E95,Countries!$A$2:$A$72,Countries!$G$2:$G$72,FALSE),FALSE))} -> FALSE | Q95: =IF(P95,"","⚪") -> ⚪
A96: {=IFERROR(IF(INDEX(Entries!$C$2:$C$48,12)="","",INDEX(Entries!$Q$2:$Q$48,12)),"")} | B96: {=IF(A96="","",IFERROR(INDEX(Entries!$E$2:$E$48,12),""))} | C96: =IF(A96="","","Tier6_Pick1") | D96: =IF(A96="","",6) | E96: {=IF(A96="","",IFERROR(INDEX(Entries!$O$2:$O$48,12),""))} | F96: =IF(E96="","",IFERROR(_xludf.XLOOKUP(E96,Countries!$A$2:$A$72,Countries!$B$2:$B$72,"???"),"???")) | G96: {=IF(E96="",0,IFERROR(XLOOKUP(E96,Countries!$A$2:$A$72,Countries!$E$2:$E$72,0),0))} -> 0 | H96: {=IF(E96="",0,IFERROR(XLOOKUP(E96,Medals!$B$2:$B$51,Medals!$D$2:$D$51,0),0))} -> 0 | I96: {=IF(E96="",0,IFERROR(XLOOKUP(E96,Medals!$B$2:$B$51,Medals!$E$2:$E$51,0),0))} -> 0 | J96: {=IF(E96="",0,IFERROR(XLOOKUP(E96,Medals!$B$2:$B$51,Medals!$F$2:$F$51,0),0))} -> 0 | K96: =H96*GoldPoints*G96 -> 0 | L96: =I96*SilverPoints*G96 -> 0 | M96: =J96*BronzePoints*G96 -> 0 | N96: =K96+L96+M96 -> 0 | O96: {=IF(E96="",FALSE,IFERROR(AND(ISNUMBER(MATCH(E96,Countries!$A$2:$A$72,0)),XLOOKUP(E96,Countries!$A$2:$A$72,Countries!$I$2:$I$72,FALSE)),FALSE))} -> FALSE | P96: {=IF(E96="",FALSE,IFERROR(XLOOKUP(E96,Countries!$A$2:$A$72,Countries!$G$2:$G$72,FALSE),FALSE))} -> FALSE | Q96: =IF(P96,"","⚪") -> ⚪
A97: {=IFERROR(IF(INDEX(Entries!$C$2:$C$48,12)="","",INDEX(Entries!$Q$2:$Q$48,12)),"")} | B97: {=IF(A97="","",IFERROR(INDEX(Entries!$E$2:$E$48,12),""))} | C97: =IF(A97="","","Tier6_Pick2") | D97: =IF(A97="","",6) | E97: {=IF(A97="","",IFERROR(INDEX(Entries!$P$2:$P$48,12),""))} | F97: =IF(E97="","",IFERROR(_xludf.XLOOKUP(E97,Countries!$A$2:$A$72,Countries!$B$2:$B$72,"???"),"???")) | G97: {=IF(E97="",0,IFERROR(XLOOKUP(E97,Countries!$A$2:$A$72,Countries!$E$2:$E$72,0),0))} -> 0 | H97: {=IF(E97="",0,IFERROR(XLOOKUP(E97,Medals!$B$2:$B$51,Medals!$D$2:$D$51,0),0))} -> 0 | I97: {=IF(E97="",0,IFERROR(XLOOKUP(E97,Medals!$B$2:$B$51,Medals!$E$2:$E$51,0),0))} -> 0 | J97: {=IF(E97="",0,IFERROR(XLOOKUP(E97,Medals!$B$2:$B$51,Medals!$F$2:$F$51,0),0))} -> 0 | K97: =H97*GoldPoints*G97 -> 0 | L97: =I97*SilverPoints*G97 -> 0 | M97: =J97*BronzePoints*G97 -> 0 | N97: =K97+L97+M97 -> 0 | O97: {=IF(E97="",FALSE,IFERROR(AND(ISNUMBER(MATCH(E97,Countries!$A$2:$A$72,0)),XLOOKUP(E97,Countries!$A$2:$A$72,Countries!$I$2:$I$72,FALSE)),FALSE))} -> FALSE | P97: {=IF(E97="",FALSE,IFERROR(XLOOKUP(E97,Countries!$A$2:$A$72,Countries!$G$2:$G$72,FALSE),FALSE))} -> FALSE | Q97: =IF(P97,"","⚪") -> ⚪
A98: {=IFERROR(IF(INDEX(Entries!$C$2:$C$48,13)="","",INDEX(Entries!$Q$2:$Q$48,13)),"")} | B98: {=IF(A98="","",IFERROR(INDEX(Entries!$E$2:$E$48,13),""))} | C98: =IF(A98="","","Tier1_Pick1") | D98: =IF(A98="","",1) | E98: {=IF(A98="","",IFERROR(INDEX(Entries!$F$2:$F$48,13),""))} | F98: =IF(E98="","",IFERROR(_xludf.XLOOKUP(E98,Countries!$A$2:$A$72,Countries!$B$2:$B$72,"???"),"???")) | G98: {=IF(E98="",0,IFERROR(XLOOKUP(E98,Countries!$A$2:$A$72,Countries!$E$2:$E$72,0),0))} -> 0 | H98: {=IF(E98="",0,IFERROR(XLOOKUP(E98,Medals!$B$2:$B$51,Medals!$D$2:$D$51,0),0))} -> 0 | I98: {=IF(E98="",0,IFERROR(XLOOKUP(E98,Medals!$B$2:$B$51,Medals!$E$2:$E$51,0),0))} -> 0 | J98: {=IF(E98="",0,IFERROR(XLOOKUP(E98,Medals!$B$2:$B$51,Medals!$F$2:$F$51,0),0))} -> 0 | K98: =H98*GoldPoints*G98 -> 0 | L98: =I98*SilverPoints*G98 -> 0 | M98: =J98*BronzePoints*G98 -> 0 | N98: =K98+L98+M98 -> 0 | O98: {=IF(E98="",FALSE,IFERROR(AND(ISNUMBER(MATCH(E98,Countries!$A$2:$A$72,0)),XLOOKUP(E98,Countries!$A$2:$A$72,Countries!$I$2:$I$72,FALSE)),FALSE))} -> FALSE | P98: {=IF(E98="",FALSE,IFERROR(XLOOKUP(E98,Countries!$A$2:$A$72,Countries!$G$2:$G$72,FALSE),FALSE))} -> FALSE | Q98: =IF(P98,"","⚪") -> ⚪
A99: {=IFERROR(IF(INDEX(Entries!$C$2:$C$48,13)="","",INDEX(Entries!$Q$2:$Q$48,13)),"")} | B99: {=IF(A99="","",IFERROR(INDEX(Entries!$E$2:$E$48,13),""))} | C99: =IF(A99="","","Tier2_Pick1") | D99: =IF(A99="","",2) | E99: {=IF(A99="","",IFERROR(INDEX(Entries!$M$2:$M$48,13),""))} | F99: =IF(E99="","",IFERROR(_xludf.XLOOKUP(E99,Countries!$A$2:$A$72,Countries!$B$2:$B$72,"???"),"???")) | G99: {=IF(E99="",0,IFERROR(XLOOKUP(E99,Countries!$A$2:$A$72,Countries!$E$2:$E$72,0),0))} -> 0 | H99: {=IF(E99="",0,IFERROR(XLOOKUP(E99,Medals!$B$2:$B$51,Medals!$D$2:$D$51,0),0))} -> 0 | I99: {=IF(E99="",0,IFERROR(XLOOKUP(E99,Medals!$B$2:$B$51,Medals!$E$2:$E$51,0),0))} -> 0 | J99: {=IF(E99="",0,IFERROR(XLOOKUP(E99,Medals!$B$2:$B$51,Medals!$F$2:$F$51,0),0))} -> 0 | K99: =H99*GoldPoints*G99 -> 0 | L99: =I99*SilverPoints*G99 -> 0 | M99: =J99*BronzePoints*G99 -> 0 | N99: =K99+L99+M99 -> 0 | O99: {=IF(E99="",FALSE,IFERROR(AND(ISNUMBER(MATCH(E99,Countries!$A$2:$A$72,0)),XLOOKUP(E99,Countries!$A$2:$A$72,Countries!$I$2:$I$72,FALSE)),FALSE))} -> FALSE | P99: {=IF(E99="",FALSE,IFERROR(XLOOKUP(E99,Countries!$A$2:$A$72,Countries!$G$2:$G$72,FALSE),FALSE))} -> FALSE | Q99: =IF(P99,"","⚪") -> ⚪
A100: {=IFERROR(IF(INDEX(Entries!$C$2:$C$48,13)="","",INDEX(Entries!$Q$2:$Q$48,13)),"")} | B100: {=IF(A100="","",IFERROR(INDEX(Entries!$E$2:$E$48,13),""))} | C100: =IF(A100="","","Tier2_Pick2") | D100: =IF(A100="","",2) | E100: {=IF(A100="","",IFERROR(INDEX(Entries!$N$2:$N$48,13),""))} | F100: =IF(E100="","",IFERROR(_xludf.XLOOKUP(E100,Countries!$A$2:$A$72,Countries!$B$2:$B$72,"???"),"???")) | G100: {=IF(E100="",0,IFERROR(XLOOKUP(E100,Countries!$A$2:$A$72,Countries!$E$2:$E$72,0),0))} -> 0 | H100: {=IF(E100="",0,IFERROR(XLOOKUP(E100,Medals!$B$2:$B$51,Medals!$D$2:$D$51,0),0))} -> 0 | I100: {=IF(E100="",0,IFERROR(XLOOKUP(E100,Medals!$B$2:$B$51,Medals!$E$2:$E$51,0),0))} -> 0 | J100: {=IF(E100="",0,IFERROR(XLOOKUP(E100,Medals!$B$2:$B$51,Medals!$F$2:$F$51,0),0))} -> 0 | K100: =H100*GoldPoints*G100 -> 0 | L100: =I100*SilverPoints*G100 -> 0 | M100: =J100*BronzePoints*G100 -> 0 | N100: =K100+L100+M100 -> 0 | O100: {=IF(E100="",FALSE,IFERROR(AND(ISNUMBER(MATCH(E100,Countries!$A$2:$A$72,0)),XLOOKUP(E100,Countries!$A$2:$A$72,Countries!$I$2:$I$72,FALSE)),FALSE))} -> FALSE | P100: {=IF(E100="",FALSE,IFERROR(XLOOKUP(E100,Countries!$A$2:$A$72,Countries!$G$2:$G$72,FALSE),FALSE))} -> FALSE | Q100: =IF(P100,"","⚪") -> ⚪
...

Sheet Countries
A1: CountryName | B1: IOC | C1: Tier | D1: TierName | E1: Multiplier | F1: PicksInTier | G1: HasMedaled | H1: MedalIndicator | I1: IsActive | J1: FormName
A2: Norway | B2: NOR | C2: 1 | D2: Elite | E2: 1 | F2: 1 | G2: TRUE | H2: =IF(G2,"","⚪") | I2: TRUE | J2: =IF(AND(C2=6,NOT(G2)),A2&" ⚪",A2) -> Norway
A3: Germany | B3: GER | C3: 1 | D3: Elite | E3: 1 | F3: 1 | G3: TRUE | H3: =IF(G3,"","⚪") | I3: TRUE | J3: =IF(AND(C3=6,NOT(G3)),A3&" ⚪",A3) -> Germany
A4: United States | B4: USA | C4: 1 | D4: Elite | E4: 1 | F4: 1 | G4: TRUE | H4: =IF(G4,"","⚪") | I4: TRUE | J4: =IF(AND(C4=6,NOT(G4)),A4&" ⚪",A4) -> United States
A5: Canada | B5: CAN | C5: 1 | D5: Elite | E5: 1 | F5: 1 | G5: TRUE | H5: =IF(G5,"","⚪") | I5: TRUE | J5: =IF(AND(C5=6,NOT(G5)),A5&" ⚪",A5) -> Canada
A6: Netherlands | B6: NED | C6: 2 | D6: Strong | E6: 2 | F6: 2 | G6: TRUE | H6: =IF(G6,"","⚪") | I6: TRUE | J6: =IF(AND(C6=6,NOT(G6)),A6&" ⚪",A6) -> Netherlands
A7: Austria | B7: AUT | C7: 2 | D7: Strong | E7: 2 | F7: 2 | G7: TRUE | H7: =IF(G7,"","⚪") | I7: TRUE | J7: =IF(AND(C7=6,NOT(G7)),A7&" ⚪",A7) -> Austria
A8: Sweden | B8: SWE | C8: 2 | D8: Strong | E8: 2 | F8: 2 | G8: TRUE | H8: =IF(G8,"","⚪") | I8: TRUE | J8: =IF(AND(C8=6,NOT(G8)),A8&" ⚪",A8) -> Sweden
A9: France | B9: FRA | C9: 2 | D9: Strong | E9: 2 | F9: 2 | G9: TRUE | H9: =IF(G9,"","⚪") | I9: TRUE | J9: =IF(AND(C9=6,NOT(G9)),A9&" ⚪",A9) -> France
A10: Switzerland | B10: SUI | C10: 2 | D10: Strong | E10: 2 | F10: 2 | G10: TRUE | H10: =IF(G10,"","⚪") | I10: TRUE | J10: =IF(AND(C10=6,NOT(G10)),A10&" ⚪",A10) -> Switzerland
A11: South Korea | B11: KOR | C11: 2 | D11: Strong | E11: 2 | F11: 2 | G11: TRUE | H11: =IF(G11,"","⚪") | I11: TRUE | J11: =IF(AND(C11=6,NOT(G11)),A11&" ⚪",A11) -> South Korea
A12: China | B12: CHN | C12: 3 | D12: Competitive | E12: 3 | F12: 1 | G12: TRUE | H12: =IF(G12,"","⚪") | I12: TRUE | J12: =IF(AND(C12=6,NOT(G12)),A12&" ⚪",A12) -> China
A13: Japan | B13: JPN | C13: 3 | D13: Competitive | E13: 3 | F13: 1 | G13: TRUE | H13: =IF(G13,"","⚪") | I13: TRUE | J13: =IF(AND(C13=6,NOT(G13)),A13&" ⚪",A13) -> Japan
... A72: Uzbekistan | B72: UZB | C72: 6 | D72: Wildcard | E72: 20 | F72: 2 | G72: FALSE | H72: =IF(G72,"","⚪") -> ⚪ | I72: TRUE | J72: =IF(AND(C72=6,NOT(G72)),A72&" ⚪",A72) -> Uzbekistan ⚪

Sheet Aliases
A1: WikipediaName | B1: CanonicalName | C1: IOC | D1: Exclude
A2: United States | B2: United States | C2: USA | D2: FALSE
A3: USA | B3: United States | C3: USA | D3: FALSE
A4: United States of America | B4: United States | C4: USA | D4: FALSE
A5: Germany | B5: Germany | C5: GER | D5: FALSE
A6: Norway | B6: Norway | C6: NOR | D6: FALSE
A7: Canada | B7: Canada | C7: CAN | D7: FALSE
A8: Netherlands | B8: Netherlands | C8: NED | D8: FALSE
A9: The Netherlands | B9: Netherlands | C9: NED | D9: FALSE
A10: Holland | B10: Netherlands | C10: NED | D10: FALSE
A11: Austria | B11: Austria | C11: AUT | D11: FALSE
A12: Sweden | B12: Sweden | C12: SWE | D12: FALSE
A13: France | B13: France | C13: FRA | D13: FALSE
... A50: Neutral Athletes | B50: *EXCLUDED* | C50: AIN | D50: TRUE

Sheet MedalImport
A1: PASTE WIKIPEDIA MEDAL TABLE STARTING IN CELL A2
A2: Rank | B2: Country | C2: Gold | D2: Silver | E2: Bronze | F2: Total
A3: 1 | B3: Norway | C3: 10 | D3: 8 | E3: 6 | F3: =C3+D3+E3 -> 24
A4: 2 | B4: Germany | C4: 8 | D4: 7 | E4: 5 | F4: =C4+D4+E4 -> 20
A5: 3 | B5: United States | C5: 6 | D5: 8 | E5: 7 | F5: =C5+D5+E5 -> 21
A6: 4 | B6: Canada | C6: 5 | D6: 6 | E6: 8 | F6: =C6+D6+E6 -> 19
A7: 5 | B7: Netherlands | C7: 7 | D7: 5 | E7: 3 | F7: =C7+D7+E7 -> 15
A8: 6 | B8: France | C8: 3 | D8: 4 | E8: 2 | F8: =C8+D8+E8 -> 9
A9: 7 | B9: Switzerland | C9: 4 | D9: 3 | E9: 5 | F9: =C9+D9+E9 -> 12
A10: 8 | B10: Austria | C10: 3 | D10: 5 | E10: 4 | F10: =C10+D10+E10 -> 12
A11: 9 | B11: Sweden | C11: 4 | D11: 3 | E11: 3 | F11: =C11+D11+E11 -> 10
A12: 10 | B12: South Korea | C12: 2 | D12: 3 | E12: 2 | F12: =C12+D12+E12 -> 7
A13: 11 | B13: China | C13: 3 | D13: 2 | E13: 4 | F13: =C13+D13+E13 -> 9
A14: 12 | B14: Japan | C14: 2 | D14: 4 | E14: 3 | F14: =C14+D14+E14 -> 9
... A22: 20 | B22: Hungary | C22: 1 | D22: 0 | E22: 0 | F22: =C22+D22+E22 -> 1

Sheet Config
A1: Setting | B1: Value | C1: Description
A2: League Name | B2: My League | C2: Change this for each league copy
A3: Pick Deadline | B3: 2/6/2026 11:59 PM | C3: For reference only
A4: Gold Points | B4: 3 | C4: Base points for gold medal
A5: Silver Points | B5: 2 | C5: Base points for silver medal
A6: Bronze Points | B6: 1 | C6: Base points for bronze medal

Sheet Instructions
A1: 🏔️ WINTER OLYMPICS POOL - ADMIN INSTRUCTIONS
A3: =Config!B2 -> My League
A4: February 6, 2026 at 11:59 PM CT
A6: ═══════════════════════════════════════════════════════════════
A7: 📋 SETUP CHECKLIST (Do Once Per League)
A8: ═══════════════════════════════════════════════════════════════
A10: □ 1. Copy this template workbook for your league
A11: □ 2. Rename file (e.g., 'Olympics_Pool_Family_2026.xlsx')
A12: □ 3. Update Config sheet cell B2 with your league name
A13: □ 4. Upload to OneDrive/SharePoint
A14: □ 5. Create Google Form (see Form Setup section below)
A15: □ 6. Share Form with players before deadline
A16: □ 7. Share Excel view link with players
A18: ═══════════════════════════════════════════════════════════════
... A107: 4. Co-champions if still tied
